B_mT,B_G,Derivative_au,Derivative_normalized,Absorption_au,Absorption_normalized,Cu63_weighted,Cu65_weighted
275,2750,-1.72296555286342e-18,-1.57326747531294e-15,-6.93974093685448e-18,-4.50396499471589e-17,-1.17007247791742e-15,-4.0319499739552e-16
275.018315018315,2750.18315018315,3.02481570718368e-18,2.76200772732746e-15,-2.58505349897829e-19,-1.67772696053167e-18,2.19896619250294e-15,5.63041534824513e-16
275.03663003663,2750.3663003663,2.45663691865441e-18,2.24319456436536e-15,6.93974093685448e-18,4.50396499471589e-17,1.23210557089659e-15,1.01108899346877e-15
275.054945054945,2750.54945054945,8.36078700745804e-19,7.63436868775021e-16,1.04096114052817e-17,6.75594749207383e-17,1.1337082509986e-15,-3.70271382223578e-16
275.07326007326,2750.7326007326,2.27713104485492e-19,2.07928487249309e-16,5.86928589734468e-18,3.80922839428096e-17,7.51883868350957e-16,-5.43955381101648e-16
275.091575091575,2750.91575091575,-2.55191310669468e-18,-2.33019277948721e-15,6.93974093685448e-18,4.50396499471589e-17,-2.38506547144045e-15,5.48726919532365e-17
275.10989010989,2751.0989010989,-7.37047227026303e-19,-6.73009642080751e-16,-2.39941542891744e-18,-1.55724589692302e-17,1.52943660276226e-16,-8.25953302356977e-16
275.128205128205,2751.28205128205,1.35161488847132e-18,1.2341812287812e-15,3.9868811682229e-18,2.58752788946428e-17,1.94227753189949e-15,-7.08096303118286e-16
275.14652014652,2751.4652014652,-2.61741717983149e-18,-2.39000559907342e-15,-1.04096114052817e-17,-6.75594749207383e-17,-2.46635021396488e-15,7.63446148914594e-17
275.164835164835,2751.64835164835,-1.94225255513361e-18,-1.77350195351084e-15,0,0,-1.71767495387146e-15,-5.58269996393797e-17
275.18315018315,2751.8315018315,1.24179776677596e-18,1.13390545396454e-15,4.54032550793704e-18,2.94671909779287e-17,7.98943456128258e-16,3.34961997836278e-16
275.201465201465,2752.01465201465,6.46328366960756e-19,5.90172796212652e-16,2.58505349897829e-19,1.67772696053167e-18,-1.39039691160206e-17,6.04076765328673e-16
275.21978021978,2752.1978021978,2.60789091611476e-19,2.38130701491317e-16,-1.3067532184097e-17,-8.48096608505002e-17,-3.95728351763662e-17,2.77703536667684e-16
275.238095238095,2752.38095238095,1.70839074202584e-18,1.55995898181956e-15,0,0,5.59367372898365e-16,1.00059160892119e-15
275.25641025641,2752.5641025641,4.07847145941339e-18,3.72411769081713e-15,2.95285976863158e-18,1.91643710525161e-17,2.5946945442666e-15,1.12942314655053e-15
275.274725274725,2752.74725274725,1.35001842624639e-18,1.23272347352319e-15,5.86928589734468e-18,3.80922839428096e-17,1.41499624157655e-15,-1.82272768053359e-16
275.29304029304,2752.9304029304,-2.82698312458562e-18,-2.58136362376925e-15,-2.58505349897829e-19,-1.67772696053167e-18,-1.8642013976326e-15,-7.17162226136647e-16
275.311355311355,2753.11355311355,-1.01657717599231e-18,-9.28252920945632e-16,5.86928589734468e-18,3.80922839428096e-17,-1.14440361185708e-15,2.16150690911444e-16
275.32967032967,2753.2967032967,-5.76199211484235e-19,-5.26136739775533e-16,2.14091007901961e-18,1.38947320086985e-17,-1.17648969443251e-17,-5.14371842831208e-16
275.347985347985,2753.47985347985,-2.15758100862962e-18,-1.97012181734486e-15,-5.86928589734468e-18,-3.80922839428096e-17,-1.70911866518468e-15,-2.61003152160177e-16
275.3663003663,2753.663003663,-4.4209723151953e-21,-4.03686071447945e-18,-8.52720667615995e-18,-5.53424698725715e-17,-1.10483077668071e-15,1.10079391596623e-15
275.384615384615,2753.84615384615,1.62178541884437e-20,1.48087827244384e-17,4.02331480814139e-18,2.61117370568654e-17,3.41182011385427e-16,-3.26373228660989e-16
275.40293040293,2754.0293040293,5.52170125942717e-19,5.04195396443883e-16,3.46987046842724e-18,2.25198249735794e-17,2.1465589242964e-15,-1.64236352785252e-15
275.421245421245,2754.21245421245,2.77383321297405e-18,2.53283158717962e-15,4.79883085783487e-18,3.11449179384604e-17,1.9850589753334e-15,5.47772611846221e-16
275.43956043956,2754.3956043956,6.47145653988374e-19,5.90919074103356e-16,4.79883085783487e-18,3.11449179384604e-17,7.63648765295283e-16,-1.72729691191927e-16
275.457875457875,2754.57875457875,-2.80595386355377e-19,-2.56216146830171e-16,6.93974093685448e-18,4.50396499471589e-17,3.10165464895843e-16,-5.66381611726015e-16
275.47619047619,2754.7619047619,6.40527746388577e-19,5.84876156551068e-16,1.33260375339948e-17,8.64873878110318e-17,-3.15513145325082e-16,9.0038930187615e-16
275.494505494506,2754.94505494506,-3.08310902202709e-18,-2.81523628788625e-15,3.21136511852941e-18,2.08420980130478e-17,-2.88346928744549e-15,6.82329995592418e-17
275.51282051282,2755.12820512821,-2.11889157236473e-18,-1.93479387267841e-15,-8.26870132626212e-18,-5.36647429120398e-17,-1.33692010730967e-15,-5.97873765368742e-16
275.531135531136,2755.31135531136,2.71434233972956e-18,2.47850951684108e-15,-7.19824628675231e-18,-4.67173769076905e-17,1.80858552116852e-15,6.69923995672556e-16
275.549450549451,2755.49450549451,1.61115475897841e-18,1.47117124644994e-15,0,0,1.13477778708445e-15,3.36393459365493e-16
275.567765567766,2755.67765567766,1.6460838279867e-19,1.50306553947419e-16,2.58505349897829e-19,1.67772696053167e-18,6.20330929791686e-17,8.827346096825e-17
275.586080586081,2755.86080586081,2.87197541065314e-18,2.6224468016612e-15,-1.0704550395098e-18,-6.94736600434926e-18,2.16581057384166e-15,4.56636227819542e-16
275.604395604396,2756.04395604396,-1.39460333919444e-18,-1.27343467248724e-15,1.0704550395098e-18,6.94736600434926e-18,-5.26211754237086e-16,-7.47222918250159e-16
275.622710622711,2756.22710622711,-2.31787936688576e-18,-2.11649281876814e-15,-4.79883085783487e-18,-3.11449179384604e-17,-1.70804912909883e-15,-4.08443689669308e-16
275.641025641026,2756.41025641026,4.20341304923228e-19,3.83820386000912e-16,1.32896038940763e-18,8.62509296488092e-18,-1.75403918079028e-16,5.5922430407994e-16
275.659340659341,2756.59340659341,1.62570162114044e-18,1.4844542195595e-15,-4.79883085783487e-18,-3.11449179384604e-17,1.56366175750939e-15,-7.92075379498891e-17
275.677655677656,2756.77655677656,2.78660152305526e-19,2.54449053586381e-16,-3.21136511852941e-18,-2.08420980130478e-17,-4.41718403455114e-16,6.96167457041495e-16
275.695970695971,2756.95970695971,-1.82410418733392e-18,-1.66561878427879e-15,-1.58746573930546e-18,-1.03028199254126e-17,-2.10698608912004e-15,4.4136730484125e-16
275.714285714286,2757.14285714286,-4.03062163300268e-18,-3.68042524701509e-15,-5.17010699795659e-19,-3.35545392106334e-18,-2.10056887260495e-15,-1.57985637441014e-15
275.732600732601,2757.32600732601,-7.71740002686714e-19,-7.04688171859912e-16,-2.58505349897829e-19,-1.67772696053167e-18,4.49205156056049e-17,-7.49608687465517e-16
275.750915750916,2757.50915750916,3.78131013081947e-18,3.45277491648213e-15,-3.72837581832507e-18,-2.41975519341111e-17,2.45886346136394e-15,9.93911455118187e-16
275.769230769231,2757.69230769231,3.64308360388638e-18,3.32655805817763e-15,2.14091007901961e-18,1.38947320086985e-17,2.42998598704605e-15,8.96572071131577e-16
275.787545787546,2757.87545787546,1.62663070287028e-18,1.48530257898551e-15,1.3879481873709e-17,9.00792998943178e-17,1.74869150036105e-15,-2.63388921375535e-16
275.805860805861,2758.05860805861,5.59786563496463e-19,5.11150087709269e-16,9.59766171566975e-18,6.22898358769207e-17,7.23006394033069e-16,-2.118563063238e-16
275.824175824176,2758.24175824176,-4.61791223403477e-18,-4.21668971244519e-15,1.14800664447915e-17,7.45068409250876e-17,-3.93803186809136e-15,-2.78657844353827e-16
275.842490842491,2758.42490842491,-5.37630716760836e-18,-4.90919228770011e-15,9.08065101587409e-18,5.89343819558574e-17,-4.02359475495918e-15,-8.85597532740929e-16
275.860805860806,2758.60805860806,2.53300963886419e-18,2.31293171988047e-15,2.14091007901961e-18,1.38947320086985e-17,1.37007572597095e-15,9.42855993909524e-16
275.879120879121,2758.79120879121,3.89305147648038e-18,3.55480773105805e-15,1.49499369132188e-17,9.7026665898667e-17,3.20219104102812e-15,3.52616690029928e-16
275.897435897436,2758.97435897436,-1.56098688635569e-18,-1.42536215748017e-15,2.14091007901961e-18,1.38947320086985e-17,-7.58301084866044e-16,-6.67061072614127e-16
275.915750915751,2759.15750915751,-7.72808827794334e-19,-7.05664133205061e-16,5.61078054744685e-18,3.64145569822779e-17,-1.70911866518468e-15,1.00345453197962e-15
275.934065934066,2759.34065934066,5.24221450386885e-18,4.78675012616714e-15,-7.71525698654797e-18,-5.00728308287539e-17,3.47171413466175e-15,1.31503599150539e-15
275.952380952381,2759.52380952381,3.18883716779568e-18,2.9117783532145e-15,6.42273023705882e-18,4.16841960260955e-17,3.06208181378206e-15,-1.50303460567561e-16
275.970695970696,2759.70695970696,-2.73141982742373e-18,-2.49410324470444e-15,9.08065101587409e-18,5.89343819558574e-17,-1.7230226343007e-15,-7.7108061040374e-16
275.989010989011,2759.89010989011,-3.81603593673281e-18,-3.48448360671491e-15,4.54032550793704e-18,2.94671909779287e-17,-2.18185361512938e-15,-1.30262999158553e-15
276.007326007326,2760.07326007326,-1.25407824542928e-18,-1.1451189559492e-15,5.61078054744685e-18,3.64145569822779e-17,-6.41721651508641e-16,-5.03397304440561e-16
276.025641025641,2760.25641025641,-1.03497841459236e-18,-9.45055386988447e-16,-3.21136511852941e-18,-2.08420980130478e-17,-1.21178438526548e-15,2.66728998277036e-16
276.043956043956,2760.43956043956,1.58138687872276e-20,1.44398971763911e-17,-9.33915636577192e-18,-6.0612108916389e-17,-1.2727479421588e-16,1.41714691392272e-16
276.062271062271,2760.62271062271,3.42959891604749e-19,3.13162176633124e-16,-1.0704550395098e-18,-6.94736600434926e-18,6.83433558856703e-16,-3.70271382223578e-16
276.080586080586,2760.80586080586,-1.74519491308506e-18,-1.59356546059512e-15,2.58505349897829e-19,1.67772696053167e-18,-1.38504923117282e-15,-2.08516229422299e-16
276.098901098901,2760.98901098901,-3.04887951683725e-18,-2.78398077780265e-15,-3.46987046842724e-18,-2.25198249735794e-17,-2.34977078060747e-15,-4.34209997195175e-16
276.117216117216,2761.17216117216,1.82326996171506e-19,1.66485703948879e-16,-1.06681167551796e-17,-6.923720188127e-17,-4.91986599489958e-16,6.58472303438837e-16
276.135531135531,2761.35531135531,2.31960032775635e-18,2.11806425573592e-15,6.68123558695665e-18,4.33619229866272e-17,8.85575879081925e-16,1.232488376654e-15
276.153846153846,2761.53846153846,3.28891036487681e-18,3.00315679421506e-15,-7.19824628675231e-18,-4.67173769076905e-17,2.96689310214162e-15,3.62636920734432e-17
276.172161172161,2761.72161172161,1.17173721259398e-18,1.06993203846954e-15,5.86928589734468e-18,3.80922839428096e-17,1.75083057253274e-15,-6.80898534063204e-16
276.190476190476,2761.90476190476,-9.66442333622518e-19,-8.82473992429477e-16,5.86928589734468e-18,3.80922839428096e-17,-1.04279768370154e-15,1.60323691272065e-16
276.208791208791,2762.08791208791,-9.6888657233931e-19,-8.84705865996907e-16,6.68123558695665e-18,4.33619229866272e-17,-2.66314485376086e-16,-6.18391380620821e-16
276.227106227106,2762.27106227106,-3.19834479906204e-20,-2.92045992378553e-17,1.04096114052817e-17,6.75594749207383e-17,3.4011247529958e-16,-3.69317074537435e-16
276.245421245421,2762.45421245421,1.42926477846105e-18,1.30508458850272e-15,-7.19824628675231e-18,-4.67173769076905e-17,-2.69523093633629e-16,1.57460768213635e-15
276.263736263736,2762.63736263736,2.84965204125009e-18,2.60206297508798e-15,1.0704550395098e-18,6.94736600434926e-18,1.21927113786642e-15,1.38279183722156e-15
276.282051282051,2762.82051282051,-7.56833195460707e-20,-6.91076527140457e-17,8.11949689611975e-19,5.26963904381759e-18,6.07496496761513e-16,-6.76604149475559e-16
276.300366300366,2763.00366300366,-3.84572081789135e-18,-3.51158934771922e-15,2.39941542891744e-18,1.55724589692302e-17,-2.6460322763873e-15,-8.65557071331921e-16
276.318681318681,2763.18681318681,-1.25992460019782e-18,-1.15045735623887e-15,-6.12779124724251e-18,-3.97700109033413e-17,1.98933711967679e-16,-1.34939106820655e-15
276.336996336996,2763.36996336996,-8.40154125799581e-20,-7.67158204744e-17,3.72837581832507e-18,2.41975519341111e-17,4.74874022116394e-16,-5.51589842590794e-16
276.355311355311,2763.55311355311,-2.43348779292812e-18,-2.22205672645178e-15,-3.46987046842724e-18,-2.25198249735794e-17,-2.65244949290238e-15,4.30392766450602e-16
276.373626373626,2763.73626373626,2.04909187248794e-18,1.87105864743247e-15,-6.93974093685448e-18,-4.50396499471589e-17,1.78612526336572e-15,8.49333840667486e-17
276.391941391941,2763.91941391941,3.47320901306934e-18,3.1714428452412e-15,8.26870132626212e-18,5.36647429120398e-17,2.94336330825297e-15,2.28079536988235e-16
276.410256410256,2764.10256410256,-1.33394116236529e-18,-1.21804306606286e-15,6.68123558695665e-18,4.33619229866272e-17,-1.66847629392247e-15,4.50433227859611e-16
276.428571428571,2764.28571428571,1.30422071016513e-19,1.19090484457004e-16,0,0,-1.06953608584773e-17,1.29785845315481e-16
276.446886446886,2764.46886446886,-1.66109988912625e-19,-1.51677694569406e-16,4.54032550793704e-18,2.94671909779287e-17,-8.32099074789538e-16,6.80421380220132e-16
276.465201465201,2764.65201465201,-1.39021116248437e-18,-1.26942410550156e-15,8.11949689611975e-19,5.26963904381759e-18,-1.26846979781541e-15,-9.54307686143243e-19
276.483516483516,2764.83516483516,9.84843572222566e-19,8.99276458472292e-16,3.21136511852941e-18,2.08420980130478e-17,1.11017845710995e-15,-2.10901998637657e-16
276.501831501831,2765.01831501831,2.91717773525211e-18,2.66372176910435e-15,6.12779124724251e-18,3.97700109033413e-17,3.01395268991892e-15,-3.5023092081457e-16
276.520146520147,2765.20146520146,-2.62829344927052e-19,-2.39993689510701e-16,5.0573362077327e-18,3.2822644898992e-17,6.24609074135077e-16,-8.64602763645778e-16
276.538461538462,2765.38461538462,-1.24821495206949e-18,-1.13976508876025e-15,-2.69435441873375e-18,-1.74866440919844e-17,-1.17221155008912e-15,3.24464613288703e-17
276.556776556777,2765.56776556777,-9.53534280163535e-19,-8.70687441826147e-16,-3.46987046842724e-18,-2.25198249735794e-17,-1.91660866583914e-15,1.04592122401299e-15
276.575091575092,2765.75091575092,-8.00693983632995e-19,-7.31126516159895e-16,-2.39941542891744e-18,-1.55724589692302e-17,-1.22354928220981e-15,4.92422766049913e-16
276.593406593407,2765.93406593407,1.26045308424469e-18,1.15093992349669e-15,-6.38629659714034e-18,-4.1447737863873e-17,1.559383613166e-15,-4.08443689669308e-16
276.611721611722,2766.11721611722,8.12429039648195e-19,7.41841983987449e-16,1.0704550395098e-18,6.94736600434926e-18,9.7755598246483e-16,-2.35713998477381e-16
276.630036630037,2766.30036630037,-2.63683727469498e-18,-2.40773839910848e-15,-6.12779124724251e-18,-3.97700109033413e-17,-2.38292639926875e-15,-2.48119998397243e-17
276.648351648352,2766.48351648352,2.8390264629615e-19,2.59236058916387e-16,-9.33915636577192e-18,-6.0612108916389e-17,5.28350826408781e-16,-2.69114767492394e-16
276.666666666667,2766.66666666667,1.0249609317295e-18,9.35908262748818e-16,3.46987046842724e-18,2.25198249735794e-17,5.73271342014386e-16,3.62636920734432e-16
276.684981684982,2766.84981684982,-2.3005791367167e-18,-2.10069570117912e-15,-6.93974093685448e-18,-4.50396499471589e-17,-2.00431062487866e-15,-9.63850763004675e-17
276.703296703297,2767.03296703297,3.66618868927542e-20,3.34765568215305e-17,-7.19824628675231e-18,-4.67173769076905e-17,8.59907013021579e-16,-8.26430456200048e-16
276.721611721612,2767.21611721612,2.24456660318456e-18,2.04954975860962e-15,9.59766171566975e-18,6.22898358769207e-17,1.8396020676581e-15,2.09947690951513e-16
276.739926739927,2767.39926739927,-1.33908033094931e-19,-1.2227357233072e-16,1.41379872236068e-17,9.17570268548494e-17,-4.70595877773003e-16,3.48322305442284e-16
276.758241758242,2767.58241758242,-1.48556357418524e-18,-1.35649192167021e-15,1.32896038940763e-18,8.62509296488092e-18,-5.17655465550304e-16,-8.3883645611991e-16
276.776556776557,2767.76556776557,-1.40823721128832e-18,-1.28588397972512e-15,3.72837581832507e-18,2.41975519341111e-17,-1.39467505594545e-15,1.0879107622033e-16
276.794871794872,2767.94871794872,-1.19275800433022e-18,-1.08912646048743e-15,1.0704550395098e-18,6.94736600434926e-18,-1.94227753189949e-15,8.53151071412059e-16
276.813186813187,2768.13186813187,1.26548553970387e-18,1.15553513927551e-15,-9.59766171566975e-18,-6.22898358769207e-17,6.63112373225596e-16,4.92422766049913e-16
276.831501831502,2768.31501831502,1.87460405634506e-18,1.71173102447463e-15,-9.33915636577192e-18,-6.0612108916389e-17,1.96366825361644e-15,-2.51937229141816e-16
276.849816849817,2768.49816849817,9.41277515537958e-20,8.59495593500486e-17,4.79883085783487e-18,3.11449179384604e-17,-7.91456703527324e-17,1.65095229702781e-16
276.868131868132,2768.68131868132,-1.20746239539084e-18,-1.10255327576038e-15,2.14091007901961e-18,1.38947320086985e-17,-1.29627773604745e-15,1.93724460287078e-16
276.886446886447,2768.86446886447,1.3769702657074e-18,1.25733363032719e-15,1.88240472912178e-18,1.22170050481668e-17,9.96807632010089e-16,2.60525998317105e-16
276.904761904762,2769.04761904762,3.7407354293489e-18,3.41572550592479e-15,4.54032550793704e-18,2.94671909779287e-17,3.20005196885642e-15,2.15673537068373e-16
276.923076923077,2769.23076923077,1.16458235165169e-18,1.06339882020978e-15,-2.39941542891744e-18,-1.55724589692302e-17,7.37979899234937e-16,3.25418920974846e-16
276.941391941392,2769.41391941392,-2.97346806168068e-18,-2.71512136882219e-15,-5.61078054744685e-18,-3.64145569822779e-17,-2.98614475168688e-15,2.71023382864681e-16
276.959706959707,2769.59706959707,-4.06064782677483e-18,-3.70784264604008e-15,1.36209765238111e-17,8.84015729337861e-17,-2.54549588431761e-15,-1.16234676172247e-15
276.978021978022,2769.78021978022,-1.82192164985188e-18,-1.66362587430538e-15,0,0,5.73271342014386e-16,-2.23689721631976e-15
276.996336996337,2769.96336996337,2.69257540304894e-19,2.4586337779095e-16,2.39941542891744e-18,1.55724589692302e-17,2.80218454492107e-16,-3.43550767011567e-17
277.014652014652,2770.14652014652,4.82184948491787e-18,4.40290808650722e-15,-2.65792077881527e-18,-1.72501859297618e-17,1.89307887195049e-15,2.50982921455673e-15
277.032967032967,2770.32967032967,5.30593579027702e-18,4.84493505460315e-15,3.21136511852941e-18,2.08420980130478e-17,2.91341629784923e-15,1.93151875675392e-15
277.051282051282,2770.51282051282,-2.01537052503548e-18,-1.84026714432754e-15,5.61078054744685e-18,3.64145569822779e-17,-6.58834228882205e-16,-1.18143291544533e-15
277.069597069597,2770.69597069597,-2.52477663658909e-18,-2.30541403348096e-15,-1.0704550395098e-18,-6.94736600434926e-18,-7.42258043578328e-16,-1.56315598990263e-15
277.087912087912,2770.87912087912,2.30562344918974e-18,2.10530174378744e-15,2.14091007901961e-18,1.38947320086985e-17,1.9850589753334e-15,1.20242768454049e-16
277.106227106227,2771.06227106227,4.03214695314438e-19,3.68181804129608e-16,1.41379872236068e-17,9.17570268548494e-17,-3.29417114441102e-16,6.9759891857071e-16
277.124542124542,2771.24542124542,-1.47671654797748e-18,-1.34841356017147e-15,6.93974093685448e-18,4.50396499471589e-17,-1.51446309756039e-15,1.66049537388924e-16
277.142857142857,2771.42857142857,-3.03638984658204e-18,-2.77257625961176e-15,4.54032550793704e-18,2.94671909779287e-17,-9.86112271151611e-16,-1.78646398846015e-15
277.161172161172,2771.61172161172,-1.06661631532156e-18,-9.73944461480803e-16,-3.9868811682229e-18,-2.58752788946428e-17,-4.83430310803176e-16,-4.90514150677627e-16
277.179487179487,2771.79487179487,2.94030399388022e-18,2.68483872670388e-15,1.28090268341992e-17,8.31319338899685e-17,8.44933507819711e-16,1.83990521888417e-15
277.197802197802,2771.97802197802,1.40883853127755e-18,1.28643305464988e-15,4.79883085783487e-18,3.11449179384604e-17,1.18718505529099e-15,9.92479993588973e-17
277.216117216117,2772.16117216117,-1.0512276051746e-18,-9.59892783476571e-16,-5.86928589734468e-18,-3.80922839428096e-17,-4.7701309428809e-16,-4.82879689188481e-16
277.234432234432,2772.34432234432,-1.5229555143607e-18,-1.39063510185111e-15,-3.9868811682229e-18,-2.58752788946428e-17,-2.20752248118972e-15,8.16887379338616e-16
277.252747252747,2772.52747252747,1.4641430316956e-18,1.3369324808291e-15,3.21136511852941e-18,2.08420980130478e-17,1.58505247922634e-15,-2.48119998397243e-16
277.271062271062,2772.71062271062,5.45904541040837e-18,4.9847419039681e-15,1.04096114052817e-17,6.75594749207383e-17,5.2385877484822e-15,-2.53845844514103e-16
277.289377289377,2772.89377289377,1.37794254084492e-18,1.25822143034639e-15,2.32186382394809e-17,1.50691408810707e-16,3.22999897926016e-16,9.35221532420378e-16
277.307692307692,2773.07692307692,-2.92008609136904e-18,-2.6663774357123e-15,5.53444339714145e-19,3.59191208328592e-18,-2.81715805012293e-15,1.50780614410632e-16
277.326007326007,2773.26007326007,-1.97574438467469e-18,-1.8040838801304e-15,1.17385717946894e-17,7.61845678856192e-17,-9.51887116404484e-16,-8.52196763725916e-16
277.344322344322,2773.44322344322,-9.44046975206673e-19,-8.62024431534269e-16,8.26870132626212e-18,5.36647429120398e-17,-4.27814434339094e-16,-4.34209997195175e-16
277.362637362637,2773.62637362637,-1.63280566630899e-18,-1.49094103712139e-15,1.09266221050774e-17,7.09149288418017e-17,-9.86112271151611e-16,-5.04828765969775e-16
277.380952380952,2773.80952380952,-1.33244717861739e-18,-1.21667888554555e-15,-1.0704550395098e-18,-6.94736600434926e-18,-7.080328888312e-16,-5.08645996714348e-16
277.399267399267,2773.99267399267,1.45656131825391e-18,1.33000949670726e-15,1.32896038940763e-18,8.62509296488092e-18,1.49735052018683e-17,1.31503599150539e-15
277.417582417582,2774.17582417582,3.92446155315732e-18,3.58348877575496e-15,-4.79883085783487e-18,-3.11449179384604e-17,1.93158217104101e-15,1.65190660471395e-15
277.435897435897,2774.35897435897,1.35344086860764e-18,1.23584856052458e-15,1.62788973026264e-17,1.05651758863548e-16,1.06311886933265e-15,1.72729691191927e-16
277.454212454212,2774.54212454212,-1.56411629108838e-18,-1.42821966712385e-15,8.01019597636429e-18,5.19870159515081e-17,-9.79695054636525e-16,-4.48524612487324e-16
277.472527472527,2774.72527472527,-4.14005763639501e-18,-3.78035301659775e-15,4.28182015803922e-18,2.7789464017397e-17,-2.86421763790023e-15,-9.16135378697513e-16
277.490842490843,2774.90842490843,-2.9137764661299e-20,-2.66061601572706e-17,-1.58746573930546e-18,-1.03028199254126e-17,9.75416910293134e-16,-1.0020230704504e-15
277.509157509157,2775.09157509157,2.08600953210851e-18,1.90476875443326e-15,9.33915636577192e-18,6.0612108916389e-17,1.39039691160206e-15,5.14371842831208e-16
277.527472527473,2775.27472527473,-9.66178938528643e-19,-8.8223348214553e-16,4.79883085783487e-18,3.11449179384604e-17,-1.82890670679963e-15,9.46673224654097e-16
277.545787545788,2775.45787545788,-2.7754000326643e-18,-2.53426227536387e-15,8.82214566597626e-18,5.72566549953257e-17,-2.29950258457263e-15,-2.34759690791238e-16
277.564102564103,2775.64102564103,3.05579300285429e-18,2.79029359274753e-15,4.28182015803922e-18,2.7789464017397e-17,3.23213805143185e-15,-4.41844458684321e-16
277.582417582418,2775.82417582418,3.12107772123447e-18,2.84990611598794e-15,6.93974093685448e-18,4.50396499471589e-17,2.9262507308794e-15,-7.63446148914594e-17
277.600732600733,2776.00732600733,2.81775836779307e-18,2.57294035041635e-15,-2.58505349897829e-19,-1.67772696053167e-18,2.54335681214591e-15,2.95835382704405e-17
277.619047619048,2776.19047619048,-8.4003555566086e-20,-7.67049936448976e-17,1.17385717946894e-17,7.61845678856192e-17,-1.28772144736067e-15,1.21101645371578e-15
277.637362637363,2776.37362637363,-1.66081023921594e-18,-1.51651246171621e-15,4.28182015803922e-18,2.7789464017397e-17,-2.35725753320841e-15,8.40745071492197e-16
277.655677655678,2776.55677655678,-2.41765867940877e-18,-2.20760290906603e-15,-5.17010699795659e-19,-3.35545392106334e-18,-1.1807678387759e-15,-1.02683507029013e-15
277.673992673993,2776.73992673993,-1.09265431778485e-18,-9.97720179068151e-16,2.58505349897829e-19,1.67772696053167e-18,5.0054288817674e-16,-1.49826306724489e-15
277.692307692308,2776.92307692308,-2.69840905387404e-18,-2.4639605780247e-15,2.39941542891744e-18,1.55724589692302e-17,-1.39895320028884e-15,-1.06500737773586e-15
277.710622710623,2777.10622710623,-1.26332417546088e-18,-1.15356156292621e-15,8.01019597636429e-18,5.19870159515081e-17,-6.80224950599159e-16,-4.73336612327048e-16
277.728937728938,2777.28937728938,1.27423770980066e-18,1.16352688613823e-15,2.39941542891744e-18,1.55724589692302e-17,5.68993197670995e-16,5.9453368846724e-16
277.747252747253,2777.47252747253,4.30130624962005e-18,3.92759171107115e-15,1.52084422631166e-17,9.87043928591987e-17,3.10593279330182e-15,8.21658917769332e-16
277.765567765568,2777.65567765568,-5.58295967466824e-21,-5.09789000571824e-18,1.52084422631166e-17,9.87043928591987e-17,-6.05357424589818e-16,6.002595345841e-16
277.783882783883,2777.83882783883,-7.02511133334917e-20,-6.41474181120014e-17,8.01019597636429e-18,5.19870159515081e-17,-8.8771495125362e-16,8.23567533141618e-16
277.802197802198,2778.02197802198,-9.27160893593576e-19,-8.46605479632872e-16,4.54032550793704e-18,2.94671909779287e-17,-7.18728249689678e-16,-1.27877229943195e-16
277.820512820513,2778.20512820513,-1.52399046228583e-18,-1.39158012939768e-15,9.08065101587409e-18,5.89343819558574e-17,-7.01615672316114e-16,-6.89964457081564e-16
277.838827838828,2778.38827838828,-1.38103722146555e-19,-1.26104723284653e-16,1.32896038940763e-18,8.62509296488092e-18,-8.98410312112097e-17,-3.62636920734432e-17
277.857142857143,2778.57142857143,8.41495662226261e-19,7.68383183167705e-16,4.54032550793704e-18,2.94671909779287e-17,1.33905917948136e-15,-5.70675996313659e-16
277.875457875458,2778.75457875458,-2.05194263739463e-18,-1.87366172658284e-15,9.08065101587409e-18,5.89343819558574e-17,-1.85457557285997e-15,-1.90861537228649e-17
277.893772893773,2778.93772893773,4.06776881053463e-19,3.71434493050126e-16,-5.0573362077327e-18,-3.2822644898992e-17,-4.32092578682485e-16,8.0352707173261e-16
277.912087912088,2779.12087912088,-5.31863295827499e-19,-4.85652904231033e-16,2.95285976863158e-18,1.91643710525161e-17,4.79152166459785e-16,-9.64805070690818e-16
277.930402930403,2779.30402930403,-2.10710654750535e-18,-1.92403277749795e-15,-2.39941542891744e-18,-1.55724589692302e-17,-3.37973403127884e-16,-1.58605937437007e-15
277.948717948718,2779.48717948718,5.9178356236008e-19,5.40367060466555e-16,5.61078054744685e-18,3.64145569822779e-17,-6.88781239285941e-16,1.2291482997525e-15
277.967032967033,2779.67032967033,4.86439414455035e-18,4.44175629745189e-15,-2.14091007901961e-18,-1.38947320086985e-17,2.90913815350584e-15,1.53261814394605e-15
277.985347985348,2779.85347985348,1.62487163016939e-18,1.48369634149433e-15,-2.39941542891744e-18,-1.55724589692302e-17,2.20324433684633e-15,-7.19547995352005e-16
278.003663003663,2780.03663003663,-2.30376359187094e-18,-2.10360347824549e-15,9.59766171566975e-18,6.22898358769207e-17,-9.24079178172443e-16,-1.17952430007305e-15
278.021978021978,2780.21978021978,-1.23637487678856e-18,-1.1289537261571e-15,4.54032550793704e-18,2.94671909779287e-17,-2.13479402735208e-15,1.00584030119498e-15
278.040293040293,2780.40293040293,2.06191777377938e-18,1.88277018357424e-15,9.08065101587409e-18,5.89343819558574e-17,3.97867423935357e-16,1.48490275963889e-15
278.058608058608,2780.58608058608,-2.48380726594249e-19,-2.26800424417019e-16,4.54032550793704e-18,2.94671909779287e-17,-8.55628868678188e-17,-1.412375375492e-16
278.076923076923,2780.76923076923,-3.65368800893591e-18,-3.33624111047763e-15,4.79883085783487e-18,3.11449179384604e-17,-2.2674165019972e-15,-1.06882460848043e-15
278.095238095238,2780.95238095238,-1.77507289418381e-18,-1.62084752425132e-15,-2.65792077881527e-18,-1.72501859297618e-17,-7.65787837466978e-16,-8.55059686784345e-16
278.113553113553,2781.13553113553,1.80301140658489e-18,1.64635862793892e-15,1.58746573930546e-18,1.03028199254126e-17,1.58719155139804e-15,5.9167076540881e-17
278.131868131868,2781.31868131868,6.38415504060206e-19,5.82947434209705e-16,4.79883085783487e-18,3.11449179384604e-17,-7.18728249689678e-16,1.30167568389938e-15
278.150183150183,2781.50183150183,2.6493244041615e-18,2.41914059726447e-15,-6.93974093685448e-18,-4.50396499471589e-17,1.39039691160206e-15,1.02874368566242e-15
278.168498168498,2781.68498168498,9.92347368144526e-19,9.06128294857405e-16,1.17385717946894e-17,7.61845678856192e-17,1.25349629261355e-15,-3.4736799775614e-16
278.186813186813,2781.86813186813,-2.97709630792556e-18,-2.71843437864994e-15,2.14091007901961e-18,1.38947320086985e-17,-2.11340330563512e-15,-6.05031073014816e-16
278.205128205128,2782.05128205128,-4.99891704850751e-20,-4.56459131822681e-17,4.28182015803922e-18,2.7789464017397e-17,5.86105775044559e-16,-6.31751688226827e-16
278.223443223443,2782.23443223443,5.2020615733203e-18,4.7500858414021e-15,2.14091007901961e-18,1.38947320086985e-17,4.01717753844409e-15,7.3290830295801e-16
278.241758241758,2782.41758241758,3.84147600692512e-18,3.50771334275734e-15,9.08065101587409e-18,5.89343819558574e-17,1.46740350978309e-15,2.04030983297425e-15
278.260073260073,2782.60073260073,-3.41380367971064e-20,-3.11719888274407e-17,6.42273023705882e-18,4.16841960260955e-17,-8.38516291304624e-16,8.07344302477183e-16
278.278388278388,2782.78388278388,-2.53671664955837e-18,-2.31631665078991e-15,9.08065101587409e-18,5.89343819558574e-17,-9.49748044232788e-16,-1.36656860655712e-15
278.296703296703,2782.96703296703,-1.72343051719313e-18,-1.57369204169843e-15,1.3879481873709e-17,9.00792998943178e-17,-1.15509897271555e-16,-1.45818214442687e-15
278.315018315018,2783.15018315018,-2.17115474872457e-18,-1.98251621709025e-15,6.93974093685448e-18,4.50396499471589e-17,-1.14654268402877e-15,-8.35973533061481e-16
278.333333333333,2783.33333333333,-1.05211010577852e-18,-9.60698608929538e-16,6.93974093685448e-18,4.50396499471589e-17,-1.45884722109631e-15,4.98148612166773e-16
278.351648351648,2783.51648351648,-3.82253188647564e-19,-3.49041516259231e-16,4.28182015803922e-18,2.7789464017397e-17,-5.64715053327604e-16,2.15673537068373e-16
278.369963369963,2783.69963369963,-5.55572241994468e-19,-5.07301923166117e-16,1.3879481873709e-17,9.00792998943178e-17,-1.02675464241383e-16,-4.04626458924735e-16
278.388278388278,2783.88278388278,-2.61392952389395e-19,-2.38682096450977e-16,-6.93974093685448e-18,-4.50396499471589e-17,5.30489898580476e-16,-7.69171995031454e-16
278.406593406593,2784.06593406593,1.2421001206297e-18,1.13418153811685e-15,6.93974093685448e-18,4.50396499471589e-17,1.38611876725866e-15,-2.51937229141816e-16
278.424908424908,2784.24908424908,-2.56602718785037e-19,-2.34308057331993e-16,1.17385717946894e-17,7.61845678856192e-17,-1.50162866453022e-15,1.26732060719823e-15
278.443223443223,2784.43223443223,-2.30610450518113e-18,-2.10574100372726e-15,9.08065101587409e-18,5.89343819558574e-17,-2.87491299875871e-15,7.69171995031454e-16
278.461538461538,2784.61538461538,-1.10175372900218e-18,-1.00602899736631e-15,-6.93974093685448e-18,-4.50396499471589e-17,1.75403918079028e-16,-1.18143291544533e-15
278.479853479853,2784.79853479854,2.81848672721665e-18,2.57360542708579e-15,6.42273023705882e-18,4.16841960260955e-17,2.68239650330612e-15,-1.0879107622033e-16
278.498168498169,2784.98168498169,2.28308834739612e-18,2.0847245809731e-15,2.14091007901961e-18,1.38947320086985e-17,1.12087381796843e-15,9.63850763004675e-16
278.516483516484,2785.16483516484,-1.04925425929445e-18,-9.58090889709379e-16,1.12215610948937e-17,7.28291139645559e-17,-6.3744350716525e-16,-3.2064738254413e-16
278.534798534799,2785.34798534799,-7.00976496968032e-19,-6.40072880044413e-16,0,0,-5.73271342014386e-16,-6.6801538030027e-17
278.553113553114,2785.53113553114,-1.78539865940734e-18,-1.63027614605802e-15,4.28182015803922e-18,2.7789464017397e-17,-2.42998598704605e-15,7.99709840988037e-16
278.571428571429,2785.71428571429,-2.50268024430874e-18,-2.28523746335821e-15,9.08065101587409e-18,5.89343819558574e-17,-1.97222454230322e-15,-3.13012921054984e-16
278.589743589744,2785.89743589744,2.26425940936711e-18,2.06753157572323e-15,-2.65792077881527e-18,-1.72501859297618e-17,2.13051588300869e-15,-6.2984307285454e-17
278.608058608059,2786.08058608059,4.14550000576234e-18,3.78532253133936e-15,6.42273023705882e-18,4.16841960260955e-17,2.87491299875871e-15,9.10409532580654e-16
278.626373626374,2786.26373626374,6.02238060877086e-19,5.49913230707846e-16,2.14091007901961e-18,1.38947320086985e-17,6.93059383629332e-16,-1.43146152921486e-16
278.644688644689,2786.44688644689,-4.61644365817374e-20,-4.21534873227681e-17,6.93974093685448e-18,4.50396499471589e-17,6.71668661912377e-16,-7.13822149235145e-16
278.663003663004,2786.63003663004,-1.35070020454404e-18,-1.23334601621958e-15,1.12215610948937e-17,7.28291139645559e-17,-1.03103278675722e-15,-2.02313229462367e-16
278.681318681319,2786.81318681319,-2.4839597132637e-18,-2.26814344626379e-15,4.28182015803922e-18,2.7789464017397e-17,-2.32731052280467e-15,5.9167076540881e-17
278.699633699634,2786.99633699634,4.75310421234615e-19,4.34013567574203e-16,1.12215610948937e-17,7.28291139645559e-17,6.80224950599159e-16,-2.46211383024957e-16
278.717948717949,2787.17948717949,3.53997585818354e-18,3.23240872216942e-15,1.17385717946894e-17,7.61845678856192e-17,2.72089980239664e-15,5.11508919772778e-16
278.736263736264,2787.36263736264,2.42434942295092e-18,2.21371233428526e-15,0,0,9.54026188576179e-16,1.25968614570908e-15
278.754578754579,2787.54578754579,-2.01596676344734e-18,-1.84081157918252e-15,6.42273023705882e-18,4.16841960260955e-17,-1.01819835372704e-15,-8.22613225455475e-16
278.772893772894,2787.72893772894,-3.89260683846017e-18,-3.55440172495171e-15,-2.14091007901961e-18,-1.38947320086985e-17,-1.98933711967679e-15,-1.56506460527492e-15
278.791208791209,2787.91208791209,-7.24927664989819e-19,-6.61943075639332e-16,4.28182015803922e-18,2.7789464017397e-17,-9.71138765949743e-16,3.09195690310411e-16
278.809523809524,2788.09523809524,-1.28809855901722e-18,-1.17618344982658e-15,9.08065101587409e-18,5.89343819558574e-17,-1.63425113917534e-15,4.58067689348757e-16
278.827838827839,2788.27838827839,-9.94545997288251e-19,-9.08135898385142e-16,6.42273023705882e-18,4.16841960260955e-17,-5.98940208074732e-16,-3.09195690310411e-16
278.846153846154,2788.46153846154,2.28823429141664e-18,2.08942342497716e-15,-4.79883085783487e-18,-3.11449179384604e-17,1.64280742786212e-15,4.46615997115038e-16
278.864468864469,2788.64468864469,7.51639823384697e-19,6.86334375818391e-16,9.08065101587409e-18,5.89343819558574e-17,4.5348330039944e-16,2.32851075418951e-16
278.882783882784,2788.82783882784,5.33118445438825e-19,4.86799001468362e-16,-2.65792077881527e-18,-1.72501859297618e-17,7.2728453837646e-16,-2.40485536908097e-16
278.901098901099,2789.01098901099,-8.97813090400827e-20,-8.19807529924416e-17,4.79883085783487e-18,3.11449179384604e-17,4.79152166459785e-16,-5.61132919452227e-16
278.919413919414,2789.19413919414,7.29755163494917e-19,6.66351141936753e-16,-1.17385717946894e-17,-7.61845678856192e-17,9.41191755546007e-16,-2.74840613609254e-16
278.937728937729,2789.37728937729,3.36637562422195e-18,3.07389156473433e-15,2.65792077881527e-18,1.72501859297618e-17,1.99361526402018e-15,1.08027630071415e-15
278.956043956044,2789.56043956044,1.46533042694195e-18,1.33801671046927e-15,6.42273023705882e-18,4.16841960260955e-17,2.31019794543111e-16,1.10699691592616e-15
278.974358974359,2789.74358974359,-3.42679219147804e-18,-3.12905890111902e-15,0,0,-2.29308536805754e-15,-8.35973533061481e-16
278.992673992674,2789.92673992674,-8.74580118647869e-19,-7.98593130859358e-16,2.14091007901961e-18,1.38947320086985e-17,-4.27814434339094e-17,-7.55811687425448e-16
279.010989010989,2790.10989010989,1.46913822225404e-18,1.34149366942948e-15,4.79883085783487e-18,3.11449179384604e-17,1.32622474645119e-15,1.52689229782919e-17
279.029304029304,2790.29304029304,-2.03639809220822e-18,-1.85946775310514e-15,1.17385717946894e-17,7.61845678856192e-17,-1.63425113917534e-15,-2.25216613929805e-16
279.047619047619,2790.47619047619,-2.3529735871587e-18,-2.14853791406046e-15,2.14091007901961e-18,1.38947320086985e-17,-1.90805237715236e-15,-2.40485536908097e-16
279.065934065934,2790.65934065934,-5.63763744721014e-19,-5.14781715662371e-16,1.17385717946894e-17,7.61845678856192e-17,3.59364124844839e-16,-8.7414584050721e-16
279.084249084249,2790.84249084249,-2.05435977436543e-18,-1.8758688531114e-15,7.45675163665014e-18,4.83951038682222e-17,-5.81827630701168e-16,-1.29404122241024e-15
279.102564102564,2791.02564102564,1.32987590046626e-18,1.21433101023345e-15,2.14091007901961e-18,1.38947320086985e-17,1.13798639534199e-15,7.63446148914594e-17
279.120879120879,2791.20879120879,1.97363722392369e-18,1.80215979785882e-15,0,0,6.41721651508641e-16,1.16043814635018e-15
279.139194139194,2791.39194139194,1.29927802923956e-18,1.18639160335745e-15,1.17385717946894e-17,7.61845678856192e-17,4.5348330039944e-16,7.3290830295801e-16
279.157509157509,2791.57509157509,1.85644249881115e-18,1.69514741505675e-15,1.86783127315438e-17,1.21224217832778e-16,6.75946806255768e-16,1.01920060880098e-15
279.175824175824,2791.75824175824,-2.18838468373996e-18,-1.99824914704722e-15,6.93974093685448e-18,4.50396499471589e-17,-2.53266145128744e-15,5.34412304240216e-16
279.194139194139,2791.94139194139,-3.50148460343622e-18,-3.19726174022465e-15,-7.45675163665014e-18,-4.83951038682222e-17,-2.67811835896273e-15,-5.19143381261924e-16
279.212454212454,2792.12454212454,1.84570343196121e-18,1.6853414009074e-15,0,0,2.00217155270696e-15,-3.16830151799557e-16
279.230769230769,2792.30769230769,3.17007767799078e-18,2.89464876225172e-15,4.28182015803922e-18,2.7789464017397e-17,2.70378722502307e-15,1.90861537228649e-16
279.249084249084,2792.49084249084,-2.58320291937378e-19,-2.35876400919917e-16,6.93974093685448e-18,4.50396499471589e-17,4.27814434339094e-17,-2.78657844353827e-16
279.267399267399,2792.67399267399,3.57221338504285e-18,3.26184532489661e-15,2.14091007901961e-18,1.38947320086985e-17,1.75403918079029e-15,1.50780614410632e-15
279.285714285714,2792.85714285714,4.78605993547429e-18,4.37022807499908e-15,4.28182015803922e-18,2.7789464017397e-17,3.14871423673573e-15,1.22151383826335e-15
279.304029304029,2793.04029304029,-2.19666426714099e-18,-2.00580936741978e-15,2.14091007901961e-18,1.38947320086985e-17,-1.04386721978739e-15,-9.61942147632389e-16
279.322344322344,2793.22344322344,-4.14281354519073e-18,-3.7828694811121e-15,-9.08065101587409e-18,-5.89343819558574e-17,-2.51554887391387e-15,-1.26732060719823e-15
279.340659340659,2793.40659340659,-9.4868984306719e-19,-8.66263908629437e-16,9.08065101587409e-18,5.89343819558574e-17,-3.16582681410929e-16,-5.49681227218508e-16
279.358974358974,2793.58974358974,-8.40628406354468e-20,-7.67591277924098e-17,-1.3879481873709e-17,-9.00792998943178e-17,-3.93589279591966e-16,3.16830151799557e-16
279.377289377289,2793.77289377289,-2.53935906979274e-18,-2.31872948707903e-15,4.28182015803922e-18,2.7789464017397e-17,-1.82248949028454e-15,-4.96239996794486e-16
279.395604395604,2793.95604395604,-2.18847276441444e-18,-1.99832957492352e-15,4.79883085783487e-18,3.11449179384604e-17,-1.50590680887361e-15,-4.92422766049913e-16
279.413919413919,2794.13919413919,-1.02501513522148e-18,-9.35957756826543e-16,6.42273023705882e-18,4.16841960260955e-17,-1.56580082968108e-15,6.2984307285454e-16
279.432234432234,2794.32234432234,1.80805233133969e-18,1.65096157716738e-15,6.42273023705882e-18,4.16841960260955e-17,1.50590680887361e-15,1.45054768293773e-16
279.450549450549,2794.50549450549,2.86086708251404e-18,2.61230360910735e-15,0,0,2.66956207027595e-15,-5.72584611685946e-17
279.468864468864,2794.68864468864,7.96588069114974e-19,7.27377339772195e-16,4.28182015803922e-18,2.7789464017397e-17,-5.13377321206913e-17,7.78715071892886e-16
279.48717948718,2794.87179487179,1.75558335109621e-18,1.60305130992918e-15,-1.2255582494485e-17,-7.95400218066826e-17,1.5572445409943e-15,4.58067689348756e-17
279.505494505494,2795.05494505494,2.61999353956e-18,2.3923581144553e-15,6.93974093685448e-18,4.50396499471589e-17,2.78935011189089e-15,-3.96991997435589e-16
279.52380952381,2795.2380952381,-2.2716547983051e-18,-2.0742844239529e-15,2.65792077881527e-18,1.72501859297618e-17,-1.60858227311499e-15,-4.65702150837902e-16
279.542124542125,2795.42124542125,-3.63282643995739e-18,-3.31719207731306e-15,4.28182015803922e-18,2.7789464017397e-17,-3.01181361774722e-15,-3.05378459565838e-16
279.56043956044,2795.6043956044,-2.92252355464933e-18,-2.66860312252002e-15,2.14091007901961e-18,1.38947320086985e-17,-1.91660866583914e-15,-7.51994456680875e-16
279.578754578755,2795.78754578755,-6.37744735846866e-19,-5.82334944997853e-16,4.79883085783487e-18,3.11449179384604e-17,-1.96794639795983e-16,-3.8554030520187e-16
279.59706959707,2795.9706959707,4.21703845203053e-18,3.85064543379734e-15,0,0,2.25886021331042e-15,1.59178522048693e-15
279.615384615385,2796.15384615385,5.17484125718804e-18,4.72523053424437e-15,4.28182015803922e-18,2.7789464017397e-17,3.14871423673573e-15,1.57651629750864e-15
279.6336996337,2796.336996337,-3.50849718021205e-18,-3.20366503653038e-15,2.14091007901961e-18,1.38947320086985e-17,-1.7454828921035e-15,-1.45818214442687e-15
279.652014652015,2796.52014652015,-4.82496449184801e-18,-4.4057524492865e-15,-1.43964925735046e-17,-9.34347538153811e-17,-2.84068784401158e-15,-1.56506460527492e-15
279.67032967033,2796.7032967033,-3.55297114538744e-18,-3.24427492730408e-15,-2.65792077881527e-18,-1.72501859297618e-17,-3.1144890819886e-15,-1.29785845315481e-16
279.688644688645,2796.88644688645,-1.85810248075325e-18,-1.69666317118709e-15,-9.59766171566975e-18,-6.22898358769207e-17,-2.03639670745409e-15,3.39733536266994e-16
279.70695970696,2797.0695970696,5.35816763024306e-18,4.89262878525131e-15,-1.17385717946894e-17,-7.61845678856192e-17,3.79899217693115e-15,1.09363660832016e-15
279.725274725275,2797.25274725275,4.89968061783393e-18,4.47397694205113e-15,1.60203919527286e-17,1.03974031903016e-16,4.97976001570705e-15,-5.05783073655919e-16
279.74358974359,2797.4358974359,-1.14514362433783e-18,-1.0456490065855e-15,-4.28182015803922e-18,-2.7789464017397e-17,1.79682062422419e-16,-1.22533106900792e-15
279.761904761905,2797.61904761905,3.18398087368546e-19,2.90734399318829e-16,9.59766171566975e-18,6.22898358769207e-17,-6.67390517568986e-16,9.58124916887816e-16
279.78021978022,2797.8021978022,-1.12968207824851e-18,-1.03153082091433e-15,6.42273023705882e-18,4.16841960260955e-17,-1.77970804685063e-15,7.48177225936302e-16
279.798534798535,2797.98534798535,-2.22878322386157e-18,-2.03513770185195e-15,-4.79883085783487e-18,-3.11449179384604e-17,-1.86527093371845e-15,-1.69866768133497e-16
279.81684981685,2798.1684981685,1.90027957295569e-18,1.73517575041718e-15,-4.79883085783487e-18,-3.11449179384604e-17,9.41191755546007e-16,7.93983994871178e-16
279.835164835165,2798.35164835165,2.84244805839318e-18,2.59548490282028e-15,0,0,1.94655567624288e-15,6.48929226577405e-16
279.85347985348,2798.5347985348,1.27647529770425e-18,1.16557006353434e-15,-2.14091007901961e-18,-1.38947320086985e-17,1.28772144736067e-15,-1.22151383826335e-16
279.871794871795,2798.71794871795,2.58443943653473e-18,2.35989309284729e-15,6.93974093685448e-18,4.50396499471589e-17,2.41715155401588e-15,-5.72584611685946e-17
279.89010989011,2798.9010989011,1.25012901288028e-18,1.14151284837993e-15,7.45675163665014e-18,4.83951038682222e-17,5.86105775044559e-16,5.55407073335367e-16
279.908424908425,2799.08424908425,-8.52766600841323e-19,-7.78674857954734e-16,1.12215610948937e-17,7.28291139645559e-17,-5.13377321206913e-16,-2.65297536747821e-16
279.92673992674,2799.2673992674,-3.16701687455263e-18,-2.89185389355016e-15,9.59766171566975e-18,6.22898358769207e-17,-1.42890021069257e-15,-1.46295368285759e-15
279.945054945055,2799.45054945055,-2.8675307243102e-18,-2.61838828728772e-15,-4.28182015803922e-18,-2.7789464017397e-17,-1.94655567624288e-15,-6.71832611044843e-16
279.96336996337,2799.6336996337,1.85770611771809e-18,1.69630124574373e-15,-6.93974093685448e-18,-4.50396499471589e-17,1.37756247857188e-15,3.18738767171843e-16
279.981684981685,2799.81684981685,3.06232791135698e-18,2.7962607224933e-15,1.17385717946894e-17,7.61845678856192e-17,1.47168165412648e-15,1.32457906836682e-15
280,2800,2.26987285850602e-18,2.07265730614767e-15,4.28182015803922e-18,2.7789464017397e-17,6.54556084538814e-16,1.41810122160886e-15
280.018315018315,2800.18315018315,-9.85602421110385e-19,-8.99969375560448e-16,-4.79883085783487e-18,-3.11449179384604e-17,-4.87708455146567e-16,-4.12260920413881e-16
280.03663003663,2800.3663003663,-5.39711622695402e-18,-4.92819337347688e-15,2.14091007901961e-18,1.38947320086985e-17,-2.97758846300009e-15,-1.95060491047679e-15
280.054945054945,2800.54945054945,-3.34154195559625e-18,-3.05121554368644e-15,0,0,-1.9337212432127e-15,-1.11749430047374e-15
280.07326007326,2800.7326007326,-1.03942987637179e-18,-9.49120088121647e-16,1.17385717946894e-17,7.61845678856192e-17,-2.35297938886502e-16,-7.13822149235145e-16
280.091575091575,2800.91575091575,-1.80785245596299e-18,-1.65077906775577e-15,2.65792077881527e-18,1.72501859297618e-17,-1.80537691291098e-15,1.54597845155205e-16
280.10989010989,2801.0989010989,4.84803654698413e-19,4.42681991280831e-16,-1.17385717946894e-17,-7.61845678856192e-17,-1.35189361251154e-15,1.79457560379237e-15
280.128205128205,2801.28205128205,8.64440677928038e-19,7.89334644944846e-16,-1.49135032733003e-17,-9.67902077364444e-17,4.70595877773003e-16,3.18738767171843e-16
280.14652014652,2801.4652014652,2.51741343097448e-20,2.29869057235995e-17,0,0,3.55085980501448e-16,-3.32099074777848e-16
280.164835164835,2801.64835164835,2.04211656061284e-20,1.86468937830516e-17,-2.65792077881527e-18,-1.72501859297618e-17,-8.89854023425315e-16,9.08500917208367e-16
280.18315018315,2801.8315018315,-2.29377998619057e-18,-2.09448728780444e-15,2.14091007901961e-18,1.38947320086985e-17,-1.56580082968108e-15,-5.28686458123356e-16
280.201465201465,2802.01465201465,3.42075781834667e-18,3.12354881824725e-15,-9.59766171566975e-18,-6.22898358769207e-17,3.65032666099832e-15,-5.2677784275107e-16
280.21978021978,2802.1978021978,2.86010823362622e-18,2.6116106920192e-15,1.43964925735046e-17,9.34347538153811e-17,1.97222454230322e-15,6.39386149715973e-16
280.238095238095,2802.38095238095,-2.18335476906947e-18,-1.99365625130329e-15,-2.65792077881527e-18,-1.72501859297618e-17,-1.82569809854208e-15,-1.67958152761211e-16
280.25641025641,2802.5641025641,1.3774801173039e-18,1.2577991839958e-15,-2.65792077881527e-18,-1.72501859297618e-17,1.75403918079029e-15,-4.96239996794486e-16
280.274725274725,2802.74725274725,4.66176116519319e-18,4.25672887463512e-15,1.43964925735046e-17,9.34347538153811e-17,3.76048887784064e-15,4.96239996794486e-16
280.29304029304,2802.9304029304,-9.27521685587115e-19,-8.46934924587732e-16,1.3879481873709e-17,9.00792998943178e-17,-1.38611876725866e-15,5.39183842670932e-16
280.311355311355,2803.11355311355,-3.27408401595922e-18,-2.98961861726723e-15,1.3879481873709e-17,9.00792998943178e-17,-2.69950908067968e-15,-2.90109536587546e-16
280.32967032967,2803.2967032967,-2.89225090437455e-18,-2.64096068011037e-15,-9.59766171566975e-18,-6.22898358769207e-17,-2.56795614212041e-15,-7.30045379899581e-17
280.347985347985,2803.47985347985,-6.21412546167512e-19,-5.67421760703213e-16,-2.65792077881527e-18,-1.72501859297618e-17,-7.31562682719851e-16,1.64140922016638e-16
280.3663003663,2803.663003663,-4.55131477483303e-19,-4.15587850450986e-16,-1.01146724154654e-17,-6.56452897979841e-17,-6.63112373225596e-17,-3.49276613128427e-16
280.384615384615,2803.84615384615,2.41815328627315e-19,2.20805454252527e-16,4.28182015803922e-18,2.7789464017397e-17,1.28772144736067e-15,-1.06691599310815e-15
280.40293040293,2804.0293040293,-8.15003705517581e-19,-7.44192952679406e-16,0,0,7.10171961002896e-16,-1.4543649136823e-15
280.421245421245,2804.21245421245,3.03065613344529e-18,2.76734071420237e-15,2.65792077881527e-18,1.72501859297618e-17,2.23960856376516e-15,5.27732150437213e-16
280.43956043956,2804.3956043956,1.5497862428943e-18,1.41513467032519e-15,0,0,-9.83973198979916e-17,1.51353199022318e-15
280.457875457875,2804.57875457875,-2.06237088109521e-18,-1.88318392313023e-15,4.79883085783487e-18,3.11449179384604e-17,-1.10590031276656e-15,-7.77283610363671e-16
280.47619047619,2804.7619047619,-1.96104846290969e-19,-1.7906647983071e-16,-2.14091007901961e-18,-1.38947320086985e-17,2.86635671007193e-16,-4.65702150837902e-16
280.494505494506,2804.94505494506,3.84960060221624e-18,3.51513204100141e-15,-6.93974093685448e-18,-4.50396499471589e-17,7.70065981810369e-16,2.74506605919104e-15
280.51282051282,2805.12820512821,-2.88999468402059e-19,-2.63890048912505e-16,1.12215610948937e-17,7.28291139645559e-17,-2.13051588300869e-15,1.86662583409618e-15
280.531135531136,2805.31135531136,-4.32638383395969e-18,-3.9504904554688e-15,1.62389937922395e-18,1.05392780876352e-17,-2.35297938886502e-15,-1.59751106660379e-15
280.549450549451,2805.49450549451,-2.4229706216235e-18,-2.21245332868312e-15,-4.79883085783487e-18,-3.11449179384604e-17,5.36907115095563e-16,-2.74936044377868e-15
280.567765567766,2805.67765567766,1.15598093501699e-18,1.05554472875073e-15,4.79883085783487e-18,3.11449179384604e-17,1.61286041745838e-15,-5.57315688707654e-16
280.586080586081,2805.86080586081,5.05463569748153e-18,4.61546891009364e-15,2.14091007901961e-18,1.38947320086985e-17,1.83318485114302e-15,2.78228405895062e-15
280.604395604396,2806.04395604396,7.62734939422625e-18,6.96465504190798e-15,-5.17010699795659e-19,-3.35545392106334e-18,4.99687259308062e-15,1.96778244882737e-15
280.622710622711,2806.22710622711,3.31047488539204e-18,3.02284770370013e-15,2.65792077881527e-18,1.72501859297618e-17,3.87599877511219e-15,-8.53151071412059e-16
280.641025641026,2806.41025641026,-3.155534203547e-18,-2.88136888252202e-15,4.79883085783487e-18,3.11449179384604e-17,-1.67703258260925e-15,-1.20433629991277e-15
280.659340659341,2806.59340659341,-4.60681745676867e-18,-4.20655889341076e-15,4.79883085783487e-18,3.11449179384604e-17,-4.03001197147426e-15,-1.765469219365e-16
280.677655677656,2806.77655677656,-3.16645281946414e-18,-2.89133884580383e-15,0,0,-2.31875423411789e-15,-5.72584611685946e-16
280.695970695971,2806.95970695971,-1.22455004623976e-18,-1.11815628376331e-15,-2.14091007901961e-18,-1.38947320086985e-17,-1.39681412811714e-15,2.78657844353827e-16
280.714285714286,2807.14285714286,2.99650454577518e-19,2.7361563518555e-16,4.28182015803922e-18,2.7789464017397e-17,5.11238249035217e-16,-2.37622613849667e-16
280.732600732601,2807.32600732601,-5.22264196168414e-19,-4.76887812403847e-16,1.17385717946894e-17,7.61845678856192e-17,5.56158764640822e-17,-5.32503688867929e-16
280.750915750916,2807.50915750916,1.77869097727394e-18,1.6241512539395e-15,-6.93974093685448e-18,-4.50396499471589e-17,1.02675464241383e-15,5.9739661152567e-16
280.769230769231,2807.69230769231,3.13501479411164e-18,2.86263228072309e-15,1.60203919527286e-17,1.03974031903016e-16,2.08773443957478e-15,7.74897841148313e-16
280.787545787546,2807.87545787546,-6.70035619268601e-19,-6.11820268457807e-16,1.17385717946894e-17,7.61845678856192e-17,-5.36907115095563e-16,-7.49131533622445e-17
280.805860805861,2808.05860805861,-4.62968963652809e-19,-4.22744384752096e-16,0,0,-3.80754846561794e-16,-4.19895381903027e-17
280.824175824176,2808.24175824176,2.60173035047861e-18,2.37568170364169e-15,7.45675163665014e-18,4.83951038682222e-17,2.28025093502737e-15,9.54307686143243e-17
280.842490842491,2808.42490842491,1.75556980022321e-18,1.60303893640975e-15,1.86783127315438e-17,1.21224217832778e-16,1.30911216907763e-15,2.93926767332119e-16
280.860805860806,2808.60805860806,-2.08340776449313e-18,-1.90239303870244e-15,1.17385717946894e-17,7.61845678856192e-17,-1.26205258130033e-15,-6.40340457402116e-16
280.879120879121,2808.79120879121,-2.90639124034668e-18,-2.65387244763699e-15,4.28182015803922e-18,2.7789464017397e-17,-2.15190660472564e-15,-5.01965842911346e-16
280.897435897436,2808.97435897436,-3.35193378132565e-18,-3.06070448640036e-15,1.65374026525242e-17,1.0732948582408e-16,-2.82785341098141e-15,-2.32851075418951e-16
280.915750915751,2809.15750915751,-3.94232160376706e-19,-3.59979707436549e-16,-1.43964925735046e-17,-9.34347538153811e-17,-8.25681858274451e-16,4.65702150837902e-16
280.934065934066,2809.34065934066,4.51129565915533e-18,4.11933640824921e-15,4.79883085783487e-18,3.11449179384604e-17,2.99897918471705e-15,1.12035722353217e-15
280.952380952381,2809.52380952381,-1.56454144972865e-18,-1.42860788629601e-15,2.08192228105634e-17,1.35118949841477e-16,-1.50590680887361e-15,7.72989225776027e-17
280.970695970696,2809.70695970696,-3.50963545354378e-18,-3.20470441216261e-15,4.28182015803922e-18,2.7789464017397e-17,-2.79148918406259e-15,-4.13215228100024e-16
280.989010989011,2809.89010989011,-9.979032260732e-20,-9.1120143782426e-17,6.42273023705882e-18,4.16841960260955e-17,-4.27814434339094e-18,-8.68419994390351e-17
281.007326007326,2810.07326007326,-5.72859768220094e-19,-5.23087440580668e-16,1.62389937922395e-18,1.05392780876352e-17,9.62582477262961e-17,-6.19345688306964e-16
281.025641025641,2810.25641025641,1.92983233310251e-18,1.76216084960704e-15,-5.17010699795659e-19,-3.35545392106334e-18,1.62569485048856e-15,1.36465999118484e-16
281.043956043956,2810.43956043956,2.11732390574491e-20,1.93336241114919e-17,2.29601328895831e-17,1.49013681850175e-16,-3.16582681410929e-16,3.35916305522421e-16
281.062271062271,2810.62271062271,-4.65975563598966e-19,-4.25489759375928e-16,-3.17493147861093e-18,-2.06056398508252e-17,6.56695156710509e-16,-1.08218491608644e-15
281.080586080586,2810.80586080586,3.35586353449471e-18,3.06429280703546e-15,2.14091007901961e-18,1.38947320086985e-17,3.51663465026735e-15,-4.52341843231897e-16
281.098901098901,2810.98901098901,-8.37179709176791e-19,-7.64442217228818e-16,9.08065101587409e-18,5.89343819558574e-17,-1.49735052018683e-15,7.3290830295801e-16
281.117216117216,2811.17216117216,-1.91286833396969e-18,-1.74667074996891e-15,0,0,-1.80965505725437e-15,6.2984307285454e-17
281.135531135531,2811.35531135531,1.62174476622538e-18,1.48084115188554e-15,-2.65792077881527e-18,-1.72501859297618e-17,1.6984233043262e-15,-2.17582152440659e-16
281.153846153846,2811.53846153846,-5.35771028827942e-19,-4.8922111789705e-16,6.93974093685448e-18,4.50396499471589e-17,-4.66317733429612e-16,-2.29033844674378e-17
281.172161172161,2811.72161172161,-1.76345302058908e-18,-1.61023723133894e-15,4.28182015803922e-18,2.7789464017397e-17,-1.80109876856759e-15,1.90861537228649e-16
281.190476190476,2811.90476190476,1.32912382701494e-18,1.21364427990501e-15,6.93974093685448e-18,4.50396499471589e-17,5.64715053327604e-16,6.48929226577405e-16
281.208791208791,2812.08791208791,3.49236825362765e-18,3.18893745502721e-15,-5.17010699795659e-19,-3.35545392106334e-18,3.36262145390528e-15,-1.7368399887807e-16
281.227106227106,2812.27106227106,-2.03793611629335e-18,-1.8608721475606e-15,1.17385717946894e-17,7.61845678856192e-17,-7.61509693123587e-16,-1.09936245443702e-15
281.245421245421,2812.45421245421,-2.52152612092899e-18,-2.30244593550736e-15,4.79883085783487e-18,3.11449179384604e-17,-2.59255547209491e-15,2.90109536587546e-16
281.263736263736,2812.63736263736,2.7815843123282e-18,2.53990924029435e-15,-5.17010699795659e-19,-3.35545392106334e-18,1.37756247857188e-15,1.16234676172247e-15
281.282051282051,2812.82051282051,-1.75958085863025e-18,-1.60670149816143e-15,2.14091007901961e-18,1.38947320086985e-17,-8.47072579991406e-16,-7.59628918170021e-16
281.300366300366,2813.00366300366,-5.62378167957095e-18,-5.13516523300515e-15,-7.45675163665014e-18,-4.83951038682222e-17,-4.0128993941007e-15,-1.12226583890445e-15
281.318681318681,2813.18681318681,-2.74708717739668e-18,-2.50840935320198e-15,-6.93974093685448e-18,-4.50396499471589e-17,-1.88238351109201e-15,-6.26025842109967e-16
281.336996336996,2813.36996336996,5.89999928701881e-19,5.38738395971403e-16,-2.14091007901961e-18,-1.38947320086985e-17,3.05887320552452e-16,2.32851075418951e-16
281.355311355311,2813.55311355311,4.95352501168659e-18,4.52314312151162e-15,-2.65792077881527e-18,-1.72501859297618e-17,3.71770743440673e-15,8.05435687104897e-16
281.373626373626,2813.73626373626,4.07736282861635e-18,3.72310538225865e-15,-9.08065101587409e-18,-5.89343819558574e-17,2.42142969835927e-15,1.30167568389938e-15
281.391941391941,2813.91941391941,-4.54933295965726e-19,-4.15406887729303e-16,-9.59766171566975e-18,-6.22898358769207e-17,-1.05670165281756e-15,6.41294765088259e-16
281.410256410256,2814.10256410256,-1.94521088009472e-19,-1.7762032474717e-16,-5.17010699795659e-19,-3.35545392106334e-18,-4.08562784793835e-16,2.30942460046665e-16
281.428571428571,2814.28571428571,9.58148352418934e-20,8.74900625192523e-17,2.14091007901961e-18,1.38947320086985e-17,4.57761444742831e-16,-3.70271382223578e-16
281.446886446886,2814.46886446886,-8.27191021919049e-19,-7.55321386717981e-16,-9.59766171566975e-18,-6.22898358769207e-17,-6.63112373225596e-17,-6.89010149395421e-16
281.465201465201,2814.65201465201,1.11504035997551e-18,1.01816123316875e-15,-1.43964925735046e-17,-9.34347538153811e-17,2.7380123797702e-16,7.44359995191729e-16
281.483516483516,2814.83516483516,1.6905442422891e-18,1.54366305672846e-15,1.33624711739133e-17,8.67238459732544e-17,4.21397217824008e-16,1.12226583890445e-15
281.501831501831,2815.01831501831,-2.1681058023003e-19,-1.9797321752182e-16,2.14091007901961e-18,1.38947320086985e-17,-7.48675260093414e-17,-1.23105691512478e-16
281.520146520147,2815.20146520146,-4.67945521760872e-19,-4.27288559763261e-16,-5.31584155763053e-18,-3.45003718595237e-17,-4.40648867369267e-16,1.33603076060054e-17
281.538461538462,2815.38461538462,-1.24366863417907e-18,-1.13561377299103e-15,6.42273023705882e-18,4.16841960260955e-17,2.48132371916675e-16,-1.3837461449077e-15
281.556776556777,2815.56776556777,-4.19724740201875e-19,-3.83257390866785e-16,-4.79883085783487e-18,-3.11449179384604e-17,9.06966600798879e-16,-1.29022399166566e-15
281.575091575092,2815.75091575092,3.75815846430449e-18,3.43163475853366e-15,2.13362335103591e-17,1.3847440376254e-16,1.52301938624717e-15,1.90861537228649e-15
281.593406593407,2815.93406593407,3.9728917380506e-18,3.6277111541939e-15,-2.65792077881527e-18,-1.72501859297618e-17,1.75190010861859e-15,1.87581104557531e-15
281.611721611722,2816.11721611722,-1.56051175887124e-18,-1.42492831095511e-15,2.14091007901961e-18,1.38947320086985e-17,-9.66860621606352e-16,-4.58067689348757e-16
281.630036630037,2816.30036630037,-4.08606672372808e-18,-3.73105304845841e-15,4.28182015803922e-18,2.7789464017397e-17,-1.77329083033554e-15,-1.95776221812286e-15
281.648351648352,2816.48351648352,-2.16997582277385e-18,-1.98143972089972e-15,0,0,-6.75946806255768e-16,-1.30549291464396e-15
281.666666666667,2816.66666666667,-2.07910366845753e-18,-1.89846289959306e-15,4.79883085783487e-18,3.11449179384604e-17,-2.29736351240093e-15,3.98900612807875e-16
281.684981684982,2816.84981684982,4.49953350139414e-19,4.1085961933828e-16,-5.17010699795659e-19,-3.35545392106334e-18,-3.85032990905185e-16,7.95892610243465e-16
281.703296703297,2817.03296703297,2.68078444968262e-18,2.44786726931429e-15,0,0,2.68453557547781e-15,-2.36668306163524e-16
281.721611721612,2817.21611721612,-3.93595269345858e-19,-3.59398152023275e-16,2.14091007901961e-18,1.38947320086985e-17,2.78079382320411e-16,-6.37477534343686e-16
281.739926739927,2817.39926739927,8.13818004130364e-19,7.43110269729163e-16,7.45675163665014e-18,4.83951038682222e-17,1.33478103513797e-15,-5.9167076540881e-16
281.758241758242,2817.58241758242,2.34109285925878e-18,2.13768943089902e-15,1.17385717946894e-17,7.61845678856192e-17,2.1262377386653e-15,1.14516922337189e-17
281.776556776557,2817.76556776557,-3.8499385271116e-18,-3.51544060564223e-15,1.3879481873709e-17,9.00792998943178e-17,-3.32839629915815e-15,-1.87044306484076e-16
281.794871794872,2817.94871794872,-1.65217325153962e-18,-1.50862588976865e-15,-2.14091007901961e-18,-1.38947320086985e-17,-1.92088681018253e-15,4.12260920413881e-16
281.813186813187,2818.13186813187,9.31487009797794e-20,8.50555725711332e-17,9.08065101587409e-18,5.89343819558574e-17,4.70595877773003e-16,-3.8554030520187e-16
281.831501831502,2818.31501831502,-4.55793437629196e-18,-4.16192296875208e-15,2.14091007901961e-18,1.38947320086985e-17,-3.09309836027165e-15,-1.06882460848043e-15
281.849816849817,2818.49816849817,-2.29164572369358e-18,-2.092538458494e-15,-2.14091007901961e-18,-1.38947320086985e-17,-2.079178150888e-15,-1.33603076060054e-17
281.868131868132,2818.68131868132,1.73863290283637e-18,1.58757358381048e-15,-2.65792077881527e-18,-1.72501859297618e-17,6.69529589740682e-16,9.180439940698e-16
281.886446886447,2818.86446886447,-2.04657818554704e-18,-1.86876335957795e-15,-9.59766171566975e-18,-6.22898358769207e-17,-1.95083382058627e-15,8.20704610083189e-17
281.904761904762,2819.04761904762,2.08275901644841e-18,1.90180065645967e-15,-1.91953234313395e-17,-1.24579671753841e-16,1.92088681018253e-15,-1.90861537228649e-17
281.923076923077,2819.23076923077,6.00583499284181e-18,5.48402423985277e-15,4.79883085783487e-18,3.11449179384604e-17,4.87708455146567e-15,6.06939688387102e-16
281.941391941392,2819.41391941392,2.16708948682554e-18,1.97880416126085e-15,2.14091007901961e-18,1.38947320086985e-17,6.16052785448295e-16,1.36275137581255e-15
281.959706959707,2819.59706959707,-2.23600583916885e-18,-2.04173278770886e-15,2.14091007901961e-18,1.38947320086985e-17,-2.13907217169547e-15,9.73393839866108e-17
281.978021978022,2819.78021978022,-1.63125409135086e-18,-1.4895242691465e-15,4.28182015803922e-18,2.7789464017397e-17,-2.90913815350584e-16,-1.19861045379591e-15
281.996336996337,2819.96336996337,-2.50278865129271e-18,-2.28533645151366e-15,0,0,-1.31766845776441e-15,-9.67667993749248e-16
282.014652014652,2820.14652014652,-6.82421964117208e-19,-6.2313043856303e-16,0,0,-8.55628868678188e-18,-6.14574149876248e-16
282.032967032967,2820.32967032967,1.41437533329107e-18,1.29148879735504e-15,5.17010699795659e-19,3.35545392106334e-18,1.11231752928164e-15,1.79171268073394e-16
282.051282051282,2820.51282051282,-5.55497712192986e-19,-5.07233868809245e-16,4.28182015803922e-18,2.7789464017397e-17,-1.37756247857188e-15,8.70328609762637e-16
282.069597069597,2820.69597069597,-2.72621713912254e-18,-2.48935258658776e-15,-5.17010699795659e-19,-3.35545392106334e-18,-3.13160165936217e-15,6.42249072774402e-16
282.087912087912,2820.87912087912,1.98061592351702e-18,1.80853216036597e-15,-1.2255582494485e-17,-7.95400218066826e-17,1.72837031472994e-15,8.01618456360324e-17
282.106227106227,2821.06227106227,1.32354764277677e-18,1.20855257665901e-15,-4.79883085783487e-18,-3.11449179384604e-17,1.40323134463223e-15,-1.94678767973222e-16
282.124542124542,2821.24542124542,-3.81301239819541e-19,-3.48172276519178e-16,2.14091007901961e-18,1.38947320086985e-17,-2.90913815350584e-16,-5.72584611685946e-17
282.142857142857,2821.42857142857,6.91534926207534e-19,6.31451630380616e-16,4.28182015803922e-18,2.7789464017397e-17,5.81827630701168e-16,4.96239996794486e-17
282.161172161172,2821.61172161172,2.82562803728595e-19,2.58012627182611e-16,-5.17010699795659e-19,-3.35545392106334e-18,4.1070185696553e-16,-1.52689229782919e-16
282.179487179487,2821.79487179487,3.32646152780997e-18,3.03744536324927e-15,-2.65792077881527e-18,-1.72501859297618e-17,2.29308536805754e-15,7.44359995191729e-16
282.197802197802,2821.97802197802,4.01483910060926e-18,3.66601396360238e-15,6.93974093685448e-18,4.50396499471589e-17,3.13160165936217e-15,5.34412304240216e-16
282.216117216117,2822.16117216117,-2.03555793808242e-18,-1.8587005949004e-15,4.79883085783487e-18,3.11449179384604e-17,-2.08773443957478e-15,2.29033844674378e-16
282.234432234432,2822.34432234432,-3.01031288535889e-18,-2.74876496815605e-15,4.28182015803922e-18,2.7789464017397e-17,-1.91660866583914e-15,-8.32156302316908e-16
282.252747252747,2822.52747252747,-6.75809138094786e-19,-6.17092161080529e-16,-9.08065101587409e-18,-5.89343819558574e-17,-3.42251547471275e-16,-2.74840613609254e-16
282.271062271062,2822.71062271062,-3.23639565043696e-18,-2.95520476634877e-15,-5.17010699795659e-19,-3.35545392106334e-18,-2.84068784401158e-15,-1.14516922337189e-16
282.289377289377,2822.89377289377,-5.1888596353032e-18,-4.7380309400961e-15,-5.17010699795659e-19,-3.35545392106334e-18,-3.79899217693115e-15,-9.39038763164951e-16
282.307692307692,2823.07692307692,-9.97561066530032e-19,-9.10889006458619e-16,-7.45675163665014e-18,-4.83951038682222e-17,-3.76476702218403e-16,-5.34412304240216e-16
282.326007326007,2823.26007326007,1.20919860099355e-18,1.10413863293752e-15,2.14091007901961e-18,1.38947320086985e-17,7.52953404436805e-16,3.51185228500713e-16
282.344322344322,2823.44322344322,4.04626357508876e-18,3.69470815516369e-15,2.14091007901961e-18,1.38947320086985e-17,3.1144890819886e-15,5.80219073175092e-16
282.362637362637,2823.62637362637,4.48279139780663e-18,4.09330871012536e-15,-9.59766171566975e-18,-6.22898358769207e-17,3.69631671268977e-15,3.96991997435589e-16
282.380952380952,2823.80952380952,-2.80072153271789e-18,-2.55738374311128e-15,6.93974093685448e-18,4.50396499471589e-17,-2.05350928482765e-15,-5.03874458283632e-16
282.399267399267,2823.99267399267,-3.57515392448315e-18,-3.26453037861321e-15,-7.45675163665014e-18,-4.83951038682222e-17,-2.80646268926446e-15,-4.58067689348757e-16
282.417582417582,2824.17582417582,6.92178592674881e-20,6.32039372553606e-17,9.08065101587409e-18,5.89343819558574e-17,4.44927011712658e-16,-3.81723074457297e-16
282.435897435897,2824.35897435897,-7.86546872224369e-19,-7.18208561873561e-16,-2.65792077881527e-18,-1.72501859297618e-17,-8.55628868678188e-16,1.37420306804627e-16
282.454212454212,2824.54212454212,-5.66833017454782e-19,-5.17584317813573e-16,1.88240472912178e-18,1.22170050481668e-17,-4.1070185696553e-16,-1.06882460848043e-16
282.472527472527,2824.72527472527,2.87050852865124e-18,2.62110736818276e-15,-9.59766171566975e-18,-6.22898358769207e-17,2.3615356775518e-15,2.59571690630962e-16
282.490842490843,2824.90842490843,2.36015554984699e-18,2.15509587935907e-15,-2.58505349897829e-19,-1.67772696053167e-18,1.43745649937936e-15,7.17639379979718e-16
282.509157509157,2825.09157509157,-2.31055935467882e-18,-2.10980879824032e-15,4.54032550793704e-18,2.94671909779287e-17,-1.30055588039085e-15,-8.0925291784947e-16
282.527472527473,2825.27472527473,-4.63033330299544e-19,-4.22803158969395e-16,-1.17385717946894e-17,-7.61845678856192e-17,-2.39576083229893e-16,-1.83227075739503e-16
282.545787545788,2825.45787545788,1.21494417114418e-18,1.10938500517641e-15,1.62389937922395e-18,1.05392780876352e-17,3.76476702218403e-16,7.3290830295801e-16
282.564102564103,2825.64102564103,-5.26451415924415e-19,-4.80711229908136e-16,2.39941542891744e-18,1.55724589692302e-17,-6.8450309494255e-17,-4.12260920413881e-16
282.582417582418,2825.82417582418,9.37042867726469e-19,8.55628868678188e-16,-4.79883085783487e-18,-3.11449179384604e-17,8.55628868678188e-16,0
282.600732600733,2826.00732600733,6.54480063997874e-19,5.97616241495577e-16,-8.52720667615995e-18,-5.53424698725715e-17,4.44927011712658e-16,1.52689229782919e-16
282.619047619048,2826.19047619048,-1.17114774961862e-18,-1.06939379037427e-15,2.58505349897829e-19,1.67772696053167e-18,-8.55628868678188e-16,-2.13764921696086e-16
282.637362637363,2826.37362637363,-2.1848614567608e-18,-1.99503203199507e-15,2.14091007901961e-18,1.38947320086985e-17,-1.3690061898851e-15,-6.26025842109967e-16
282.655677655678,2826.55677655678,-1.70686796267283e-19,-1.55856850757346e-16,2.14091007901961e-18,1.38947320086985e-17,-1.71125773735638e-16,1.52689229782919e-17
282.673992673993,2826.73992673993,4.33571022229972e-18,3.95900653021743e-15,5.61078054744685e-18,3.64145569822779e-17,2.87491299875871e-15,1.08409353145872e-15
282.692307692308,2826.92307692308,5.58187560482844e-19,5.09690012416369e-16,2.14091007901961e-18,1.38947320086985e-17,4.79152166459785e-16,3.05378459565838e-17
282.710622710623,2827.10622710623,-2.28809200725018e-18,-2.08929350302313e-15,-7.19824628675231e-18,-4.67173769076905e-17,-1.67703258260925e-15,-4.12260920413881e-16
282.728937728938,2827.28937728938,-2.63564479787127e-19,-2.40664952939852e-16,8.11949689611975e-19,5.26963904381759e-18,-9.5830433291957e-16,7.17639379979718e-16
282.747252747253,2827.47252747253,1.15290827456497e-19,1.05273903321967e-16,-1.01146724154654e-17,-6.56452897979841e-17,-5.81827630701168e-16,6.87101534023135e-16
282.765567765568,2827.65567765568,-5.84123931398657e-19,-5.33372928607982e-16,-2.58505349897829e-19,-1.67772696053167e-18,-2.7380123797702e-16,-2.59571690630962e-16
282.783882783883,2827.83882783883,2.76215574816909e-18,2.52216870680965e-15,-6.12779124724251e-18,-3.97700109033413e-17,3.28561485572424e-15,-7.63446148914594e-16
282.802197802198,2828.02197802198,9.78562742588564e-19,8.93541332215859e-16,-1.19970771445872e-18,-7.78622948461509e-18,9.24079178172443e-16,-3.05378459565838e-17
282.820512820513,2828.20512820513,-2.34809527287986e-18,-2.14408344706517e-15,-1.45821306435655e-18,-9.46395644514676e-18,-2.32731052280467e-15,1.83227075739503e-16
282.838827838828,2828.38827838828,1.75325260094076e-18,1.60092306458698e-15,-4.92808353278379e-18,-3.19837814187262e-17,1.11231752928164e-15,4.8860553530534e-16
282.857142857143,2828.57142857143,6.01576100731194e-18,5.49308784283624e-15,2.01165740407069e-18,1.30558685284327e-17,4.50060784924727e-15,9.92479993588972e-16
282.875457875458,2828.75457875458,-2.93484807363989e-19,-2.67985683844283e-16,-6.92152411689524e-18,-4.49214208660476e-17,2.05350928482765e-16,-4.73336612327048e-16
282.893772893773,2828.93772893773,-7.5351119894555e-18,-6.88043158851861e-15,3.34061779347833e-18,2.16809614933136e-17,-4.05568083753461e-15,-2.824750750984e-15
282.912087912088,2829.12087912088,-6.24898508245931e-18,-5.70604848576929e-15,5.26943204011532e-18,3.41991692005021e-17,-4.20969403389668e-15,-1.4963544518726e-15
282.930402930403,2829.30402930403,-1.72623216018521e-18,-1.57625026684086e-15,-4.73420452036042e-18,-3.07254861983274e-17,-2.58399918340813e-15,1.00774891656726e-15
282.948717948718,2829.48717948718,3.76782023675119e-19,3.44045707788822e-16,-1.92881424663699e-18,-1.25182077071885e-17,-6.33165362821859e-16,9.77211070610681e-16
282.967032967033,2829.67032967033,3.86579304851782e-18,3.52991762337691e-15,-1.43964925735046e-17,-9.34347538153811e-17,3.28561485572424e-15,2.4430276765267e-16
282.985347985348,2829.85347985348,3.36468176509736e-18,3.07234487480541e-15,4.0697243256566e-18,2.6412939715887e-17,2.65244949290238e-15,4.19895381903027e-16
283.003663003663,2830.03663003663,-1.04513818162168e-18,-9.54332433182105e-16,7.53959479408384e-18,4.89327646894664e-17,-4.96264743833349e-16,-4.58067689348757e-16
283.021978021978,2830.21978021978,-5.16952253953681e-19,-4.72037392786756e-16,-6.21063440467621e-18,-4.03076717245855e-17,-3.42251547471275e-16,-1.29785845315481e-16
283.040293040293,2830.40293040293,-1.33205081558224e-19,-1.21631696010218e-16,-3.46987046842724e-18,-2.25198249735794e-17,-1.3690061898851e-16,1.52689229782919e-17
283.058608058608,2830.58608058608,-2.23155776510766e-19,-2.03767117995552e-16,-3.73748422830469e-18,-2.42566664746668e-17,-1.19788041614946e-16,-8.39790763806054e-17
283.076923076923,2830.76923076923,-7.31489675238503e-19,-6.67934952423966e-16,4.33733808553405e-18,2.81497812169743e-17,-1.02675464241383e-15,3.58819689989859e-16
283.095238095238,2830.95238095238,-2.17823507986538e-18,-1.98898138099314e-15,-5.59256372748761e-18,-3.62963279011667e-17,-1.45456907675292e-15,-5.34412304240216e-16
283.113553113553,2831.13553113553,9.11133598556649e-19,8.31970699525437e-16,-2.46404176639189e-18,-1.59918907093631e-17,1.5572445409943e-15,-7.25273841468864e-16
283.131868131868,2831.31868131868,1.47125893387803e-18,1.34343012522049e-15,-1.37038196812448e-18,-8.89392337550303e-18,5.64715053327604e-16,7.78715071892886e-16
283.150183150183,2831.50183150183,-6.16456314368944e-19,-5.62896145971195e-16,-4.12524225315144e-18,-2.67732569154643e-17,-1.04386721978739e-15,4.80971073816194e-16
283.168498168498,2831.68498168498,2.49783919493064e-18,2.28081702354136e-15,3.27599145600387e-18,2.12615297531807e-17,1.75403918079029e-15,5.2677784275107e-16
283.186813186813,2831.86813186813,3.1582613167376e-18,2.88385905330758e-15,5.10331199143937e-18,3.3121032579892e-17,2.78079382320411e-15,1.0306523010347e-16
283.205128205128,2832.05128205128,-2.0438002565827e-18,-1.86622678809452e-15,4.28886833242821e-18,2.78352074118746e-17,-1.23638371523998e-15,-6.2984307285454e-16
283.223443223443,2832.23443223443,-6.8514230187131e-19,-6.25614422588875e-16,6.78522326755733e-18,4.40368139913042e-17,-9.88251343323307e-16,3.62636920734432e-16
283.241758241758,2832.41758241758,1.97957928173277e-18,1.80758558612947e-15,-5.12651675019697e-18,-3.32716339094028e-17,1.22354928220981e-15,5.84036303919665e-16
283.260073260073,2832.60073260073,-2.03391150701331e-18,-1.85719721228949e-15,6.16921282595936e-18,4.00388413139634e-17,-9.75416910293134e-16,-8.81780301996356e-16
283.278388278388,2832.78388278388,4.25565166463482e-19,3.88590377741699e-16,-1.36280246982001e-17,-8.84473163282637e-17,4.5348330039944e-16,-6.48929226577405e-17
283.296703296703,2832.96703296703,3.59516178846288e-18,3.28279988005361e-15,1.97023582535384e-18,1.27870381178106e-17,2.2674165019972e-15,1.01538337805641e-15
283.315018315018,2833.15018315018,-1.58951740252082e-18,-1.45141382929792e-15,5.95690012667247e-18,3.86609095233925e-17,-1.53157567493396e-15,8.01618456360324e-17
283.333333333333,2833.33333333333,-6.77374263925912e-19,-6.1852130257485e-16,-1.2016540949246e-17,-7.79886169893621e-17,3.42251547471275e-17,-6.52746457321978e-16
283.351648351648,2833.51648351648,2.50056292040299e-18,2.28330410094706e-15,-1.7048991679713e-18,-1.10649752518622e-17,1.47595979846987e-15,8.07344302477183e-16
283.369963369963,2833.69963369963,-3.23579602430685e-19,-2.95465723811394e-16,2.71549894190073e-18,1.76238742754172e-17,-1.16579433357403e-15,8.70328609762637e-16
283.388278388278,2833.88278388278,-2.67490506466115e-18,-2.44249870857101e-15,-2.62560761007804e-18,-1.70404700596954e-17,-1.27060886998711e-15,-1.1718898385839e-15
283.406593406593,2834.06593406593,-3.19017362264498e-18,-2.91299869156842e-15,6.75456370896521e-18,4.38378302253267e-17,-1.13798639534199e-15,-1.77501229622643e-15
283.424908424908,2834.24908424908,-7.93108882473054e-19,-7.24200438658194e-16,-4.58247901245583e-18,-2.97407716641312e-17,-9.1124474514227e-16,1.87044306484076e-16
283.443223443223,2834.43223443223,3.00380169088394e-18,2.74281949206928e-15,8.4447972525348e-19,5.4807624029449e-18,1.47168165412648e-15,1.2711378379428e-15
283.461538461538,2834.61538461538,1.49492553356689e-18,1.36504047690735e-15,-2.12269325906036e-18,-1.37765029275872e-17,1.03103278675722e-15,3.34007690150135e-16
283.479853479853,2834.79853479854,-9.76552131807669e-19,-8.91705411270232e-16,1.16790960461915e-18,7.57985640106815e-18,-4.02145568278748e-16,-4.89559842991484e-16
283.498168498169,2834.98168498169,3.99479058401054e-18,3.64770734160369e-15,-3.31463442750967e-18,-2.15123267102107e-17,2.9262507308794e-15,7.21456610724291e-16
283.516483516484,2835.16483516484,2.91055813379319e-18,2.65767730486213e-15,5.13269745696886e-19,3.3311747347637e-18,1.90377423280897e-15,7.53903072053162e-16
283.534798534799,2835.34798534799,-2.68066079796653e-18,-2.44775436094948e-15,9.55622658277138e-18,6.20209174982323e-17,-2.40003897664232e-15,-4.77153843071621e-17
283.553113553114,2835.53113553114,-1.61441713165238e-18,-1.47415017125304e-15,4.45021730921008e-18,2.88823792731461e-17,-8.2140371393106e-16,-6.52746457321978e-16
283.571428571429,2835.71428571429,-1.20734551911124e-18,-1.10244655415528e-15,2.68768576142724e-18,1.74433638033633e-17,1.8396020676581e-16,-1.28640676092109e-15
283.589743589744,2835.89743589744,-3.87997319017937e-18,-3.54286573811686e-15,8.20340405680255e-18,5.32409567526249e-17,-2.60859851338263e-15,-9.34267224734235e-16
283.608058608059,2836.08058608059,-3.17417342935405e-19,-2.89838865849985e-16,-7.49180275005386e-18,-4.86225892876819e-17,-5.11238249035217e-16,2.21399383185232e-16
283.626373626374,2836.26373626374,2.83352480852481e-18,2.58733694027474e-15,-3.5953144183698e-18,-2.33339694272141e-17,2.20752248118972e-15,3.79814459085011e-16
283.644688644689,2836.44688644689,9.67180009271279e-19,8.83147575893521e-16,-2.66081459656921e-18,-1.72689671119176e-17,1.02247649807043e-15,-1.39328922176913e-16
283.663003663004,2836.63003663004,1.27703765893361e-18,1.16608356459074e-15,3.47005344987772e-18,2.25210125424745e-17,1.02675464241383e-15,1.39328922176913e-16
283.681318681319,2836.81318681319,1.39377165436427e-18,1.27267524773215e-15,6.20395897027894e-18,4.02643474519312e-17,4.74874022116394e-16,7.97801225615751e-16
283.699633699634,2836.99633699634,-3.32756253624096e-18,-3.03845071170307e-15,-1.48257670563388e-18,-9.62207904432648e-18,-2.65672763724577e-15,-3.81723074457297e-16
283.717948717949,2837.17948717949,1.12364220007499e-18,1.02601571130028e-15,-5.17216384500184e-18,-3.35678883646949e-17,1.22141021003811e-15,-1.95394498737829e-16
283.736263736264,2837.36263736264,2.70009274984389e-18,2.46549798781404e-15,4.74459041194804e-18,3.07928917291322e-17,1.87382722240523e-15,5.9167076540881e-16
283.754578754579,2837.54578754579,-2.18646723521092e-19,-1.99649829404768e-16,1.07874172723494e-18,7.00114748088528e-18,-7.01615672316114e-16,5.01965842911346e-16
283.772893772894,2837.72893772894,6.35810560458968e-19,5.80568818435269e-16,-1.88074434188591e-19,-1.22062289600447e-18,8.27018778381761e-16,-2.46449959946492e-16
283.791208791209,2837.91208791209,2.61865200313332e-18,2.3911331360316e-15,3.05974465553158e-18,1.98580652313653e-17,1.98078083099e-15,4.10352305041594e-16
283.809523809524,2838.09523809524,-2.25820894457405e-18,-2.06200679929713e-15,8.02407376396531e-18,5.20770842553942e-17,-2.20324433684633e-15,1.412375375492e-16
283.827838827839,2838.27838827839,-4.07570454053337e-18,-3.72159117281824e-15,1.59192845357003e-18,1.03317834112429e-17,-3.07170763855469e-15,-6.49883534263548e-16
283.846153846154,2838.46153846154,-2.75297841943203e-19,-2.51378874077476e-16,-2.58763472342099e-18,-1.67940220239433e-17,-2.13907217169547e-17,-2.29988152360522e-16
283.864468864469,2838.64468864469,7.89334964343454e-19,7.20754413496562e-16,2.36636016874214e-18,1.53579268475336e-17,4.36370723025876e-16,2.84383690470686e-16
283.882783882784,2838.82783882784,-3.65291391531597e-18,-3.33553427318011e-15,-4.88879758479226e-18,-3.1728811476551e-17,-3.27064135052237e-15,-6.48929226577405e-17
283.901098901099,2839.01098901099,-5.1304560078843e-18,-4.68470165135569e-15,6.57065972700222e-18,4.26442740037228e-17,-4.31156734607368e-15,-3.73134305282008e-16
283.919413919414,2839.19413919414,-6.94134999963789e-19,-6.33825799421507e-16,-1.54496444296031e-17,-1.00269820336088e-16,-1.92516495452592e-17,-6.14574149876248e-16
283.937728937729,2839.37728937729,6.58602578335316e-18,6.0138057544458e-15,-3.11167538417423e-18,-2.01951011323951e-17,5.71987898711369e-15,2.93926767332119e-16
283.956043956044,2839.56043956044,2.80044458675102e-18,2.5571308593079e-15,-6.49698851477401e-18,-4.21661400733451e-17,2.59148593600906e-15,-3.43550767011567e-17
283.974358974359,2839.74358974359,-5.82423974381213e-18,-5.31820670595319e-15,2.03049559853887e-18,1.31781303955836e-17,-4.2503364051589e-15,-1.06787030079429e-15
283.992673992674,2839.92673992674,-3.16666963343209e-19,-2.89153682211474e-16,-9.72807750882012e-18,-6.31362481168762e-17,-6.28887218478468e-16,3.39733536266994e-16
284.010989010989,2840.10989010989,4.65897137921498e-18,4.25418147632219e-15,-7.58731101941096e-19,-4.92424480198801e-18,3.48882671203531e-15,7.65354764286881e-16
284.029304029304,2840.29304029304,-1.0594359935593e-18,-9.67387994538053e-16,-6.97899744685803e-18,-4.52944288336901e-17,-5.09767636917177e-16,-4.57620357620877e-16
284.047619047619,2840.47619047619,-2.9443726434975e-18,-2.68855387591315e-15,-5.64707218613553e-18,-3.66500935415559e-17,-2.75726402931546e-15,6.87101534023135e-17
284.065934065934,2840.65934065934,5.80012935303263e-19,5.29619112150495e-16,-1.75876094391199e-18,-1.1414543853338e-17,-4.3423165085418e-16,9.63850763004675e-16
284.084249084249,2840.84249084249,1.05327209313799e-18,9.61759638220776e-16,-7.69593560668711e-18,-4.99474330374894e-17,1.61927763397347e-15,-6.57517995752694e-16
284.102564102564,2841.02564102564,2.63921375904679e-18,2.40990840507875e-15,3.75278721691385e-18,2.43559844832744e-17,3.00539640123213e-15,-5.95487996153383e-16
284.120879120879,2841.20879120879,1.8044647377138e-18,1.64768568789793e-15,2.64291730585003e-18,1.71528118092443e-17,4.83430310803176e-16,1.16425537709476e-15
284.139194139194,2841.39194139194,-1.37449723138549e-18,-1.25507546303097e-15,6.3834506955359e-18,4.14292676625767e-17,-1.90591330498066e-15,6.50837841949692e-16
284.157509157509,2841.57509157509,-3.79663955589706e-18,-3.46677246033885e-15,1.58779516945156e-18,1.03049579617741e-17,-2.03960531571163e-15,-1.42716714462722e-15
284.175824175824,2841.75824175824,-1.21518639299899e-18,-1.10960618183625e-15,1.81472187076915e-18,1.17777361654573e-17,-1.92516495452592e-16,-9.17089686383656e-16
284.194139194139,2841.94139194139,7.68571639194157e-19,7.01795088347869e-16,8.86840381081586e-19,5.75568752297319e-18,3.4011247529958e-16,3.61682613048289e-16
284.212454212454,2842.12454212454,1.19374891191811e-18,1.09003127409585e-15,6.8635576212147e-18,4.45452122009301e-17,9.49748044232788e-16,1.40283229863057e-16
284.230769230769,2842.30769230769,9.26668827517881e-19,8.46156166208521e-16,-3.04189467208266e-18,-1.9742216957861e-17,4.5214638029213e-16,3.94009785916391e-16
284.249084249084,2842.49084249084,8.43980553562044e-19,7.7065217729343e-16,4.65199596070453e-18,3.01919439835312e-17,-1.28344330301728e-17,7.83486610323602e-16
284.267399267399,2842.67399267399,1.22452971993026e-18,1.11813772348417e-15,-2.70497245215287e-18,-1.75555562477372e-17,1.02461557024213e-15,9.35221532420378e-17
284.285714285714,2842.85714285714,-3.04971204859699e-18,-2.78474097590271e-15,2.98653398103533e-18,1.93829202393966e-17,-1.42676113852088e-15,-1.35797983738183e-15
284.304029304029,2843.04029304029,-3.03365098224377e-18,-2.77007535866482e-15,-1.78921188326634e-17,-1.16121736584794e-16,-1.3994211223264e-15,-1.37065423633842e-15
284.322344322344,2843.22344322344,2.48118009044024e-18,2.26560532809043e-15,5.61685223836036e-18,3.64539628961039e-17,2.24174763593685e-15,2.38576921535811e-17
284.340659340659,2843.40659340659,2.00407417853355e-18,1.82995226919158e-15,-2.12299442926746e-18,-1.37784575539667e-17,3.59364124844839e-16,1.47058814434674e-15
284.358974358974,2843.58974358974,-3.60553159402365e-19,-3.29226871579845e-16,-7.54802581928198e-18,-4.89874829314116e-17,-1.1337082509986e-15,8.04481379418754e-16
284.377289377289,2843.77289377289,1.14787073752843e-18,1.04813917737106e-15,-1.57621795597862e-18,-1.02298206263996e-17,9.24079178172443e-16,1.24059999198622e-16
284.395604395604,2843.95604395604,-4.93139982380112e-19,-4.50294025766008e-16,-1.99430857787965e-18,-1.29432728183408e-17,1.51874124190378e-16,-6.02168149956386e-16
284.413919413919,2844.13919413919,-1.20070728520195e-18,-1.09638507632385e-15,-3.03604529820452e-18,-1.9704253905021e-17,-3.44390619642971e-16,-7.51994456680875e-16
284.432234432234,2844.32234432234,1.66506521333692e-18,1.52039774681766e-15,-3.56953415168525e-18,-2.31666527798664e-17,1.08237051887791e-15,4.38027227939748e-16
284.450549450549,2844.50549450549,1.68088501063109e-18,1.5348430574088e-15,9.86318354845355e-18,6.40131005507359e-17,5.2748182833903e-16,1.00736122906977e-15
284.468864468864,2844.68864468864,-2.5268499201576e-18,-2.30730718195396e-15,3.01673871013843e-19,1.95789521140633e-18,-1.75190010861859e-15,-5.55407073335367e-16
284.48717948718,2844.87179487179,-2.86966668066632e-18,-2.62033866328809e-15,-8.29731369549423e-18,-5.38504402033507e-17,-2.1240986664936e-15,-4.96239996794486e-16
284.505494505494,2845.05494505494,-3.20329086770586e-19,-2.92497625837797e-16,2.20453486390466e-18,1.43076635669888e-17,-3.76476702218403e-16,8.39790763806054e-17
284.52380952381,2845.2380952381,1.69005238794579e-18,1.54321393664035e-15,2.04503952071907e-18,1.32725219830816e-17,1.72596385853678e-15,-1.82749921896431e-16
284.542124542125,2845.42124542125,5.2788899416346e-18,4.8202390565081e-15,1.51981000462058e-18,9.86372707816486e-18,3.91984975463195e-15,9.0038930187615e-16
284.56043956044,2845.6043956044,2.99657399399929e-18,2.73621976614258e-15,-2.70636281550611e-19,-1.75645798524076e-18,1.76473454164876e-15,9.71485224493821e-16
284.578754578755,2845.78754578755,-2.08402602307361e-18,-1.9029575805265e-15,-6.35299345548089e-18,-4.12315969652241e-17,-1.36472804554171e-15,-5.38229534984789e-16
284.59706959707,2845.9706959707,-2.58871177271174e-18,-2.3637942315205e-15,-6.94195054413339e-18,-4.50539905312337e-17,-1.29520819996161e-15,-1.0685860315589e-15
284.615384615385,2846.15384615385,-3.74976369848299e-19,-3.42396936324594e-16,3.92064637983695e-18,2.54454081386057e-17,4.17119073480617e-17,-3.84108843672655e-16
284.6336996337,2846.336996337,-9.29755885772457e-19,-8.48975008603977e-16,2.10531718242067e-18,1.36637303592121e-17,-7.23006394033069e-16,-1.25968614570908e-16
284.652014652015,2846.52014652015,1.66699621273896e-18,1.52216097333662e-15,1.15496317258294e-17,7.49583269293825e-17,8.06430208729192e-16,7.15730764607432e-16
284.67032967033,2846.7032967033,-2.2440669147428e-18,-2.04909348508059e-15,6.46912154362447e-18,4.19852804941355e-17,-1.92837356278347e-15,-1.2071992229712e-16
284.688644688645,2846.88644688645,-5.37324085912806e-18,-4.90639239225628e-15,-5.45055142793383e-18,-3.5374653112685e-17,-3.4727836707476e-15,-1.43360872150869e-15
284.70695970696,2847.0695970696,-1.67009004643004e-18,-1.5249860024918e-15,-8.95012234273647e-18,-5.808723711289e-17,-1.03638046718646e-15,-4.8860553530534e-16
284.725274725275,2847.25274725275,2.14067036605922e-18,1.95468043843949e-15,-3.39114835380052e-18,-2.20089101544025e-17,5.60436908984213e-16,1.39424352945528e-15
284.74358974359,2847.4358974359,-1.01193938970916e-18,-9.24018083920251e-16,-6.7398234380928e-18,-4.37421643141261e-17,-6.88781239285941e-16,-2.35236844634309e-16
284.761904761905,2847.61904761905,-4.11912026722067e-19,-3.76123476905886e-16,4.21666355643836e-18,2.73665908072078e-17,3.5535336452291e-16,-7.31476841428796e-16
284.78021978022,2847.8021978022,-6.01336927822801e-19,-5.49090391665661e-16,-8.31653672301418e-18,-5.39751996775589e-17,-6.89850775371789e-16,1.40760383706128e-16
284.798534798535,2847.98534798535,7.79475010379181e-19,7.11751131420323e-16,-4.66201188779138e-18,-3.02569484057413e-17,4.27814434339094e-17,6.68969687986413e-16
284.81684981685,2848.1684981685,3.84901368002957e-18,3.51459611294104e-15,3.93570175025725e-18,2.55431190790752e-17,3.55085980501448e-15,-3.62636920734432e-17
284.835164835165,2848.35164835165,5.40402463139368e-18,4.93450154835198e-15,-1.58826513611894e-18,-1.03080080949676e-17,4.42680985932377e-15,5.07691689028205e-16
284.85347985348,2848.5347985348,-7.41150389023246e-19,-6.76756305097317e-16,3.3461569536173e-18,2.1716911226298e-17,-1.0715414660087e-15,3.94785160911383e-16
284.871794871795,2848.71794871795,-2.9645134754185e-18,-2.70694479251296e-15,7.85595724726145e-18,5.09859903469075e-17,-2.34335356409239e-15,-3.63591228420575e-16
284.89010989011,2848.9010989011,-1.30881445611103e-18,-1.19509946765727e-15,-2.32981973227739e-18,-1.51207755644723e-17,-8.62046085193274e-16,-3.33053382463992e-16
284.908424908425,2849.08424908425,6.93316866006609e-19,6.33078748185839e-16,4.39322485834048e-18,2.85124922614905e-17,2.16046289341242e-16,4.17032458844597e-16
284.92673992674,2849.2673992674,-1.69095839084506e-19,-1.54404122241608e-16,-5.71534186366981e-18,-3.70931709425897e-17,-2.39576083229893e-16,8.51719609882844e-17
284.945054945055,2849.45054945055,-1.23916445103438e-18,-1.13150093113379e-15,-1.43950105139048e-18,-9.34251350924082e-18,-1.99013927174117e-15,8.58638340607383e-16
284.96336996337,2849.6336996337,4.28161852501487e-19,3.90961453402732e-16,-7.27272695034578e-18,-4.72007642627238e-17,4.88777991232415e-16,-9.78165378296824e-17
284.981684981685,2849.81684981685,-6.50762043219386e-19,-5.94221257101599e-16,6.75591966669278e-18,4.3846630533861e-17,9.86112271151611e-16,-1.58033352825321e-15
285,2850,-4.11548820979275e-18,-3.75791827917877e-15,-1.46841887118381e-18,-9.5301932068805e-18,-3.02357851469155e-15,-7.34339764487225e-16
285.018315018315,2850.18315018315,-1.07552432045781e-19,-9.82078503816989e-17,-1.3158295826564e-17,-8.53987264542221e-17,-1.24814861218431e-15,1.14994076180261e-15
285.03663003663,2850.3663003663,4.13530890233921e-18,3.77601687138202e-15,3.9986246449884e-18,2.59514952963058e-17,2.68667464764951e-15,1.08934222373251e-15
285.054945054945,2850.54945054945,3.59065527626189e-18,3.27868491149772e-15,2.26325936864447e-18,1.46887917907752e-17,3.88562459988482e-15,-6.06939688387102e-16
285.07326007326,2850.7326007326,1.01980482455423e-19,9.31200138605188e-17,4.61777192479683e-18,2.9969826384173e-17,1.17435062226081e-15,-1.08123060840029e-15
285.091575091575,2850.91575091575,-4.30176443851325e-18,-3.92801009069693e-15,3.99303463470074e-18,2.59152155404982e-17,-3.90701532160178e-15,-2.09947690951513e-17
285.10989010989,2851.0989010989,-4.28688642689236e-19,-3.91442473970626e-16,3.81415454908266e-18,2.47542649355599e-17,9.35844075116768e-17,-4.85026881482303e-16
285.128205128205,2851.28205128205,2.7525140902995e-18,2.513364754398e-15,2.35583650726431e-18,1.52896271756242e-17,2.35244462082209e-15,1.60920133575904e-16
285.14652014652,2851.4652014652,1.78351508806079e-18,1.62855622685706e-15,2.26587959132779e-18,1.47057973120928e-17,2.74870774062868e-16,1.35368545279419e-15
285.164835164835,2851.64835164835,1.80073485992144e-18,1.64427987667445e-15,2.69402861967454e-18,1.74845296217594e-17,8.14986497415974e-16,8.29293379258478e-16
285.18315018315,2851.8315018315,6.21959662664757e-20,5.67921341550254e-17,1.00700671554166e-17,6.5355796960041e-17,8.77019590395143e-16,-8.20227456240117e-16
285.201465201465,2852.01465201465,-5.42700606506664e-19,-4.95548626396259e-16,4.14885849183769e-18,2.69265287930712e-17,6.41721651508641e-18,-5.01965842911346e-16
285.21978021978,2852.1978021978,1.5456057985748e-18,1.41131743958062e-15,-9.61775755991348e-19,-6.24202600236383e-18,-1.59093492769851e-17,1.4272267888576e-15
285.238095238095,2852.38095238095,-5.44230161296174e-19,-4.96945287402073e-16,-4.76374401645787e-18,-3.09172006406893e-17,-1.60537366485745e-15,1.10842837745538e-15
285.25641025641,2852.5641025641,1.18858941702459e-19,1.08532005657236e-16,-1.26010916319657e-18,-8.17824125165481e-18,4.13910465223073e-16,-3.05378459565838e-16
285.274725274725,2852.74725274725,3.0056132732177e-18,2.74447367694826e-15,-6.63075609557499e-18,-4.30343057683436e-17,2.63854552378636e-15,1.059281531619e-16
285.29304029304,2852.9304029304,-5.78140374041022e-19,-5.27909246434075e-16,7.91222033065463e-18,5.13511436867849e-17,7.37979899234937e-16,-1.26588914566901e-15
285.311355311355,2853.11355311355,-7.87851736601002e-18,-7.19400054460304e-15,8.77019519739106e-18,5.69194909799888e-17,-4.64766906105133e-15,-2.54633148355171e-15
285.32967032967,2853.2967032967,-4.51115739790429e-18,-4.11921015968377e-15,-5.03521713677581e-18,-3.26790897977109e-17,-4.01423631420801e-15,-1.04973845475757e-16
285.347985347985,2853.47985347985,1.65314891439539e-18,1.50951678316771e-15,-3.92722210970677e-18,-2.54880853183705e-17,6.49208404109575e-16,8.60308379058133e-16
285.3663003663,2853.663003663,3.11053175432473e-18,2.84027642449049e-15,1.9981191462514e-18,1.29680038086076e-17,3.16903542236684e-15,-3.28758997876347e-16
285.384615384615,2853.84615384615,3.41447444792398e-18,3.11781137195592e-15,-5.8038632766098e-18,-3.76676842404092e-17,2.42784691487436e-15,6.89964457081564e-16
285.40293040293,2854.0293040293,2.95464251136992e-18,2.69793145695218e-15,-1.71882924457948e-18,-1.11553829169146e-17,7.58301084866044e-16,1.93963037208614e-15
285.421245421245,2854.21245421245,-3.34546916797663e-19,-3.05480154428664e-16,1.31297339643601e-18,8.52133569588466e-18,-8.84506342996077e-16,5.79026188567413e-16
285.43956043956,2854.3956043956,1.42399772351312e-19,1.30027515616875e-16,3.43261856347898e-18,2.22780561850899e-17,3.91984975463195e-16,-2.6195745984632e-16
285.457875457875,2854.57875457875,1.12075798145058e-18,1.02338208502382e-15,1.83092389088675e-18,1.18828889832892e-17,1.03531093110061e-15,-1.19288460767905e-17
285.47619047619,2854.7619047619,-1.6635585256456e-18,-1.51902196612588e-15,1.16193284740131e-17,7.54106661693066e-17,-8.79158662566838e-16,-6.39863303559044e-16
285.494505494506,2854.94505494506,-5.08283591111737e-18,-4.64121897737525e-15,1.19674276249618e-17,7.76698663394993e-17,-3.15727052542251e-15,-1.48394845195274e-15
285.51282051282,2855.12820512821,-1.61237687833681e-18,-1.47228718323365e-15,4.10670888579633e-18,2.6652973408398e-17,-1.40643995288977e-15,-6.58472303438838e-17
285.531135531136,2855.31135531136,1.25642889842944e-18,1.14726537489806e-15,4.16333620761968e-18,2.70204906940684e-17,6.26213378263849e-16,5.2105199663421e-16
285.549450549451,2855.49450549451,-1.68419777561402e-19,-1.53786799623728e-16,4.07369865852261e-19,2.6438733554978e-18,-2.33292558725537e-16,7.95057591018089e-17
285.567765567766,2855.67765567766,-1.43719712074153e-18,-1.31232773743985e-15,-4.30256993983776e-18,-2.79241322877532e-17,-1.12194335405427e-15,-1.90384383385577e-16
285.586080586081,2855.86080586081,1.97568509960533e-18,1.80402974598289e-15,-1.4875816546326e-18,-9.65456169071871e-18,1.18611551920514e-15,6.1791422677775e-16
285.604395604396,2856.04395604396,1.31026101180344e-18,1.19642034085656e-15,-1.44448006984733e-18,-9.3748278636839e-18,1.61392995354423e-15,-4.17509612687669e-16
285.622710622711,2856.22710622711,-7.66502590273463e-19,-6.99905806599694e-16,3.46124631407801e-18,2.24638533030929e-17,2.62036341032695e-16,-9.61942147632389e-16
285.641025641026,2856.41025641026,1.62074835359534e-18,1.47993131153486e-15,-1.15696788154064e-17,-7.50884346531754e-17,4.45461779755582e-16,1.03446953177928e-15
285.659340659341,2856.59340659341,5.24487386269446e-19,4.78917842935554e-16,3.50182929967887e-18,2.27272411560265e-17,-9.54560956619103e-17,5.74373938597464e-16
285.677655677656,2856.77655677656,-3.1918827265017e-19,-2.9145593017067e-16,1.62655880141428e-19,1.05565380178839e-18,2.21126585749019e-16,-5.12582515919689e-16
285.695970695971,2856.95970695971,3.06277339630675e-18,2.79666750194461e-15,8.62612917008272e-18,5.59844872819708e-17,1.71018820127053e-15,1.08647930067408e-15
285.714285714286,2857.14285714286,1.67437635694483e-18,1.52889990135693e-15,5.92866586736295e-18,3.84776662053222e-17,6.65251445397291e-16,8.63648455959635e-16
285.732600732601,2857.32600732601,2.66039207968161e-19,2.42924666926003e-16,-4.14533528935204e-18,-2.6903662837686e-17,7.40118971406632e-16,-4.97194304480629e-16
285.750915750916,2857.50915750916,-2.52062329401558e-19,-2.30162154977525e-16,7.67859271164772e-18,4.98348758211967e-17,1.40109227246053e-16,-3.70271382223578e-16
285.769230769231,2857.69230769231,-9.74243401820844e-19,-8.89597272897115e-16,-6.46607728120138e-18,-4.19655229102241e-17,-1.02033742589874e-15,1.30740153001624e-16
285.787545787546,2857.87545787546,-1.20869065498856e-18,-1.10367481929508e-15,6.93149550948996e-18,4.4986136254711e-17,-1.10295908853048e-15,-7.15730764607432e-19
285.805860805861,2858.05860805861,-1.72877146674537e-18,-1.57856894838055e-15,6.70735326055941e-19,4.3531429440428e-18,-9.91192567559388e-16,-5.87376380821166e-16
285.824175824176,2858.24175824176,-1.31857150813349e-18,-1.20400878832032e-15,2.79689706274983e-18,1.81521566569583e-17,-8.56163636721112e-16,-3.47845151599212e-16
285.842490842491,2858.42490842491,5.23972453095569e-19,4.78447649197162e-16,-2.80500520985578e-18,-1.82047793860623e-17,5.39046187267258e-16,-6.05985380700959e-17
285.860805860806,2858.60805860806,-1.97069837834252e-18,-1.79947629083215e-15,-5.45106194774804e-18,-3.53779664400746e-17,-1.60002598442821e-15,-1.99450306403938e-16
285.879120879121,2858.79120879121,-1.66958866412916e-18,-1.52452818227284e-15,-6.36990871066467e-18,-4.13413787537918e-17,-1.75403918079029e-15,2.2951099851745e-16
285.897435897436,2858.97435897436,-4.04410559856403e-19,-3.69273767219425e-16,-7.23656707457527e-18,-4.69660828586691e-17,-4.51344228227744e-16,8.20704610083189e-17
285.915750915751,2859.15750915751,-6.67840801307906e-19,-6.0981614498241e-16,-5.21449726219629e-18,-3.38426367031205e-17,-1.0641884054185e-16,-5.03397304440561e-16
285.934065934066,2859.34065934066,2.39915215687751e-19,2.19070430657732e-16,-1.81274801449235e-18,-1.17649256302281e-17,8.40354556452175e-16,-6.21284125794443e-16
285.952380952381,2859.52380952381,3.79179808305419e-18,3.46235163384952e-15,-3.84211117230369e-18,-2.49357063661604e-17,3.29844928875441e-15,1.63902345095102e-16
285.970695970696,2859.70695970696,1.92621848466019e-19,1.75886098664369e-16,1.13505841431907e-17,7.3666487143654e-17,-2.18720129555862e-16,3.94606228220231e-16
285.989010989011,2859.89010989011,-1.28549933219053e-18,-1.17381005413066e-15,-1.10011169099045e-18,-7.13984079749313e-18,-1.22247974612396e-15,4.86696919933054e-17
286.007326007326,2860.07326007326,-7.31298269157424e-19,-6.67760176461998e-16,-5.69234065216202e-18,-3.69438906561787e-17,-1.61499948963008e-16,-5.0626022749899e-16
286.025641025641,2860.25641025641,1.34244518210032e-18,1.225808222851e-15,-1.91571753506425e-18,-1.24332086690309e-17,1.3198075299361e-15,-9.39993070851094e-17
286.043956043956,2860.43956043956,9.97056296510902e-19,9.104280928598e-16,-1.22850254972426e-18,-7.97311099971008e-18,3.72198557875012e-16,5.38229534984789e-16
286.062271062271,2860.62271062271,1.83728241132328e-19,1.67765203192578e-16,6.58800975814636e-18,4.27568775340873e-17,-7.34771290977394e-16,9.02536494169972e-16
286.080586080586,2860.80586080586,1.27009018986789e-18,1.15973971917916e-15,-6.99154014500544e-18,-4.53758322663387e-17,1.40777687299708e-16,1.01896203187945e-15
286.098901098901,2860.98901098901,2.48891954451291e-18,2.27267234771191e-15,3.53603494682786e-18,2.29492394104029e-17,1.33852441143844e-15,9.34147936273467e-16
286.117216117216,2861.17216117216,-1.83687038009122e-18,-1.67727579960057e-15,-1.7981532142289e-18,-1.16702038386086e-17,-1.11017845710995e-15,-5.67097342490622e-16
286.135531135531,2861.35531135531,-2.16893664020091e-18,-1.98049082662833e-15,-2.01407441460026e-18,-1.30715551814592e-17,-1.11445660145334e-15,-8.66034225174993e-16
286.153846153846,2861.53846153846,1.77365513409652e-18,1.61955294478082e-15,-4.52623186668726e-18,-2.93757217611168e-17,1.86099278937506e-15,-2.4143984459424e-16
286.172161172161,2861.72161172161,7.76289708295379e-19,7.0884258100899e-16,2.40085917515447e-18,1.55818290344416e-17,7.77552734411303e-16,-6.87101534023135e-17
286.190476190476,2861.90476190476,-1.09114678316396e-18,-9.96343625031413e-16,-2.82744828572432e-18,-1.83504373133617e-17,-9.30496394687529e-16,-6.58472303438838e-17
286.208791208791,2862.08791208791,2.3564891917718e-18,2.15174806900793e-15,-4.63929135659909e-18,-3.01094897641543e-17,1.94227753189949e-15,2.09470537108442e-16
286.227106227106,2862.27106227106,-4.9854254605801e-19,-4.55227193294296e-16,4.67558979719998e-18,3.03450704685592e-17,-1.19788041614946e-16,-3.3543915167935e-16
286.245421245421,2862.45421245421,-3.34614120658431e-18,-3.05541519351594e-15,-9.650768111595e-19,-6.26345019824991e-18,-2.50859688935586e-15,-5.46818304160078e-16
286.263736263736,2862.63736263736,7.39598469999981e-19,6.75339222951035e-16,-6.66427873567471e-18,-4.32518712349993e-17,5.65951704426865e-16,1.09387518524169e-16
286.282051282051,2862.82051282051,-2.05868673749921e-19,-1.87981987253483e-16,3.40257706250933e-18,2.20830836782093e-17,-3.26475890205021e-16,1.38493902951538e-16
286.300366300366,2863.00366300366,3.07826289107162e-19,2.81081120799961e-16,-7.01481974364724e-18,-4.55269193145841e-17,-7.2728453837646e-17,3.53809574637607e-16
286.318681318681,2863.18681318681,3.28603588594237e-18,3.00053206140568e-15,-5.03798478857448e-18,-3.26970521495223e-17,1.80430737682513e-15,1.19622468458055e-15
286.336996336996,2863.36996336996,-1.10574615495885e-18,-1.00967454552877e-15,3.52172812246271e-18,2.28563866127085e-17,-1.66098954132153e-15,6.51314995792763e-16
286.355311355311,2863.55311355311,4.98511209664206e-20,4.55198579530611e-17,-7.31834158096641e-18,-4.74968080220393e-17,-1.44387371589444e-16,1.89907229542505e-16
286.373626373626,2863.73626373626,2.98154268812763e-18,2.72249443971335e-15,3.7764716213593e-18,2.45096987638415e-17,3.6834822796596e-15,-9.60987839946245e-16
286.391941391941,2863.91941391941,-2.41801608368406e-18,-2.20792926064103e-15,1.19790210083387e-17,7.77451086192542e-17,-1.12622149839766e-15,-1.08170776224337e-15
286.410256410256,2864.10256410256,-2.60281907843094e-18,-2.37667583859351e-15,5.67232150309216e-19,3.68139642692213e-18,-2.58399918340813e-15,2.07323344814619e-16
286.428571428571,2864.28571428571,-1.41319937159382e-19,-1.29041500787189e-16,1.15411318397284e-17,7.49031617729214e-17,2.43854227573284e-16,-3.72895728360472e-16
286.446886446886,2864.46886446886,-3.81299334228025e-18,-3.48170536493008e-15,1.09699535012155e-18,7.11961541687325e-18,-2.395226064256e-15,-1.08647930067408e-15
286.465201465201,2864.65201465201,-5.09943318974972e-18,-4.65637421864377e-15,-1.24268200039328e-17,-8.06513712869482e-17,-4.21831716858883e-15,-4.3805705005494e-16
286.483516483516,2864.83516483516,-2.0964284595839e-18,-1.91428244418605e-15,-4.89191076266801e-18,-3.1749016329012e-17,-1.46098629326801e-15,-4.5329615091804e-16
286.501831501831,2865.01831501831,1.35230132488157e-18,1.23480802487489e-15,-7.23450516027444e-18,-4.69527008175849e-17,1.80858552116852e-15,-5.73777496293625e-16
286.520146520147,2865.20146520146,2.44159290883931e-18,2.22945763776166e-15,7.2763996937323e-22,4.72246007543133e-21,2.25832544526749e-15,-2.88678075058331e-17
286.538461538462,2865.38461538462,1.1067582357858e-18,1.0105986927613e-15,4.28184498660195e-18,2.77896251573855e-17,7.26215002290612e-16,2.84383690470686e-16
286.556776556777,2865.56776556777,-5.2299255559199e-19,-4.77552889073283e-16,2.72997219035899e-18,1.77178071830126e-17,-8.34238146961233e-17,-3.94129074377159e-16
286.575091575092,2865.75091575092,-6.8757129585598e-19,-6.27832375946945e-16,-1.1351589645543e-17,-7.36730129598741e-17,-5.92522991559645e-16,-3.53093843873e-17
286.593406593407,2865.93406593407,-8.63311720821495e-19,-7.88303776107222e-16,2.57495042013285e-18,1.67116995590098e-17,-1.24494000392676e-15,4.56636227819542e-16
286.611721611722,2866.11721611722,-1.76723117336649e-18,-1.61368712322539e-15,-1.09333827090793e-18,-7.09588058741645e-18,-1.36365850945586e-15,-2.5002861376953e-16
286.630036630037,2866.30036630037,2.60265731488454e-18,2.3765281297053e-15,-3.66221419952135e-18,-2.37681560563728e-17,1.60163028855698e-15,7.74897841148313e-16
286.648351648352,2866.48351648352,1.71962653306406e-18,1.57021856279056e-15,7.92819032234088e-18,5.14547906156477e-17,9.04827528627184e-16,6.65391034163376e-16
286.666666666667,2866.66666666667,-3.34453458120463e-18,-3.05394815811836e-15,-2.53551014208261e-18,-1.64557279984912e-17,-2.12516820257945e-15,-9.28779955538911e-16
286.684981684982,2866.84981684982,6.38687156717313e-19,5.83195484607056e-16,-6.83766165585483e-19,-4.43771446569879e-18,8.73543598116137e-16,-2.90348113509082e-16
286.703296703297,2867.03296703297,5.33635554163015e-18,4.87271181736631e-15,-9.15260034451303e-19,-5.94013406802993e-18,4.44011221439151e-15,4.32599602974809e-16
286.721611721612,2867.21611721612,1.94571257999419e-18,1.77666135769502e-15,2.41849257739374e-18,1.56962716730733e-17,1.18785351534464e-15,5.88807842350381e-16
286.739926739927,2867.39926739927,-2.79627536424822e-18,-2.55332387538411e-15,2.84081544575623e-18,1.84371915905174e-17,-3.86931417457564e-15,1.31599029919153e-15
286.758241758242,2867.58241758242,-4.36630555273773e-18,-3.98694361705854e-15,-6.39839575052392e-18,-4.15262626442663e-17,-3.18293939148286e-15,-8.04004225575682e-16
286.776556776557,2867.76556776557,-9.39330001009454e-19,-8.57717286754711e-16,2.69832603475113e-18,1.75124202984416e-17,1.31285554537809e-15,-2.17057283213281e-15
286.794871794872,2867.94871794872,3.27102109519717e-18,2.98682181520326e-15,-5.83928634284314e-18,-3.78975836729271e-17,2.87063485441532e-15,1.1618696078794e-16
286.813186813187,2868.13186813187,2.07915998927342e-18,1.8985143270332e-15,8.5515360121426e-19,5.55003698267738e-18,1.18397644703344e-15,7.14537879999753e-16
286.831501831502,2868.31501831502,6.01853554855802e-20,5.4956213209398e-17,3.84021828743719e-18,2.49234213439163e-17,-9.64721549434657e-16,1.01967776264405e-15
286.849816849817,2868.49816849817,1.34295842141507e-18,1.22627686989946e-15,3.82586245741157e-18,2.48302504943215e-17,1.59360876791312e-16,1.06691599310815e-15
286.868131868132,2868.68131868132,-7.39902226580809e-19,-6.75616587955944e-16,7.55199161375821e-18,4.90132213554532e-17,3.36903867042036e-16,-1.01252045499798e-15
286.886446886447,2868.86446886447,-3.7290765969943e-18,-3.40507963914404e-15,4.47088495273662e-18,2.90165144574617e-17,-1.54227103579243e-15,-1.86280860335161e-15
286.904761904762,2869.04761904762,1.56584572125459e-19,1.42979883754128e-16,-7.37809064169643e-18,-4.78845857221635e-17,2.95191959693975e-16,-1.52212075939847e-16
286.923076923077,2869.23076923077,3.8253563965659e-18,3.49299426804878e-15,-6.4403052490361e-18,-4.17982597057741e-17,2.2652774298255e-15,1.22771683822328e-15
286.941391941392,2869.41391941392,-2.29818147912583e-19,-2.09850636158474e-16,8.98990714333635e-18,5.83454446610594e-17,-1.51820647386086e-15,1.30835583770239e-15
286.959706959707,2869.59706959707,-3.63236486334594e-18,-3.31677060430743e-15,9.15552962808224e-18,5.94203520393333e-17,-3.79845740888823e-15,4.81686804580802e-16
286.978021978022,2869.78021978022,3.84560224775263e-19,3.51148107942419e-16,-1.14009489891317e-17,-7.39933603009472e-17,2.45458531702055e-16,1.05689576240364e-16
286.996336996337,2869.96336996337,3.24609934589699e-18,2.96406536627907e-15,-5.39281486420073e-18,-3.49999367301352e-17,2.84763982856959e-15,1.16425537709476e-16
287.014652014652,2870.14652014652,2.13328259948729e-18,1.94793455031451e-15,2.46712860621753e-18,1.60119246251035e-17,1.71687280180708e-15,2.31061748507433e-16
287.032967032967,2870.32967032967,-3.45701826062689e-19,-3.15665880955563e-16,-3.95506711919668e-18,-2.56688023640949e-17,2.51073596152756e-16,-5.66739477108318e-16
287.051282051282,2870.51282051282,1.12774811459301e-19,1.02976488768798e-16,-1.22010704530397e-17,-7.91862329135607e-17,2.00136940064257e-16,-9.71604512954589e-17
287.069597069597,2870.69597069597,-6.45794960135801e-19,-5.89685733887223e-16,3.71337002508184e-18,2.41001627547449e-17,3.15713683341178e-16,-9.05399417228401e-16
287.087912087912,2870.87912087912,-2.23411617389943e-18,-2.04000730404921e-15,1.17726071129371e-18,7.64054606874786e-18,-1.24631034703676e-15,-7.93696957012455e-16
287.106227106227,2871.06227106227,-2.15769650864868e-19,-1.97022728226439e-16,-3.16049572406852e-19,-2.05119502826944e-18,-2.95793573742264e-16,9.87708455158256e-17
287.124542124542,2871.24542124542,-9.48344931002944e-19,-8.65948963892661e-16,1.45779841110086e-18,9.46126530182374e-18,-7.64851993391861e-16,-1.010969705008e-16
287.142857142857,2871.42857142857,-3.8173503714135e-18,-3.48568383809975e-15,3.03076310416103e-18,1.96699719090738e-17,-3.64898974089101e-15,1.63305902791262e-16
287.161172161172,2871.61172161172,1.06531797230256e-18,9.72758923650286e-16,-1.01790082560198e-17,-6.6062836182495e-17,1.35831082902662e-16,8.36927840747624e-16
287.179487179487,2871.79487179487,2.86385060362963e-18,2.6150279100809e-15,1.27085985182445e-19,8.2480143536908e-19,1.45697553294608e-15,1.15805237713483e-15
287.197802197802,2871.97802197802,-6.38333775357445e-19,-5.82872806420635e-16,1.02177070086933e-17,6.6313995165181e-17,-9.19266265786128e-16,3.36393459365493e-16
287.216117216117,2872.16117216117,9.94257194307507e-20,9.07872187752261e-17,-6.84215153452964e-18,-4.44062844427031e-17,2.40164328077109e-15,-2.31085606199586e-15
287.234432234432,2872.34432234432,6.34107173376796e-19,5.79013428375499e-16,1.57200007922096e-17,1.02024461617886e-16,1.8888007276071e-15,-1.3097872992316e-15
287.252747252747,2872.52747252747,-2.46771306347014e-18,-2.25330836981056e-15,-4.1489854211254e-18,-2.69273525775234e-17,-2.11875098606436e-15,-1.34557383746197e-16
287.271062271062,2872.71062271062,-4.94754653590633e-19,-4.5176840794075e-16,-2.28437404340517e-19,-1.4825828254906e-18,-2.13907217169547e-16,-2.37861190771203e-16
287.289377289377,2872.89377289377,2.67461541475085e-18,2.44223422459317e-15,1.07738038817444e-17,6.99231224693316e-17,1.24600954001261e-15,1.19622468458055e-15
287.307692307692,2873.07692307692,4.78879382410138e-18,4.37272443254436e-15,2.67379149622543e-18,1.73531885581119e-17,3.05673413335283e-15,1.31599029919153e-15
287.326007326007,2873.26007326007,1.39068332571535e-18,1.26985524531924e-15,2.63530667229042e-18,1.71034179954809e-17,1.8305110109284e-15,-5.60655765609155e-16
287.344322344322,2873.44322344322,-3.53453475921056e-18,-3.22744036744524e-15,7.94266539265082e-18,5.15487353472526e-17,-2.89844279264736e-15,-3.28997574797883e-16
287.362637362637,2873.62637362637,-3.57954313693976e-18,-3.26853823889152e-15,2.82081033415977e-18,1.83073563082414e-17,-2.83480539553942e-15,-4.33732843352104e-16
287.380952380952,2873.80952380952,-6.0448030689327e-19,-5.51960661501253e-16,-7.46946034629456e-18,-4.84775847329797e-17,-1.22996649872489e-17,-5.39660996514004e-16
287.399267399267,2873.99267399267,2.45442473863768e-18,2.24117458731819e-15,2.34411351493451e-18,1.52135437201073e-17,1.3085774010347e-15,9.32597186283484e-16
287.417582417582,2874.17582417582,2.38241285874418e-18,2.17541938502507e-15,4.1446683246745e-18,2.68993341666482e-17,1.50430250474484e-15,6.71116880280235e-16
287.435897435897,2874.35897435897,-1.71806013683859e-18,-1.56878826127879e-15,8.75566400955471e-19,5.68251820397241e-18,-7.63113997252359e-16,-8.05674264026433e-16
287.454212454212,2874.54212454212,-1.24673960077197e-18,-1.13841792183216e-15,1.58437450053466e-18,1.02827574600545e-17,-1.21285392135133e-15,7.44359995191729e-17
287.472527472527,2874.72527472527,2.16588091834014e-18,1.97770059799656e-15,5.85246520801483e-18,3.79831158965987e-17,1.91233052149575e-15,6.53700765008121e-17
287.490842490843,2874.90842490843,1.24858717761212e-18,1.14010497387213e-15,-2.93486699672963e-19,-1.90475960669054e-18,1.55403593273676e-15,-4.13930958864632e-16
287.509157509157,2875.09157509157,9.92419357157321e-20,9.06194029179384e-17,1.34008043236989e-19,8.69726321546732e-19,-9.63652013348809e-16,1.05427141626675e-15
287.527472527473,2875.27472527473,2.77481861551979e-18,2.53373137404577e-15,6.56886717974738e-18,4.26326401831513e-17,7.26749770333536e-16,1.80698160371223e-15
287.545787545788,2875.45787545788,-5.75708839267665e-20,-5.25688973041111e-17,7.93296230159805e-18,5.14857612638683e-17,3.35834330956189e-16,-3.884032282603e-16
287.564102564103,2875.64102564103,-5.03463333854396e-18,-4.59720443539551e-15,4.2414431044414e-18,2.7527412684863e-17,-2.96796263822746e-15,-1.62924179716805e-15
287.582417582418,2875.82417582418,-2.88554618649462e-18,-2.63483849469922e-15,-1.122066523668e-17,-7.28232997503487e-17,-1.713931577571e-15,-9.20906917128229e-16
287.600732600733,2876.00732600733,1.90168378216998e-18,1.73645795636826e-15,2.06387017665855e-18,1.33947349243869e-17,1.90751760910944e-15,-1.71059652741176e-16
287.619047619048,2876.19047619048,4.56923919208951e-18,4.17224557733769e-15,9.01283586884249e-18,5.84942545056816e-17,3.21769931427291e-15,9.54546263064779e-16
287.637362637363,2876.37362637363,2.97901629724329e-18,2.72018755168437e-15,1.93121748595238e-18,1.25338049835838e-17,6.45999795852032e-16,2.07418775583234e-15
287.655677655678,2876.55677655678,-2.3342522091841e-19,-2.13144312362107e-16,4.65724502384138e-18,3.02260109564032e-17,-9.17661961657356e-16,7.04517649295249e-16
287.673992673993,2876.73992673993,-2.28079486214142e-18,-2.08263036280934e-15,7.8130971762666e-19,5.07078239698218e-18,-3.68455181574545e-16,-1.7141751812348e-15
287.692307692308,2876.92307692308,-3.28243177719001e-18,-2.99724109190943e-15,6.51842089379224e-18,4.23052384715849e-17,-1.63425113917534e-15,-1.36298995273409e-15
287.710622710623,2877.10622710623,-1.17885142091729e-18,-1.076428136171e-15,-2.1774779050537e-18,-1.41320610529511e-17,-6.99476600144419e-16,-3.76951536026581e-16
287.728937728938,2877.28937728938,2.08625768247026e-18,1.90499534450785e-15,-9.19992388813288e-19,-5.97084754650544e-18,1.31499461754979e-15,5.9000072695806e-16
287.747252747253,2877.47252747253,8.48171584501075e-19,7.74479074850058e-16,2.44369796603787e-18,1.58598573013616e-17,1.6043041287716e-17,7.58436033562342e-16
287.765567765568,2877.65567765568,-8.22344467498799e-19,-7.5089592015886e-16,1.10532384108803e-18,7.17366820085057e-18,-9.02153688412564e-16,1.51257768253704e-16
287.783882783883,2877.83882783883,-4.40546799916317e-18,-4.02270347488764e-15,1.36233562084169e-18,8.84170173376338e-18,-3.14283178826357e-15,-8.7987168662407e-16
287.802197802198,2878.02197802198,-2.23903213022733e-18,-2.04449614260311e-15,-1.37431140544349e-17,-8.91942583776316e-17,-1.87462937446962e-15,-1.69866768133497e-16
287.820512820513,2878.20512820513,-3.75018504594024e-19,-3.42435410236575e-16,3.42638238961651e-18,2.2237582759593e-17,6.72470813976763e-16,-1.01490622421334e-15
287.838827838828,2878.38827838828,-1.19411669108053e-18,-1.09036709914666e-15,3.74915214774987e-19,2.43323925013591e-18,-8.37714139240238e-16,-2.52652959906423e-16
287.857142857143,2878.57142857143,-1.80267390515432e-18,-1.64605044997058e-15,5.25125421037875e-18,3.40811931700445e-17,-2.1711582542709e-15,5.25107804300319e-16
287.875457875458,2878.75457875458,4.22793589470861e-20,3.86059606345505e-17,9.26917073941542e-18,6.01578948266829e-17,2.82491218674533e-16,-2.43885258039982e-16
287.893772893773,2878.93772893773,3.01001825973741e-18,2.74849594077654e-15,6.40673224971573e-18,4.15803674024699e-17,3.36816967235061e-15,-6.19673731574076e-16
287.912087912088,2879.12087912088,6.70431593245488e-18,6.12181838645831e-15,-8.12521814887306e-18,-5.27335219714151e-17,4.84376181779098e-15,1.27805656866734e-15
287.930402930403,2879.30402930403,1.92509307407119e-18,1.7578333561881e-15,-5.06683062401588e-18,-3.28842646611327e-17,6.52417012367118e-16,1.10541634382099e-15
287.948717948718,2879.48717948718,-2.41264782065343e-18,-2.2030274135838e-15,3.22476451338014e-18,2.09290614975743e-17,-2.30752410521649e-15,1.04496691632685e-16
287.967032967033,2879.67032967033,-1.8826204563846e-18,-1.71905092789948e-15,-4.40774297334027e-18,-2.86067163576682e-17,-1.18237214290467e-15,-5.36678784994806e-16
287.985347985348,2879.85347985348,1.31244926606003e-18,1.19841847090849e-15,2.06420440981211e-18,1.33969041327729e-17,8.51885492377721e-16,3.46532978530765e-16
288.003663003663,2880.03663003663,-5.27210264812234e-19,-4.81404146996292e-16,4.74637084279072e-18,3.08044469129119e-17,-2.70860013740939e-16,-2.10544133255353e-16
288.021978021978,2880.21978021978,-4.75962895769409e-18,-4.34609352534822e-15,-2.37614915184387e-18,-1.54214583793664e-17,-2.54603065236053e-15,-1.80006287298769e-15
288.040293040293,2880.40293040293,-3.33360072055536e-18,-3.04396427462719e-15,-8.73938384138374e-18,-5.67195220327911e-17,-1.53424951514858e-15,-1.50971475947861e-15
288.058608058608,2880.58608058608,4.82795838785073e-18,4.40848622373587e-15,8.46775462977104e-19,5.49566198268186e-18,2.56046938951948e-15,1.84801683421639e-15
288.076923076923,2880.76923076923,9.4449631368595e-18,8.62434729705163e-15,-2.0668221606386e-18,-1.34138936114792e-17,5.88405277629131e-15,2.74029452076032e-15
288.095238095238,2880.95238095238,1.48126964130439e-18,1.3525710627004e-15,4.1099852964178e-18,2.66742376585792e-17,1.07916191062036e-15,2.73409152080039e-16
288.113553113553,2881.13553113553,-9.96610599828743e-18,-9.10021120072254e-15,3.10341343632849e-18,2.01414802202833e-17,-7.07230736766815e-15,-2.02790383305439e-15
288.131868131868,2881.31868131868,-9.05942936655238e-18,-8.27231022907257e-15,-9.23365204331156e-18,-5.99273747462284e-17,-5.7942117450801e-15,-2.47809848399247e-15
288.150183150183,2881.50183150183,4.77058483851197e-20,4.35609751580847e-17,-1.25980444326283e-17,-8.17626358717532e-17,8.27286162403223e-16,-7.83725187245138e-16
288.168498168498,2881.68498168498,6.14724555146436e-18,5.61314848855116e-15,-3.9266463105379e-18,-2.54843483210904e-17,3.65300050121294e-15,1.96014798733822e-15
288.186813186813,2881.86813186813,6.65202954493172e-18,6.07407484756104e-15,-1.09583242047676e-17,-7.11206788093626e-17,4.39258470457665e-15,1.68149014298439e-15
288.205128205128,2882.05128205128,2.5458092853392e-18,2.32461928232835e-15,4.78397935338642e-18,3.10485301096302e-17,2.47062835830827e-15,-1.46009075979916e-16
288.223443223443,2882.23443223443,-2.56213978115943e-19,-2.33953091993306e-16,-3.71343414159071e-18,-2.41005788776437e-17,-3.22465129883092e-16,8.85120378897857e-17
288.241758241758,2882.41758241758,-3.74926295137929e-18,-3.4235121230357e-15,-5.30359175101262e-19,-3.44208693237646e-18,-4.18910546424412e-15,7.65593341208417e-16
288.260073260073,2882.60073260073,-4.03275674242924e-18,-3.68237484967049e-15,-1.30122740879479e-17,-8.44510299837364e-17,-2.92250735457894e-15,-7.59867495091557e-16
288.278388278388,2882.78388278388,2.29500041168984e-18,2.09560167789823e-15,-1.8820248256198e-17,-1.22145394344071e-16,2.38386224334387e-15,-2.88260565445643e-16
288.296703296703,2882.96703296703,-5.35104429096041e-19,-4.88612434992445e-16,3.55395282243456e-18,2.30655283111653e-17,-8.34355127470623e-16,3.45742692478178e-16
288.315018315018,2883.15018315018,-4.44462303495494e-18,-4.0584565659483e-15,1.59526542029024e-18,1.0353440676886e-17,-3.21449070601537e-15,-8.4396585993293e-16
288.333333333333,2883.33333333333,1.01867819650398e-18,9.30171396466215e-16,-1.4845414655847e-18,-9.63483054344153e-18,1.09467018386516e-15,-1.64498787398941e-16
288.351648351648,2883.51648351648,3.69495253453498e-18,3.37392041050852e-15,-5.38038121342458e-18,-3.49192410264168e-17,2.77437660668902e-15,5.99543803819492e-16
288.369963369963,2883.69963369963,4.33649109135616e-20,3.95971955427467e-17,-5.7991585732252e-18,-3.76371502196906e-17,3.31556186612798e-17,6.44157688146689e-18
288.388278388278,2883.88278388278,8.36043976633749e-19,7.63405161631478e-16,-2.02083149685867e-18,-1.31154093573358e-17,1.67917165478094e-16,5.95487996153383e-16
288.406593406593,2884.06593406593,-1.58351309538891e-18,-1.44593120017239e-15,-6.93519524347267e-18,-4.50101479181139e-17,-6.34769666950631e-16,-8.11161533221756e-16
288.424908424908,2884.24908424908,-1.5387384702189e-18,-1.4050467719363e-15,-4.22015952583827e-18,-2.73892800169969e-17,-3.59364124844839e-16,-1.04568264709146e-15
288.443223443223,2884.43223443223,2.15972712814049e-18,1.9720814734848e-15,-7.45703034243436e-18,-4.83969126981301e-17,1.08290528692083e-15,8.89176186563967e-16
288.461538461538,2884.61538461538,1.7207690410436e-18,1.57126180514762e-15,-1.06700529200532e-17,-6.92497677953211e-17,7.08567656874124e-16,8.62694148273491e-16
288.479853479853,2884.79853479854,2.21493423165888e-18,2.0224919649931e-15,-1.25693946458213e-17,-8.15766957364385e-17,2.00698446509327e-15,1.55074998998277e-17
288.498168498169,2884.98168498169,5.93456036513228e-19,5.41894223435122e-16,8.10342620920385e-18,5.25920899866622e-17,8.17927721652055e-16,-2.76033498216933e-16
288.516483516484,2885.16483516484,-3.74569187287986e-18,-3.42025131399305e-15,-3.57386704661658e-19,-2.31947737245444e-18,-3.1390884119631e-15,-2.81162902029953e-16
288.534798534799,2885.34798534799,-4.55481524058021e-18,-4.1590748359161e-15,2.38357663129264e-18,1.54696635036507e-17,-3.26596213014679e-15,-8.93112705769307e-16
288.553113553114,2885.53113553114,-1.11388107220401e-18,-1.01710266891458e-15,-2.78038252526677e-18,-1.80449755684934e-17,-1.17328108617496e-15,1.5617841726038e-16
288.571428571429,2885.71428571429,1.74367975609811e-18,1.5921819464537e-15,-9.48071003521907e-18,-6.15308071471511e-17,-2.93052887522279e-16,1.88523483397598e-15
288.589743589744,2885.89743589744,3.32962057507734e-18,3.04032993996671e-15,-2.35684476927131e-18,-1.5296170902294e-17,2.72731701891172e-15,3.13012921054984e-16
288.608058608059,2886.08058608059,3.11828285367888e-18,2.84735407760523e-15,3.17869069258526e-18,2.06300375456413e-17,4.21129833802546e-15,-1.36394426042023e-15
288.626373626374,2886.26373626374,1.92544057985722e-18,1.75815066929383e-15,-4.56674089226942e-18,-2.96386296057356e-17,1.22087544199519e-15,5.37275227298646e-16
288.644688644689,2886.44688644689,-1.79913585690782e-18,-1.64281980138155e-15,-4.86614451123722e-18,-3.1581790642138e-17,-2.88079544723087e-15,1.23797564584932e-15
288.663003663004,2886.63003663004,-2.94264533065519e-18,-2.68697663885813e-15,-1.09437857399372e-17,-7.10263226406396e-17,-2.30859364130234e-15,-3.78382997555796e-16
288.681318681319,2886.81318681319,3.65929891728614e-19,3.34136452086717e-16,-1.10375677667483e-17,-7.16349778768136e-17,7.6739214159575e-16,-4.33255689509032e-16
288.699633699634,2886.99633699634,1.85228915623764e-18,1.69135493135104e-15,3.04849602244553e-18,1.97850604173255e-17,2.1620671975412e-15,-4.70712266190155e-16
288.717948717949,2887.17948717949,-4.50475122269506e-18,-4.11336057837259e-15,-5.23615378548441e-18,-3.39831898212908e-17,-2.85272012497737e-15,-1.26064045339522e-15
288.736263736264,2887.36263736264,-3.70631303595125e-18,-3.38429386652554e-15,-2.97407398921284e-18,-1.93020535795118e-17,-3.50620667343034e-15,1.21912806904799e-16
288.754578754579,2887.54578754579,1.43027437143241e-18,1.30600646403442e-15,-7.93361313558208e-18,-5.14899852450056e-17,6.26748146306773e-16,6.79258317727645e-16
288.772893772894,2887.72893772894,2.59909280008922e-18,2.37327331408613e-15,5.90245219223914e-18,3.83075366915337e-17,2.56902567820626e-15,-1.95752364120133e-16
288.791208791209,2887.91208791209,2.64020974821205e-18,2.41081785875696e-15,-9.22087167645877e-18,-5.98444288186378e-17,1.77596467055016e-15,6.34853188206792e-16
288.809523809524,2888.09523809524,4.67953144126932e-19,4.27295519867941e-16,2.78306100407113e-18,1.80623591781752e-17,2.5027144408837e-16,1.77024075779571e-16
288.827838827839,2888.27838827839,-1.24616792331741e-18,-1.13789591398115e-15,1.11249945870628e-18,7.22023871531519e-18,-3.13374073153386e-16,-8.24521840827762e-16
288.846153846154,2888.46153846154,-2.73816308059875e-18,-2.50026061731147e-15,-2.87152190514235e-19,-1.86364797475901e-18,-1.46793827782602e-15,-1.03232233948545e-15
288.864468864469,2888.64468864469,-2.63976595712141e-18,-2.41041262599558e-15,-5.18984735633132e-18,-3.36826562166022e-17,-1.89842655237973e-15,-5.1198607361585e-16
288.882783882784,2888.82783882784,3.69085974742517e-18,3.37018322096776e-15,-8.75640587495678e-18,-5.68299968243568e-17,2.56474753386287e-15,8.05435687104897e-16
288.901098901099,2889.01098901099,5.85129617907408e-18,5.3429123708603e-15,1.69427237432812e-18,1.09960062413322e-17,4.09766012890413e-15,1.24525224195616e-15
288.919413919414,2889.19413919414,-1.89548905483593e-18,-1.73080145150263e-15,2.82193296674062e-18,1.83146423119872e-17,-1.41371781172394e-15,-3.17083639778688e-16
288.937728937729,2889.37728937729,-3.71749906987769e-18,-3.39450801347988e-15,-3.69107205566948e-18,-2.39554465836366e-17,-3.68294751161667e-15,2.88439498136795e-16
288.956043956044,2889.56043956044,2.10865050009742e-18,1.92544258536816e-15,5.22991034890291e-19,3.39426692599822e-18,7.28621458483769e-16,1.19682112688439e-15
288.974358974359,2889.74358974359,4.57358055302585e-19,4.17620974362551e-16,1.27820012171257e-18,8.29565347873696e-18,5.83431934829939e-16,-1.65810960467388e-16
288.992673992674,2889.92673992674,-3.5421939667072e-19,-3.23443411263133e-16,-1.02958781923261e-18,-6.68213343841536e-18,5.16585929464456e-16,-8.40029340727589e-16
289.010989010989,2890.10989010989,4.82474301976747e-18,4.4055502195783e-15,-1.06685270055367e-17,-6.92398644493176e-17,4.55943233396889e-15,-1.53882114390598e-16
289.029304029304,2890.29304029304,1.07310718348701e-18,9.79871377288422e-16,6.04959810523995e-18,3.9262529172235e-17,8.86110647124848e-16,9.37607301635736e-17
289.047619047619,2890.47619047619,-2.65766052011081e-18,-2.42675243841341e-15,-1.44952800852569e-18,-9.40758951762701e-18,-3.16395512595906e-15,7.37202687545655e-16
289.065934065934,2890.65934065934,8.95493562062083e-20,8.17689531403002e-17,1.52678889343003e-18,9.90902080193034e-18,1.81553750572653e-16,-9.97847974323528e-17
289.084249084249,2890.84249084249,-4.35319042500077e-19,-3.9749679836114e-16,3.10666156637267e-18,2.01625609265378e-17,2.70458937708746e-16,-6.67955736069886e-16
289.102564102564,2891.02564102564,6.76236202326575e-19,6.17482120278858e-16,-5.86374079195903e-18,-3.80562956245478e-17,1.60965180920084e-16,4.56516939358774e-16
289.120879120879,2891.20879120879,-2.68343279842393e-18,-2.45028551901816e-15,6.94288847186218e-18,4.50600777810266e-17,-2.34602740430701e-15,-1.04258114711149e-16
289.139194139194,2891.39194139194,-5.39542406168855e-18,-4.92664823023789e-15,-1.49715067749216e-17,-9.7166656574017e-17,-3.99739112085591e-15,-9.29257109381983e-16
289.157509157509,2891.57509157509,-9.22894062458719e-19,-8.42709367701924e-16,-7.50751867256837e-18,-4.87245872808477e-17,-4.56691908656983e-16,-3.86017459044942e-16
289.175824175824,2891.75824175824,1.73297456643066e-19,1.58240686610293e-16,-8.80244671079508e-18,-5.71288067004458e-17,2.9733103186567e-16,-1.39090345255378e-16
289.194139194139,2891.94139194139,2.1191481920221e-18,1.93502819620264e-15,-1.46517645384308e-17,-9.50914957667328e-17,1.0866486632213e-15,8.48379532981343e-16
289.212454212454,2892.12454212454,6.5870161682267e-18,6.01471009075538e-15,-5.69824932298456e-18,-3.69822385524362e-17,3.86454304094268e-15,2.1501670498127e-15
289.230769230769,2892.30769230769,1.78648611696533e-18,1.63126912099238e-15,4.27538174370963e-19,2.77476780299577e-18,1.55564023686553e-15,7.5628884126852e-17
289.249084249084,2892.49084249084,-2.35792516084467e-18,-2.15305927539517e-15,-1.33665494563615e-18,-8.67503144560874e-18,-6.85572631028398e-16,-1.46748664436677e-15
289.267399267399,2892.67399267399,-4.50631740718814e-19,-4.11479068654812e-16,-8.56287462884185e-18,-5.55739586439452e-17,-8.18729873716441e-16,4.07250805061629e-16
289.285714285714,2892.85714285714,1.50572981399312e-18,1.37490603861896e-15,-2.24081178956254e-18,-1.45431046371464e-17,8.98945080155021e-16,4.75960958463942e-16
289.304029304029,2893.04029304029,-1.06970210318179e-18,-9.76762143858812e-16,4.60249927661784e-18,2.98707052881542e-17,-7.11241497088744e-17,-9.05637994149938e-16
289.322344322344,2893.22344322344,-1.79835562304855e-18,-1.64210735733304e-15,-3.58801347798744e-18,-2.32865855548047e-17,-1.2144582254801e-15,-4.27649131852941e-16
289.340659340659,2893.40659340659,-1.69350793995961e-18,-1.54636925659644e-15,-2.00352854005383e-18,-1.30031113443938e-17,-1.00081839233202e-15,-5.45550864264419e-16
289.358974358974,2893.58974358974,-2.05359330311155e-18,-1.87516897591857e-15,-8.99832199633142e-18,-5.84000579437026e-17,-1.22969911470343e-15,-6.45469861215136e-16
289.377289377289,2893.77289377289,-2.90098782973922e-20,-2.64893850676374e-17,-8.45358792483464e-18,-5.48646764189816e-17,1.76473454164876e-17,-4.4136730484125e-17
289.395604395604,2893.95604395604,3.18587672551067e-18,2.90907512589124e-15,-1.81126342961729e-18,-1.17552905179526e-17,2.14014170778132e-15,7.68933418109918e-16
289.413919413919,2894.13919413919,4.67038883664432e-19,4.26460693978807e-16,-7.60527462532163e-18,-4.9359033715134e-17,-4.88243223189491e-16,9.14703917168298e-16
289.432234432234,2894.32234432234,-1.02247138228112e-18,-9.33635015225789e-16,1.58250224068517e-18,1.02706062963441e-17,-6.85037862985474e-16,-2.48597152240315e-16
289.450549450549,2894.50549450549,1.12760604215893e-18,1.0296351590702e-15,-7.41526546519313e-18,-4.81258542439101e-17,1.37956785873285e-15,-3.4993269966265e-16
289.468864468864,2894.68864468864,8.5075593712733e-19,7.76838888675047e-16,-3.37722371293928e-18,-2.19185377679206e-17,7.53488172479729e-16,2.33507161953175e-17
289.48717948718,2894.87179487179,-2.02586398231236e-18,-1.84984888843719e-15,1.7815574253788e-18,1.15624954202099e-17,-1.2692719498798e-15,-5.80576938557395e-16
289.505494505494,2895.05494505494,-3.05304429295985e-18,-2.78778370166538e-15,-3.59171069396153e-18,-2.33105808760663e-17,-2.22784366682083e-15,-5.59940034844548e-16
289.52380952381,2895.2380952381,-3.70232463291e-18,-3.38065199175165e-15,-3.384066145439e-18,-2.1962945875857e-17,-2.98079707125764e-15,-3.99854920494019e-16
289.542124542125,2895.42124542125,3.97917150902264e-20,3.63344531376913e-17,-1.14583150425874e-17,-7.43656720327543e-17,2.6417541320439e-16,-2.27840960066699e-16
289.56043956044,2895.6043956044,6.12689362234995e-18,5.59456481571895e-15,-2.18651559735516e-17,-1.41907166283237e-16,4.07840847935887e-15,1.51615633636008e-15
289.578754578755,2895.78754578755,5.47233021518983e-18,4.99687247224547e-15,9.09780078531422e-18,5.90456857666605e-17,3.56122093584613e-15,1.43565153639934e-15
289.59706959707,2895.9706959707,1.19757957432838e-19,1.0935291133701e-16,-1.47431620439787e-18,-9.56846752086425e-18,3.78348390368636e-16,-2.68995479031627e-16
289.615384615385,2896.15384615385,-6.91387560463695e-19,-6.31317068356801e-16,1.22207059417922e-18,7.93136693046306e-18,-8.52955028463569e-16,2.21637960106768e-16
289.6336996337,2896.336996337,-1.71268806262494e-18,-1.56388293416922e-15,7.69925030005941e-18,4.99689457467575e-17,-1.37970155074358e-15,-1.84181383425646e-16
289.652014652015,2896.52014652015,-2.95616359686381e-18,-2.69932038450835e-15,1.24151667107826e-18,8.05757401864518e-18,-1.22515358633858e-15,-1.47416679816977e-15
289.67032967033,2896.7032967033,-3.22907055665264e-18,-2.94851610575116e-15,-1.41245045015937e-17,-9.16695225682588e-17,-2.34014495583484e-15,-6.08371149916317e-16
289.688644688645,2896.88644688645,-2.02123630625086e-18,-1.84562328321733e-15,-1.80028878282336e-17,-1.16840639038196e-16,-1.92676925865469e-15,8.11459754373676e-17
289.70695970696,2897.0695970696,-4.54838228122358e-19,-4.15320079757042e-16,-1.30300664962276e-17,-8.45665045883255e-17,-2.23265657920715e-16,-1.92054421836328e-16
289.725274725275,2897.25274725275,-6.163000558647e-19,-5.62753463825252e-16,4.26986557183891e-18,2.77118774932567e-17,-3.27278042269407e-16,-2.35475421555845e-16
289.74358974359,2897.4358974359,4.056326792148e-20,3.70389704003141e-17,-8.96367777303307e-18,-5.81752132839024e-17,5.34233274880944e-16,-4.97194304480629e-16
289.761904761905,2897.61904761905,4.60414835825309e-18,4.20412169675527e-15,-4.93094121222408e-18,-3.20023280594183e-17,3.65861556566364e-15,5.45506131091631e-16
289.78021978022,2897.8021978022,6.40895949015787e-20,5.85212368274368e-17,2.88538921805369e-18,1.87264800696363e-17,-1.0318349388216e-15,1.09035617564904e-15
289.798534798535,2897.98534798535,-2.89151555778209e-18,-2.64028922334498e-15,-7.70500078150032e-18,-5.00062669772592e-17,-2.79590102041671e-15,1.55611797071732e-16
289.81684981685,2898.1684981685,2.57052565422052e-18,2.34718819509866e-15,-6.62737167387646e-18,-4.30123405148908e-17,2.19736188837417e-15,1.49826306724489e-16
289.835164835165,2898.35164835165,4.63461834311588e-18,4.23194432854164e-15,-5.82785786169764e-18,-3.78234116260302e-17,3.48615287182069e-15,7.45791456720944e-16
289.85347985348,2898.5347985348,1.88843356916783e-18,1.72435897439929e-15,1.84072815700529e-18,1.19465197035114e-17,1.79521632009542e-15,-7.08573456961358e-17
289.871794871795,2898.71794871795,-6.46838218557259e-19,-5.90638349881257e-16,4.09403311594766e-18,2.65707063263859e-17,-5.78351638422163e-16,-1.22867114590943e-17
289.89010989011,2898.9010989011,-2.03891267901178e-18,-1.86176386263869e-15,-4.58871379072631e-18,-2.9781236032089e-17,-2.86769363017924e-15,1.00592976754055e-15
289.908424908425,2899.08424908425,-1.14472884058469e-18,-1.04527026088916e-15,2.3055129616522e-18,1.49630220618176e-17,-2.26474266178258e-16,-8.18795994710902e-16
289.92673992674,2899.2673992674,-2.03672543048405e-18,-1.85976665093391e-15,-1.99840530548345e-18,-1.29698610121773e-17,7.85574255055161e-16,-2.64534090598907e-15
289.945054945055,2899.45054945055,8.25952387434188e-19,7.54190369707459e-16,-5.31752389347163e-18,-3.45112903964065e-17,-1.28344330301728e-17,7.67024802737631e-16
289.96336996337,2899.6336996337,1.31570613369184e-18,1.20139236896932e-15,2.18860471637519e-18,1.42042752309021e-17,-2.22196121834867e-16,1.42358849080418e-15
289.981684981685,2899.81684981685,-1.14781028793092e-19,-1.04808397987423e-16,-2.23649263244247e-18,-1.45150728523111e-17,1.4201433839897e-16,-2.46822736386392e-16
290,2900,-2.67836434845836e-18,-2.44565743607835e-15,7.69632698981352e-18,4.99499731552213e-17,-1.75831732513368e-15,-6.87340110944671e-16
290.018315018315,2900.18315018315,-1.38903943543493e-18,-1.26835418274323e-15,6.2592574139301e-18,4.06232401782352e-17,-1.04814536413078e-16,-1.16353964633015e-15
290.03663003663,2900.3663003663,3.9255020061246e-18,3.5844388300438e-15,-9.50756696170424e-18,-6.17051114300567e-17,2.34121449192069e-15,1.24322433812311e-15
290.054945054945,2900.54945054945,6.37235138329231e-18,5.81869623332738e-15,-6.12052154775769e-18,-3.97228297876489e-17,2.85592873323491e-15,2.96276750009247e-15
290.07326007326,2900.7326007326,1.73799622353792e-18,1.58699222173345e-15,-3.12006139304279e-18,-2.02495272136177e-17,1.61122269032693e-15,-2.42304685934808e-17
290.091575091575,2900.91575091575,-5.147836272897e-18,-4.70057185004385e-15,7.31496707400324e-18,4.74749071162636e-17,-3.17117449453853e-15,-1.52939735550531e-15
290.10989010989,2901.0989010989,-6.16356037908768e-18,-5.62804581927403e-15,-1.02709363144191e-17,-6.66594589683166e-17,-5.27495197540103e-15,-3.53093843873e-16
290.128205128205,2901.28205128205,1.38833097885606e-18,1.26770727968046e-15,-4.22691381358079e-18,-2.74331160561709e-17,1.15509897271555e-15,1.12608306964903e-16
290.14652014652,2901.4652014652,4.91320968239447e-18,4.48633054784965e-15,-9.19497366189219e-18,-5.96763479751281e-17,4.34151435647742e-15,1.44816191372237e-16
290.164835164835,2901.64835164835,4.25892822337896e-18,3.88889565574824e-15,3.03535023485587e-18,1.96997428706468e-17,1.92409541844007e-15,1.96480023730817e-15
290.18315018315,2901.8315018315,6.63865525674869e-19,6.06186257055477e-16,6.63328941247136e-18,4.30507472619464e-17,-3.43588467578585e-16,9.49774724634062e-16
290.201465201465,2902.01465201465,-3.12209700096269e-18,-2.85083683665267e-15,1.32080859317962e-17,8.57218694837525e-17,-6.38513043251098e-16,-2.21232379340157e-15
290.21978021978,2902.1978021978,-4.555992578538e-18,-4.16014988208482e-15,-6.19115541050566e-18,-4.01812509998427e-17,-2.42891645096021e-15,-1.73123343112461e-15
290.238095238095,2902.38095238095,-1.97803204728865e-18,-1.80617278154753e-15,-1.53879474872784e-17,-9.98694006791591e-17,-1.26773449175639e-15,-5.38438289791133e-16
290.25641025641,2902.5641025641,2.38775380829642e-18,2.1802962917072e-15,-8.21103434467683e-18,-5.32904781249615e-17,1.72008141006462e-15,4.60214881642579e-16
290.274725274725,2902.74725274725,4.07689617042752e-18,3.72267926918324e-15,2.21248296882479e-18,1.43592476054426e-17,1.79521632009542e-15,1.92746294908781e-15
290.29304029304,2902.9304029304,6.88920454648721e-19,6.29064314475329e-16,1.47884958258326e-17,9.59788962298675e-17,-1.09092680756469e-16,7.38156995231798e-16
290.311355311355,2903.11355311355,-8.0047395133271e-18,-7.30925601138129e-15,3.36176612238419e-18,2.18182163763927e-17,-5.27013906301471e-15,-2.03911694836657e-15
290.32967032967,2903.2967032967,-8.18183878384222e-18,-7.47096819520298e-15,-1.5846462595118e-17,-1.02845212044524e-16,-5.50142624157929e-15,-1.96954195362369e-15
290.347985347985,2903.47985347985,2.75328246714489e-18,2.514066371617e-15,-1.11910651904342e-17,-7.26311923311439e-17,2.48185848720967e-15,3.22078844073344e-17
290.3663003663,2903.663003663,1.00150365068196e-17,9.14489043269923e-15,-6.78520140288486e-18,-4.40366720872758e-17,7.22792486815899e-15,1.91696556454024e-15
290.384615384615,2903.84615384615,6.20683466853808e-18,5.66756026690558e-15,-3.38104126531489e-18,-2.19433140851083e-17,4.3086261218376e-15,1.35893414506798e-15
290.40293040293,2904.0293040293,-2.1979196814178e-18,-2.00695570632741e-15,6.87293355773397e-18,4.46060630169184e-17,-1.12094066397379e-15,-8.86015042353617e-16
290.421245421245,2904.21245421245,-2.91380208574918e-18,-2.66063940941225e-15,-2.99323900299504e-18,-1.94264365384489e-17,-2.32543883465444e-15,-3.35200574757814e-16
290.43956043956,2904.3956043956,-2.75078317800655e-18,-2.51178423062688e-15,-1.70099427907751e-18,-1.10396321114685e-17,-2.58025580710766e-15,6.84715764807777e-17
290.457875457875,2904.57875457875,-3.20039987364495e-18,-2.92233644534179e-15,-1.19988156345461e-17,-7.78735778291756e-17,-1.80484214486805e-15,-1.11749430047374e-15
290.47619047619,2904.7619047619,3.95710433581219e-18,3.61329542404765e-15,-7.60530010746336e-19,-4.9359199096919e-18,2.85873626546026e-15,7.54559158587385e-16
290.494505494506,2904.94505494506,6.51829936704487e-18,5.95196367767286e-15,-3.87470778382996e-18,-2.51472618097952e-17,3.54925550088571e-15,2.40270817678715e-15
290.51282051282,2905.12820512821,-2.03251237937639e-19,-1.8559196464082e-16,-6.06463726524118e-18,-3.93601349053767e-17,-5.7113226984269e-16,3.8554030520187e-16
290.531135531136,2905.31135531136,-3.20299486582383e-18,-2.92470597431289e-15,6.33215697005763e-18,4.10963659792072e-17,-1.80912028921144e-15,-1.11558568510145e-15
290.549450549451,2905.49450549451,-1.78033359716002e-18,-1.62565115649806e-15,-7.91237396504984e-18,-5.13521407901989e-17,-5.84501470915787e-16,-1.04114968558228e-15
290.567765567766,2905.67765567766,1.17919633298153e-18,1.07674308090778e-15,-1.86154055384733e-18,-1.2081594352098e-17,1.24106293561557e-15,-1.6431985470779e-16
290.586080586081,2905.86080586081,6.59061529465125e-19,6.01799651080821e-16,-4.18420704159862e-18,-2.71559446058311e-17,3.64177037231154e-16,2.37622613849667e-16
290.604395604396,2906.04395604396,1.67115506035463e-18,1.5259584837846e-15,-6.2657191396309e-18,-4.06651774589301e-17,9.05897064713031e-16,6.20061419071572e-16
290.622710622711,2906.22710622711,-1.4274464206908e-18,-1.30342421686403e-15,1.42915210398298e-18,9.27534775005809e-18,-1.40911379310439e-15,1.05689576240364e-16
290.641025641026,2906.41025641026,-4.98238710077536e-18,-4.54949755788296e-15,6.24023986846303e-18,4.04998143042026e-17,-2.97357770267816e-15,-1.5759198552048e-15
290.659340659341,2906.59340659341,-2.89063538623447e-18,-2.63948552459066e-15,2.79011407590697e-18,1.81081343575989e-17,-1.52676276254764e-15,-1.11272276204302e-15
290.677655677656,2906.77655677656,-2.39011568311328e-19,-2.18245295747684e-16,2.58132852395574e-18,1.67530941249055e-17,-2.65244949290238e-16,4.69996535425547e-17
290.695970695971,2906.95970695971,2.3549008812439e-18,2.1502977571952e-15,1.92272859239138e-18,1.24787111698659e-17,1.93545923935221e-15,2.14838517842998e-16
290.714285714286,2907.14285714286,2.30567521775924e-18,2.1053490144984e-15,-4.05130046042934e-18,-2.62933668891691e-17,1.15951080906968e-15,9.45838205428721e-16
290.732600732601,2907.32600732601,-8.02899811678e-19,-7.3314069311983e-16,-6.14601173203779e-18,-3.98882637696246e-17,-1.52569322646179e-15,7.92552533341963e-16
290.750915750916,2907.50915750916,-4.57406330287636e-19,-4.17665055025525e-16,5.55709505224844e-18,3.60661324613948e-17,-4.77547862331014e-16,5.98828073054885e-17
290.769230769231,2907.69230769231,7.3763425507917e-19,6.73545666809242e-16,-5.8587145998249e-18,-3.80236751079683e-17,4.91451831447034e-16,1.82093835362207e-16
290.787545787546,2907.87545787546,2.1455520680563e-19,1.95913799881464e-16,-1.99593621547421e-18,-1.29538363578399e-17,6.80224950599159e-16,-4.84311150717696e-16
290.805860805861,2908.05860805861,6.05178600317385e-19,5.5259828442445e-16,-1.2618800909823e-17,-8.1897347595936e-17,1.08557912713545e-15,-5.32980842711001e-16
290.824175824176,2908.24175824176,-1.28023989960866e-20,-1.16900758190136e-17,8.01603265443764e-18,5.20248966072372e-17,-7.86109023098085e-17,6.69208264907949e-17
290.842490842491,2908.42490842491,-9.42485660558576e-19,-8.60598770092288e-16,7.1859826272706e-18,4.66377844653856e-17,-7.50346410227551e-16,-1.10252359864737e-16
290.860805860806,2908.60805860806,-1.30255289412457e-18,-1.18938193499877e-15,-4.49661545437105e-18,-2.91835081243903e-17,-7.8129611071177e-16,-4.08085824287004e-16
290.879120879121,2908.79120879121,1.03914996615145e-18,9.48864497610893e-16,-1.51191496018793e-20,-9.81248740786603e-20,5.54019692469127e-16,3.94844805141767e-16
290.897435897436,2908.97435897436,-1.86986760276791e-18,-1.70740609276088e-15,6.35497565135905e-18,4.12444616253449e-17,-1.02113957796312e-15,-6.86266514797759e-16
290.915750915751,2909.15750915751,8.32758260463717e-19,7.60404921507796e-16,-4.31337036593651e-18,-2.79942281912162e-17,4.86906303082181e-16,2.73498618425615e-16
290.934065934066,2909.34065934066,2.88800376435202e-18,2.63708254844985e-15,-2.79622256069769e-19,-1.81477790675651e-18,1.42916759471404e-15,1.20791495373581e-15
290.952380952381,2909.52380952381,-6.53381172890792e-19,-5.9661282640419e-16,7.07261395861703e-18,4.59020098597349e-17,3.74872398089631e-16,-9.71485224493821e-16
290.970695970696,2909.70695970696,5.94411796524281e-19,5.42766943227515e-16,-9.44280574087394e-18,-6.12848042827312e-17,1.49146807171467e-15,-9.48701128487151e-16
290.989010989011,2909.89010989011,7.71099935670007e-19,7.04103716403022e-16,1.49912858006154e-17,9.72950245349609e-17,-8.76885898384412e-16,1.58098961478743e-15
291.007326007326,2910.07326007326,-4.33376990667249e-18,-3.95723479690386e-15,-3.47922489600107e-18,-2.25805361942453e-17,-4.30006983315082e-15,3.4283503624696e-16
291.025641025641,2910.25641025641,3.07227382867183e-18,2.80534249908344e-15,-4.69668302082888e-18,-3.04819677125842e-17,2.61448096185479e-15,1.90861537228649e-16
291.043956043956,2910.43956043956,6.69231311436525e-18,6.11085842078684e-15,7.76513878032601e-18,5.03965689266083e-17,5.0431968747989e-15,1.06766154598794e-15
291.062271062271,2910.62271062271,-1.25026494507503e-18,-1.14163697024672e-15,1.06717035034184e-17,6.92604802552892e-17,-1.42542421841357e-15,2.83787248166847e-16
291.080586080586,2910.80586080586,-4.9302882287506e-18,-4.50192524239422e-15,-6.19201481721396e-18,-4.01868286399385e-17,-2.70806536936646e-15,-1.79385987302776e-15
291.098901098901,2910.98901098901,-4.80039252445706e-19,-4.38331539183263e-16,-6.54126153589094e-18,-4.2453476645611e-17,1.6043041287716e-18,-4.39935843312035e-16
291.117216117216,2911.17216117216,1.70811940696732e-18,1.55971122142657e-15,-2.27857573583188e-18,-1.47881966277655e-17,4.98938584047968e-16,1.0607726373786e-15
291.135531135531,2911.35531135531,4.77584003644604e-19,4.36089612131295e-16,-3.86370670111737e-18,-2.50758636237644e-17,-8.66324229536665e-17,5.22722035084961e-16
291.153846153846,2911.53846153846,-1.18378309175855e-19,-1.08093132389905e-16,1.27360918996947e-18,8.2658578479602e-18,1.3823753909582e-16,-2.46330671485725e-16
291.172161172161,2911.72161172161,-2.60413213685109e-19,-2.37787481329278e-16,-8.19171029627297e-18,-5.31650630145718e-17,1.3970815121386e-17,-2.51758296450664e-16
291.190476190476,2911.90476190476,-1.16347414431942e-18,-1.06238689832379e-15,6.07170509467649e-18,3.9406005863176e-17,-7.75413662239608e-17,-9.84845532099827e-16
291.208791208791,2912.08791208791,-8.38718580191486e-19,-7.65847385029242e-16,-1.54371116990415e-18,-1.00188481594122e-17,-9.70069229863896e-16,2.04221844834654e-16
291.227106227106,2912.27106227106,-4.08186902321875e-18,-3.72722006081018e-15,2.59835333402259e-18,1.68635869362085e-17,-3.23080113132454e-15,-4.96418929485638e-16
291.245421245421,2912.45421245421,-1.56326533861066e-18,-1.42744264877081e-15,-7.0265429368549e-18,-4.56030040738194e-17,-1.15295990054386e-15,-2.7448274822695e-16
291.263736263736,2912.63736263736,1.16664970671326e-18,1.06528655526803e-15,-4.87139148112853e-19,-3.16158440296258e-18,6.49208404109575e-16,4.16078151158454e-16
291.282051282051,2912.82051282051,-1.54025870878323e-18,-1.4064349261475e-15,3.86893349406867e-18,2.51097860607855e-17,-1.14066023555661e-15,-2.65774690590893e-16
291.300366300366,2913.00366300366,2.48358092401696e-18,2.26779756772844e-15,-9.31213955981757e-18,-6.04367669988814e-17,2.07276093437291e-15,1.95036633355525e-16
291.318681318681,2913.18681318681,6.73461152922749e-18,6.14948178168309e-15,8.60531655942755e-19,5.58494112457146e-18,4.23108475561364e-15,1.91839702606945e-15
291.336996336996,2913.36996336996,1.10203575654642e-18,1.00628652123947e-15,1.97251382832448e-18,1.28018225971319e-17,2.04548776418379e-16,8.01737744821092e-16
291.355311355311,2913.55311355311,-2.23469210916003e-18,-2.04053319977119e-15,1.15570452340544e-17,7.50064413789522e-17,-9.95458178276773e-16,-1.04507502149442e-15
291.373626373626,2913.73626373626,-3.14302124272883e-18,-2.86994309734461e-15,1.61041275431461e-18,1.04517484708364e-17,-1.04172814761569e-15,-1.82821494972892e-15
291.391941391941,2913.91941391941,3.64518060148263e-19,3.32847286030963e-16,-2.71629022754239e-18,-1.76290098026123e-17,-8.55628868678188e-18,3.41403574717745e-16
291.410256410256,2914.10256410256,3.07329861344221e-18,2.80627824649043e-15,4.51057516953124e-18,2.92741081467684e-17,1.74735458025374e-15,1.0589236662367e-15
291.428571428571,2914.28571428571,6.71306013612048e-19,6.12980285904497e-16,1.03253893216783e-17,6.70128647233497e-17,-1.22194497808104e-16,7.35174783712601e-16
291.446886446886,2914.46886446886,-2.28629905736679e-18,-2.08765633173337e-15,-8.37777087312908e-18,-5.43726157642806e-17,-1.51125448930285e-15,-5.76401842430519e-16
291.465201465201,2914.65201465201,1.05707713592901e-18,9.65234083809852e-16,5.2216586984047e-18,3.38891151787409e-17,1.42676113852088e-15,-4.61527054711026e-16
291.483516483516,2914.83516483516,1.87639827662279e-18,1.71336935578183e-15,-1.66945466200746e-18,-1.08349366732341e-17,1.32782905057996e-15,3.8554030520187e-16
291.501831501831,2915.01831501831,-3.12964187296842e-19,-2.85772618026856e-16,1.34949195054722e-18,8.75834496016576e-18,-7.96804383956562e-16,5.11031765929706e-16
291.520146520147,2915.20146520146,2.19005927521701e-18,1.9997782433782e-15,-2.10509931569049e-18,-1.36623163811758e-17,1.27355009422319e-15,7.26228149155008e-16
291.538461538462,2915.38461538462,3.93453546270227e-18,3.59268742410285e-15,-8.11216208935939e-18,-5.26487867694046e-17,2.15979443335877e-15,1.43289299074408e-15
291.556776556777,2915.56776556777,-4.5316956515224e-19,-4.13796396840816e-16,-1.22981719525326e-18,-7.98164318772249e-18,-6.01079280246427e-16,1.87282883405611e-16
291.575091575092,2915.75091575092,-5.13042170723703e-18,-4.68467033088463e-15,1.91259793612678e-18,1.24129621432027e-17,-3.35353039717557e-15,-1.33113993370906e-15
291.593406593407,2915.93406593407,-5.49411612838596e-18,-5.01676553893765e-15,-8.66077194130753e-18,-5.62093225176607e-17,-3.35847700157262e-15,-1.65828853736504e-15
291.611721611722,2916.11721611722,-7.71047214304754e-19,-7.04055575678984e-16,-2.98725745764065e-18,-1.93876156788006e-17,-1.37435387031434e-16,-5.6662018864755e-16
291.630036630037,2916.30036630037,4.31624460497225e-18,3.94123216289053e-15,1.09401064155672e-17,7.10024434377741e-17,4.02199045083041e-15,-8.07582879398719e-17
291.648351648352,2916.48351648352,5.58703033574318e-18,5.10160699162175e-15,3.00548516418903e-18,1.95059154150226e-17,3.86583818229664e-15,1.23576880932512e-15
291.666666666667,2916.66666666667,1.34602345950103e-18,1.22907560532584e-15,1.47163662811447e-17,9.55107678842778e-17,-1.37970155074358e-16,1.3670457604002e-15
291.684981684982,2916.84981684982,-3.65237484464957e-18,-3.33504203911024e-15,3.27035988526762e-18,2.12249802656824e-17,-3.29818190473295e-15,-3.68601343772827e-17
291.703296703297,2917.03296703297,-6.45023566103841e-19,-5.88981361626781e-16,1.19199688130997e-18,7.73618536495983e-18,-3.03881940391488e-16,-2.85099421235294e-16
291.721611721612,2917.21611721612,6.30969299348483e-19,5.76148185282176e-16,1.13431874710744e-17,7.36184819622037e-17,8.52420260420645e-16,-2.76272075138469e-16
291.739926739927,2917.39926739927,-2.03475060247716e-18,-1.85796340381303e-15,1.82724455618659e-17,1.18590097133797e-16,-9.14988121442737e-16,-9.42975282370292e-16
291.758241758242,2917.58241758242,-1.07589464040892e-18,-9.824166489027e-16,8.76321887095717e-18,5.68742138863106e-17,-5.37709267159949e-16,-4.44707381742751e-16
291.776556776557,2917.76556776557,2.39807385674541e-18,2.18971969343538e-15,1.27192359253388e-17,8.25491814298544e-17,7.22471625990145e-16,1.46724806744524e-15
291.794871794872,2917.94871794872,2.16248409559815e-18,1.97459890468035e-15,1.37723796944712e-17,8.93841954652995e-17,-4.83697694824638e-16,2.45829659950499e-15
291.813186813187,2918.13186813187,4.21692792772264e-19,3.85054451227948e-16,1.9103198688784e-17,1.2398177246712e-16,-9.16859809592971e-16,1.30191426082092e-15
291.831501831502,2918.31501831502,1.1342626967862e-18,1.03571345715461e-15,1.26651230500139e-17,8.21979831669158e-17,3.36903867042036e-17,1.0020230704504e-15
291.849816849817,2918.49816849817,4.58017199407682e-18,4.18222849414766e-15,2.12248905282853e-17,1.37751776076246e-16,1.23210557089659e-15,2.95012292325107e-15
291.868131868132,2918.68131868132,4.80322740943446e-18,4.38590397076492e-15,4.14768899615011e-17,2.69189386428245e-16,3.39042939213732e-16,4.04686103155119e-15
291.886446886447,2918.86446886447,2.66870723412426e-18,2.43683937012109e-15,5.59162811069979e-17,3.62902556496242e-16,-2.01500598573713e-15,4.45184535585823e-15
291.904761904762,2919.04761904762,8.92435108853474e-18,8.14896808733721e-15,5.89735562773549e-17,3.82744594508606e-16,6.27015530328234e-17,8.08626653430438e-15
291.923076923077,2919.23076923077,1.53198143326526e-17,1.39887681313997e-14,1.0149136277727e-16,6.58689638956504e-16,2.2182178420482e-15,1.17705502893515e-14
291.941391941392,2919.41391941392,1.51077327953661e-17,1.37951130788232e-14,1.32462816506288e-16,8.59697637238048e-16,3.93054511549043e-16,1.34020585672742e-14
291.959706959707,2919.59706959707,1.74202678779144e-17,1.59067259458634e-14,1.87702375031e-16,1.21820819286642e-15,-8.35976143100736e-16,1.67427020889642e-14
291.978021978022,2919.78021978022,2.4635573706671e-17,2.24951374007257e-14,2.55701172101187e-16,1.65952755114455e-15,-1.08878773539299e-15,2.35839251361187e-14
291.996336996337,2919.96336996337,3.60275864077049e-17,3.28973668771669e-14,3.39561143248358e-16,2.20378760053472e-15,-3.44390619642971e-16,3.32417574968099e-14
292.014652014652,2920.14652014652,5.473134353636e-17,4.9976067439556e-14,4.6466001984746e-16,3.01569249180869e-15,3.40680666345186e-15,4.65692607761041e-14
292.032967032967,2920.32967032967,7.26942213993179e-17,6.63782592639044e-14,6.29519083853993e-16,4.0856451890395e-15,3.09095928809995e-15,6.32872999758045e-14
292.051282051282,2920.51282051282,9.22388257068199e-17,8.42247508688887e-14,8.75222196626865e-16,5.68028428160964e-15,6.99209216122957e-16,8.35255416527658e-14
292.069597069597,2920.69597069597,1.19993504106444e-16,1.0956799278184e-13,1.15668960631559e-15,7.50703742978405e-15,-2.04014008375455e-15,1.11608132865594e-13
292.087912087912,2920.87912087912,1.61307432906601e-16,1.47292403667861e-13,1.58974401733493e-15,1.03176061898947e-14,-4.16958643067739e-15,1.51461990098539e-13
292.106227106227,2921.06227106227,2.21359905249723e-16,2.02127279149004e-13,2.1343864769922e-15,1.38523931441238e-14,-1.85938848524629e-15,2.0398666763425e-13
292.124542124542,2921.24542124542,3.06127266464757e-16,2.7952971598013e-13,2.86967408282714e-15,1.86244871860523e-14,4.46424362232844e-15,2.75065472357801e-13
292.142857142857,2921.42857142857,4.08511267451474e-16,3.73018189082284e-13,3.88916679523403e-15,2.52411023174088e-14,4.55354988549673e-15,3.68464639196788e-13
292.161172161172,2921.61172161172,5.34849045108897e-16,4.88379239778517e-13,5.23285854020941e-15,3.39618033322235e-14,-1.79762277628858e-15,4.90176862554806e-13
292.179487179487,2921.79487179487,7.11744389277356e-16,6.49905215182963e-13,7.01928125052393e-15,4.55558749643399e-14,-3.81022230583256e-15,6.53715437488796e-13
292.197802197802,2921.97802197802,9.56885827109783e-16,8.73747793087234e-13,9.39851965255428e-15,6.09973829029426e-14,1.99468480010603e-16,8.73548324607224e-13
292.216117216117,2922.16117216117,1.27408995129323e-15,1.16339196547569e-12,1.25983824256315e-14,8.17648294819596e-14,-1.99869556042795e-16,1.16359183503173e-12
292.234432234432,2922.34432234432,1.69192421703743e-15,1.54492313380005e-12,1.68244109462792e-14,1.09192199893708e-13,1.34226778773891e-16,1.54478890702128e-12
292.252747252747,2922.52747252747,2.24470059823967e-15,2.04967211164314e-12,2.24654085090483e-14,1.45802868489509e-13,1.77195391022823e-15,2.04790015773291e-12
292.271062271062,2922.71062271062,2.96722323121119e-15,2.70941911398015e-12,2.99164471795315e-14,1.94160894605311e-13,-8.08034512857964e-16,2.71022714849301e-12
292.289377289377,2922.89377289377,3.92089910211761e-15,3.58023584458413e-12,3.97740039102858e-14,2.5813747651626e-13,-1.86660785382576e-15,3.58210245243796e-12
292.307692307692,2923.07692307692,5.17575332308401e-15,4.72606335623961e-12,5.27786553969305e-14,3.42539035014316e-13,3.92594945262155e-16,4.72567076129435e-12
292.326007326007,2923.26007326007,6.81135749171884e-15,6.21955975071072e-12,6.99538776286249e-14,4.54008037116691e-13,-2.87437823071579e-16,6.21984718853379e-12
292.344322344322,2923.44322344322,8.95427157237011e-15,8.17628896092379e-12,9.2525406076771e-14,6.00499635193209e-13,8.12312657201355e-16,8.17547664826658e-12
292.362637362637,2923.62637362637,1.17512545798272e-14,1.07302589966695e-11,1.22176508427315e-13,7.92938413897997e-13,1.88331935516713e-15,1.07283756773143e-11
292.380952380952,2923.80952380952,1.53856570090753e-14,1.40488901350761e-11,1.61059107772296e-13,1.04529058085473e-12,-1.64708557220551e-16,1.40490548436333e-11
292.399267399267,2923.99267399267,2.01092146324799e-14,1.83620463466547e-11,2.11932843359519e-13,1.37546648557538e-12,-2.7229051825576e-15,1.83647692518372e-11
292.417582417582,2924.17582417582,2.62498072062087e-14,2.39691198945502e-11,2.78400519863538e-13,1.80684871003906e-12,-7.62579229209435e-16,2.39698824737794e-11
292.435897435897,2924.35897435897,3.42082235647546e-14,3.12360774904757e-11,3.65095665724434e-13,2.36950934207449e-12,4.53322869986562e-15,3.12315442617758e-11
292.454212454212,2924.54212454212,4.44899426088259e-14,4.06244800243859e-11,4.7799194955172e-13,3.10221812042563e-12,7.91617133940201e-15,4.06165638530465e-11
292.472527472527,2924.72527472527,5.77485733350481e-14,5.27311483521906e-11,6.24662133322205e-13,4.0541230682928e-12,4.81665576261527e-15,5.2726331696428e-11
292.490842490843,2924.90842490843,7.48385403299915e-14,6.83362712652007e-11,8.14959174611096e-13,5.2891709185828e-12,5.64781899332969e-15,6.83306234462074e-11
292.509157509157,2925.09157509157,9.68180396516351e-14,8.84061045528926e-11,1.06140645588562e-12,6.88863974314456e-12,8.06670854348508e-15,8.83980378443491e-11
292.527472527473,2925.27472527473,1.25027604475178e-13,1.14164710553956e-10,1.38000220377148e-12,8.95635971857297e-12,8.26136411110937e-15,1.14156449189845e-10
292.545787545788,2925.45787545788,1.6117656897327e-13,1.47172909711839e-10,1.79112768026727e-12,1.16246073828903e-11,1.17225165769234e-14,1.47161187195262e-10
292.564102564103,2925.64102564103,2.07418527591769e-13,1.89397183649496e-10,2.32075513779046e-12,1.50619453910812e-11,2.15925966531585e-14,1.89375591052843e-10
292.582417582418,2925.82417582418,2.66447892780161e-13,2.43297843581395e-10,3.00183745862377e-12,1.94822414215314e-11,2.8539500914761e-14,2.43269304080481e-10
292.600732600733,2926.00732600733,3.4167435655521e-13,3.1198833396491e-10,3.87612019248899e-12,2.51564284908232e-11,3.69024709540259e-14,3.11951431493956e-10
292.619047619048,2926.19047619048,4.3737548344843e-13,3.99374567567593e-10,4.99644402089867e-12,3.24274481899972e-11,5.21888154610046e-14,3.99322378752132e-10
292.637362637363,2926.37362637363,5.58894351137389e-13,5.10335394296931e-10,6.42955035638403e-12,4.17284593191781e-11,7.04207960404188e-14,5.1026497350089e-10
292.655677655678,2926.55677655678,7.12914567187183e-13,6.50973723397072e-10,8.25949835360895e-12,5.36050146497684e-11,9.19488194523941e-14,6.50881774577619e-10
292.673992673993,2926.73992673993,9.07790364165961e-13,8.28917938592129e-10,1.05920973079644e-11,6.87438276583844e-11,1.25496790742167e-13,8.28792441801387e-10
292.692307692308,2926.92307692308,1.15390129579262e-12,1.05364577682645e-09,1.35601622212099e-11,8.80068817016689e-11,1.68559154513624e-13,1.05347721767194e-09
292.710622710623,2927.10622710623,1.46416223096163e-12,1.33695001198678e-09,1.73301965150469e-11,1.12474801531565e-10,2.32196016853522e-13,1.33671781596993e-09
292.728937728938,2927.28937728938,1.85457853334108e-12,1.69344539829601e-09,2.21104784992612e-11,1.43499335325663e-10,3.15836679991051e-13,1.69312956161602e-09
292.747252747253,2927.47252747253,2.34496569387977e-12,2.14122577829513e-09,2.81610141449894e-11,1.82767949234458e-10,4.21503101896506e-13,2.14080427519323e-09
292.765567765568,2927.65567765568,2.95980894821651e-12,2.70264901328434e-09,3.58059071801327e-11,2.32384110604078e-10,5.6289817890177e-13,2.70208611510544e-09
292.783882783883,2927.83882783883,3.72930018941657e-12,3.40528380497028e-09,4.5448298449123e-11,2.94964245995373e-10,7.56332603700041e-13,3.40452747236658e-09
292.802197802198,2928.02197802198,4.69059272205455e-12,4.28305543154001e-09,5.75887004170852e-11,3.73756734047911e-10,1.01705435119122e-12,4.28203837718882e-09
292.820512820513,2928.20512820513,5.88930126021346e-12,5.37761541988751e-09,7.28474518939379e-11,4.72787639005531e-10,1.35750787481017e-12,5.3762579120127e-09
292.838827838828,2928.38827838828,7.3813486086508e-12,6.7400277797993e-09,9.19916894117307e-11,5.97035757797336e-10,1.80484508609229e-12,6.73822293471321e-09
292.857142857143,2928.57142857143,9.23515926739711e-12,8.43277201948939e-09,1.15968658919803e-10,7.5264881644946e-10,2.4029478474118e-12,8.43036907164198e-09
292.875457875458,2928.75457875458,1.1534250490905e-11,1.05321090832578e-08,1.45945522295363e-10,9.47201818533281e-10,3.19547061103269e-12,1.05289136126468e-08
292.893772893773,2928.93772893773,1.43803929445508e-11,1.31309673976255e-08,1.83357748943221e-10,1.19001111174691e-09,4.24244215930926e-12,1.31267249554662e-08
292.912087912088,2929.12087912088,1.78973345719226e-11,1.63423431942703e-08,2.2996751469376e-10,1.49251340291671e-09,5.6175136883372e-12,1.63367256805819e-08
292.930402930403,2929.30402930403,2.22352651640697e-11,2.03033771798006e-08,2.87933902260969e-10,1.86872136636726e-09,7.42484464367702e-12,2.02959523351569e-08
292.948717948718,2929.48717948718,2.75760984342662e-11,2.51801776829245e-08,3.59897247109902e-10,2.33577105748897e-09,9.80110943743507e-12,2.5170376573487e-08
292.967032967033,2929.67032967033,3.41397069479541e-11,3.11735138689618e-08,4.49080332698175e-10,2.91457868051878e-09,1.29106404175137e-11,3.11606032285443e-08
292.985347985348,2929.85347985348,4.21913353040327e-11,3.85255848345559e-08,5.59409318149466e-10,3.63062542188368e-09,1.69758270243953e-11,3.85086090075315e-08
293.003663003663,2930.03663003663,5.20503189281286e-11,4.75279808776197e-08,6.95658148438087e-10,4.51489468751579e-09,2.22862432120989e-11,4.75056946344076e-08
293.021978021978,2930.21978021978,6.41003093213412e-11,5.85310203359353e-08,8.63620546215766e-10,5.60498834793145e-09,2.92044988801059e-11,5.85018158370552e-08
293.040293040293,2930.40293040293,7.88013268899977e-11,7.19547552192785e-08,1.07031437391288e-09,6.94645306980277e-09,3.82019992776222e-11,7.19165532200008e-08
293.058608058608,2930.58608058608,9.67038346039959e-11,8.83018220925331e-08,1.32422398734514e-09,8.5943532164026e-09,4.98842619922666e-11,8.82519378305408e-08
293.076923076923,2930.76923076923,1.18465166978102e-10,1.08172443641964e-07,1.63558702318482e-09,1.06151321285128e-08,6.50238206929833e-11,1.08107419821271e-07
293.095238095238,2930.95238095238,1.44868686471836e-10,1.32281920691141e-07,2.01673292320221e-09,1.3088809182423e-08,8.46113014942825e-11,1.32197309389647e-07
293.113553113553,2931.13553113553,1.76846029144942e-10,1.61480945065671e-07,2.48248188947029e-09,1.6111569051248e-08,1.09905293418542e-10,1.61371039772252e-07
293.131868131868,2931.31868131868,2.15502893650646e-10,1.96779147936488e-07,3.05061348994701e-09,1.97988030045357e-08,1.42505685683264e-10,1.96636642250805e-07
293.150183150183,2931.50183150183,2.62148870724358e-10,2.39372337604327e-07,3.74241671599167e-09,2.42886788395103e-08,1.84454677630244e-10,2.39187882926697e-07
293.168498168498,2931.68498168498,3.18331815781224e-10,2.90673885669732e-07,4.58333306235137e-09,2.97463145379477e-08,2.38336287427155e-10,2.90435549382305e-07
293.186813186813,2931.86813186813,3.85877405095922e-10,3.52350846415148e-07,5.60370784228231e-09,3.63686543804821e-08,3.07409743404947e-10,3.52043436671743e-07
293.205128205128,2932.05128205128,4.6693453582016e-10,4.2636541228891e-07,6.83966498067369e-09,4.43901464461603e-08,3.95803587744853e-10,4.25969608701165e-07
293.223443223443,2932.23443223443,5.640272530049e-10,5.15022329301932e-07,8.33412392361508e-09,5.40893424626891e-08,5.08725281152416e-10,5.1451360402078e-07
293.241758241758,2932.41758241758,6.80114008454738e-10,6.21023007237897e-07,1.01379785558907e-08,6.57965491052013e-08,6.52711839615007e-10,6.20370295398282e-07
293.260073260073,2932.60073260073,8.18655151364985e-10,7.47527146436234e-07,1.23114611183576e-08,7.99026799637594e-08,8.35974463060083e-10,7.46691171973174e-07
293.278388278388,2932.78388278388,9.83689520016032e-10,8.98222674896448e-07,1.49257163141874e-08,9.68694716587363e-08,1.06880888874393e-09,8.97153866007704e-07
293.296703296703,2932.96703296703,1.17992113487323e-09,1.0774049091378e-06,1.8064613619833e-08,1.17241245929958e-07,1.36409424808306e-09,1.07604081488972e-06
293.315018315018,2933.15018315018,1.41281706854894e-09,1.2900659208311e-06,2.18268291022649e-08,1.41658420849937e-07,1.73789710714562e-09,1.28832802372396e-06
293.333333333333,2933.33333333333,1.6887176471635e-09,1.54199516342851e-06,2.63282310386993e-08,1.70872993747288e-07,2.21023872209293e-09,1.53978492470642e-06
293.351648351648,2933.51648351648,2.01496011864793e-09,1.8398923956739e-06,3.1704607010889e-08,2.05766240336043e-07,2.8060174149209e-09,1.83708637825898e-06
293.369963369963,2933.69963369963,2.4000170497981e-09,2.19149405417229e-06,3.81147738133925e-08,2.47368898348018e-07,3.55612651648172e-09,2.18793792765581e-06
293.388278388278,2933.88278388278,2.85365078095562e-09,2.60571428843577e-06,4.57441152366572e-08,2.96884128117813e-07,4.49883328941237e-09,2.60121545514636e-06
293.406593406593,2934.06593406593,3.38708522331697e-09,3.09280183176132e-06,5.4808596645289e-08,3.55713567618815e-07,5.68144096582125e-09,3.0871203907955e-06
293.424908424908,2934.24908424908,4.01319638276671e-09,3.66451397159819e-06,6.55593090938743e-08,4.25486824253711e-07,7.16230262892416e-09,3.65735166896927e-06
293.443223443223,2934.43223443223,4.74672299735135e-09,4.3343088860029e-06,7.8287600120281e-08,5.08094774243666e-07,9.01327783957092e-09,4.32529560816333e-06
293.461538461538,2934.61538461538,5.60449859629833e-09,5.1175575404508e-06,9.33308516217829e-08,6.05727061653205e-07,1.13226647995054e-08,5.1062348756513e-06
293.479853479853,2934.79853479854,6.60570638274049e-09,6.03177642533896e-06,1.11078970296982e-07,7.20914222042208e-07,1.41987560683351e-08,6.01757766927063e-06
293.498168498169,2934.98168498169,7.77215818242404e-09,7.09688226852458e-06,1.31981658884224e-07,8.56574873569437e-07,1.77741060533563e-08,7.07910816247123e-06
293.516483516484,2935.16483516484,9.12859867331904e-09,8.33546983226085e-06,1.56556540918768e-07,1.01606844752269e-06,2.22106405364502e-08,8.3132591917244e-06
293.534798534799,2935.34798534799,1.0703035991883e-08,9.77311379507777e-06,1.85398214620022e-07,1.203253949001e-06,2.77057674156844e-08,9.74540802766209e-06
293.553113553114,2935.53113553114,1.25270996734096e-08,1.14386955928543e-05,2.19188314905129e-07,1.42255526044309e-06,3.44996837418431e-08,1.14041959091125e-05
293.571428571429,2935.71428571429,1.46364266600574e-08,1.33647558889396e-05,2.5870666469877e-07,1.67903351480308e-06,4.28840593461475e-08,1.33218718295935e-05
293.589743589744,2935.89743589744,1.70710759393731e-08,1.55878731872372e-05,3.04843599193985e-07,1.9784670813018e-06,5.32123602010222e-08,1.55346608270362e-05
293.608058608059,2936.08058608059,1.98759720656185e-08,1.81490688186411e-05,3.58613547108885e-07,2.32743970921401e-06,6.59120752409011e-08,1.80831567434002e-05
293.626373626374,2936.26373626374,2.31013775342896e-08,2.10942382737839e-05,4.21169954280493e-07,2.73343738356498e-06,8.14991861192921e-08,2.10127390876646e-05
293.644688644689,2936.44688644689,2.68033935877513e-08,2.4474608496693e-05,4.93821633708816e-07,3.20495443863938e-06,1.00595235864883e-07,2.43740132608282e-05
293.663003663004,2936.63003663004,3.1044488590055e-08,2.83472203523089e-05,5.78050624554272e-07,3.75160946475644e-06,1.23947397846063e-07,2.82232729544628e-05
293.681318681319,2936.81318681319,3.58940526990655e-08,3.27754351064991e-05,6.75531639288496e-07,4.3842715223279e-06,1.52452048899274e-07,3.26229830575998e-05
293.699633699634,2936.99633699634,4.142897703112e-08,3.78294632705954e-05,7.88153174328466e-07,5.11519715209803e-06,1.87182388018913e-07,3.76422808825765e-05
293.717948717949,2937.17948717949,4.77342548711534e-08,4.35869135760005e-05,9.1804035246233e-07,5.95817862489421e-06,2.29420677664088e-07,4.33574928983364e-05
293.736263736264,2937.36263736264,5.49036019698198e-08,5.01333593774362e-05,1.06757955822881e-06,6.92870382783518e-06,2.80695851915631e-07,4.98526635255206e-05
293.754578754579,2937.54578754579,6.30400922323121e-08,5.75629191105983e-05,1.23944491717842e-06,8.04412811752659e-06,3.42827224345805e-07,5.72200918862525e-05
293.772893772894,2937.72893772894,7.22568043991033e-08,6.59788467867119e-05,1.43662665862071e-06,9.32385839727925e-06,4.17975166926893e-07,6.5560871619785e-05
293.791208791209,2937.91208791209,8.26774746337856e-08,7.54941278809515e-05,1.66246138691412e-06,1.07895495809702e-05,5.08699757965193e-07,7.49854281229863e-05
293.809523809524,2938.09523809524,9.44371491116216e-08,8.6232075221512e-05,1.92066427123963e-06,1.24653135080656e-05,6.18028437233423e-07,8.56140467842786e-05
293.827838827839,2938.27838827839,1.07682829970585e-07,9.83269188178625e-05,2.21536314414693e-06,1.43779402467783e-05,7.49533875294147e-07,9.75773849425683e-05
293.846153846154,2938.46153846154,1.22574107145524e-07,0.000111924382798652,2.55113447994862e-06,1.65571315976377e-05,9.07423362403588e-07,0.000111016959436248
293.864468864469,2938.64468864469,1.39283767878659e-07,0.00012718224196552,2.93304119962897e-06,1.9035746451331e-05,1.0966411366096e-06,0.00012608560082891
293.882783882784,2938.82783882784,1.57998374942407e-07,0.000144270849777628,3.36667222490951e-06,2.18500574987568e-05,1.32298523182355e-06,0.000142947864545805
293.901098901099,2939.01098901099,1.78918803882248e-07,0.00016337362891674,3.85818367570074e-06,2.50400186068283e-05,1.59324054783403e-06,0.000161780388368906
293.919413919414,2939.19413919414,2.02260728876814e-07,0.000184687514933855,4.41434157695817e-06,2.86495419904684e-05,1.91532994709627e-06,0.000182772184986759
293.937728937729,2939.37728937729,2.28255046355577e-07,0.000208423343061313,5.04256590794673e-06,3.27267840969782e-05,2.29848537646363e-06,0.000206124857684849
293.956043956044,2939.56043956044,2.57148224892741e-07,0.000234806167706521,5.75097579607884e-06,3.73244389188077e-05,2.75344109046033e-06,0.000232052726616061
293.974358974359,2939.74358974359,2.89202569660224e-07,0.00026407550392821,6.54843562167747e-06,4.25000372183264e-05,3.29265126309648e-06,0.000260782852665114
293.992673992674,2939.92673992674,3.24696389318054e-07,0.000296485479826732,7.44460176624036e-06,4.83162499289845e-05,3.93053426396019e-06,0.000292554945562772
294.010989010989,2940.10989010989,3.63924053314539e-07,0.000332304888865762,8.44996970011652e-06,5.48411937592949e-05,4.68374610511005e-06,0.000327621142760652
294.029304029304,2940.29304029304,4.07195927577398e-07,0.000371817131150843,9.57592107114937e-06,6.21487368030888e-05,5.57148561125415e-06,0.000366245645539589
294.047619047619,2940.47619047619,4.54838176913147e-07,0.00041532003299709,1.08347704201951e-05,7.03188017281532e-05,6.61583393145782e-06,0.000408704199065632
294.065934065934,2940.65934065934,5.07192422848517e-07,0.000463125534498711,1.22398111157369e-05,7.9437663896717e-05,7.84213101421625e-06,0.000455283403484495
294.084249084249,2940.84249084249,5.64615246568056e-07,0.00051555923565335,1.38053600684301e-05,8.95982415675606e-05,9.2793917732224e-06,0.000506279843880128
294.102564102564,2941.02564102564,6.27477527457254e-07,0.000572959792375218,1.55468007560751e-05,0.000100900375132624,1.09607645836499e-05,0.000561999027791569
294.120879120879,2941.20879120879,6.96163609024837e-07,0.000635678154885357,1.74806240647965e-05,0.000113451092180564,1.29240346715642e-05,0.000622754120213793
294.139194139194,2941.39194139194,7.71070285417373e-07,0.000704076642281879,1.96244664281732e-05,0.000127364855023727,1.52121747979707e-05,0.000688864467483908
294.157509157509,2941.57509157509,8.52605603639822e-07,0.000778527848828338,2.19971447305792e-05,0.000142763787224505,1.78739455676659e-05,0.000760653903260672
294.175824175824,2941.75824175824,9.41187478438932e-07,0.000859413379181556,2.46186874274698e-05,0.000159777875569278,2.09645473343158e-05,0.00083844883184724
294.194139194139,2941.94139194139,1.03724211907775e-06,0.000947122411854191,2.75103613312802e-05,0.000178545143911717,2.45463253395412e-05,0.00092257608651465
294.212454212454,2942.12454212454,1.14120226973026e-06,0.00104205009249088,3.06946935106216e-05,0.000199211795300871,2.86895293665982e-05,0.00101336056312428
294.230769230769,2942.30769230769,1.25350526785272e-06,0.00114459576093594,3.41954877616661e-05,0.000221932318882193,3.34731286540444e-05,0.0011111226322819
294.249084249084,2942.49084249084,1.3745909276846e-06,0.00125516101862417,3.80378351252258e-05,0.000246869558154493,3.89856821804503e-05,0.00121617533644372
294.267399267399,2942.67399267399,1.50489925901042e-06,0.00137414764554571,4.22481179498023e-05,0.000274194737339555,4.53262637337643e-05,0.00132882138181195
294.285714285714,2942.85714285714,1.64486803437207e-06,0.00150195537882854,4.68540070336209e-05,0.00030408744283364,5.26054404034647e-05,0.00144934993842507
294.304029304029,2943.04029304029,1.79493022092382e-06,0.00163897956772416,5.18844514232636e-05,0.000336735556999534,6.09463021025233e-05,0.00157803326562164
294.322344322344,2943.22344322344,1.95551129623033e-06,0.00178560872261972,5.73696604968993e-05,0.000372335141884832,7.04855387108015e-05,0.00171512318390892
294.340659340659,2943.40659340659,2.12702647026422e-06,0.00194222197839938,6.33410780224744e-05,0.000411090270856857,8.13745602699133e-05,0.00186084741812947
294.358974358974,2943.58974358974,2.30987783870016e-06,0.0021091864950716,6.98313479502082e-05,0.000453212806592348,9.3780654331824e-05,0.00201540584073978
294.377289377289,2943.77289377289,2.50445149521306e-06,0.00228685482096223,7.68742717757447e-05,0.000498922124359827,0.000107888173158185,0.00217896664780404
294.395604395604,2943.95604395604,2.71111463277154e-06,0.0024755622458591,8.45047573966664e-05,0.000548444780092985,0.000123899741908935,0.00235166250395017
294.413919413919,2944.13919413919,2.93021266592344e-06,0.00267562417332484,9.27587594746592e-05,0.000602014123334841,0.000142037477340757,0.00253358669598408
294.432234432234,2944.32234432234,3.16206640770939e-06,0.0028873335428913,0.000101673211413134,0.000659869855765346,0.000162544204875351,0.00272478933801595
294.450549450549,2944.50549450549,3.40696933578203e-06,0.00311095833370923,0.000111285949160356,0.000722257536675661,0.000185684660004852,0.00292527367370438
294.468864468864,2944.68864468864,3.66518498284743e-06,0.00334673918171849,0.000121635627150599,0.000789428037417383,0.000211746658179854,0.00313499252353864
294.48717948718,2944.87179487179,3.93694448652859e-06,0.00359488714238909,0.000132761626799569,0.000861636947528221,0.000241042215482343,0.00335384492690675
294.505494505494,2945.05494505494,4.22244433296117e-06,0.00385558163036231,0.000144703958072366,0.000939143935897671,0.00027390860044759,0.00358167302991472
294.52380952381,2945.2380952381,4.52184432699463e-06,0.00412896856600877,0.000157503154741771,0.00102221207098229,0.000310709295554112,0.00381825927045466
294.542124542125,2945.42124542125,4.8352658197655e-06,0.00441515875699718,0.00017120016404799,0.00111110710468576,0.00035183484506804,0.00406332391192914
294.56043956044,2945.6043956044,5.16279022158412e-06,0.00471422654038739,0.000185836231558167,0.00120609672508507,0.000397703564289098,0.00431652297609829
294.578754578755,2945.78754578755,5.50445782444969e-06,0.00502620870744999,0.000201452782100964,0.00130744978368332,0.000448762083621604,0.00457744662382839
294.59706959707,2945.9706959707,5.8602669542741e-06,0.00535110372954827,0.000218091297717205,0.00141543550329658,0.000505485699531967,0.00484561803001631
294.615384615385,2946.15384615385,6.23017346801317e-06,0.00568887129896074,0.000235793193619899,0.00153032267302136,0.000568378503321904,0.00512049279563883
294.6336996337,2946.336996337,6.6140906054208e-06,0.0060394321935154,0.000254599693193873,0.00165237883696905,0.000637973257834738,0.00540145893568066
294.652014652015,2946.52014652015,7.01188919901017e-06,0.00640266846830876,0.000274551703085499,0.00178186948358508,0.000714830991604227,0.00568783747670454
294.67032967033,2946.7032967033,7.42339823944938e-06,0.0067784239719776,0.000295689689433879,0.00191905724237632,0.000799540279900011,0.00597888369207759
294.688644688645,2946.88644688645,7.84840578689416e-06,0.00716650517885149,0.000318053556278069,0.00206420109476107,0.000892716182448975,0.00627378899640252
294.70695970696,2947.0695970696,8.28666021168649e-06,0.00756668232185466,0.000341682527135748,0.0022175556055022,0.000994998808366268,0.00657168351348839
294.725274725275,2947.25274725275,8.73787174082729e-06,0.00797869080461491,0.000366615030690949,0.00237937018080845,0.00110705148012736,0.00687163932448755
294.74358974359,2947.4358974359,9.2017142798372e-06,0.00840223286503398,0.000392888591448422,0.00254988835866976,0.00122955847045648,0.00717267439457751
294.761904761905,2947.61904761905,9.67782747285704e-06,0.0088369794563983,0.000420539726113214,0.00272934713634979,0.00136322228841858,0.00747375716797973
294.78021978022,2947.8021978022,1.01658189575232e-05,0.00928257230634183,0.000449603846335702,0.00291797633919095,0.00150876049416332,0.00777381181217851
294.798534798535,2947.98534798535,1.06652667656086e-05,0.0097386261089099,0.000480115168325856,0.00311599803400143,0.00166690202566728,0.00807172408324262
294.81684981685,2948.1684981685,1.11757218153883e-05,0.010204730800378,0.000512106629688863,0.00332362598930965,0.001838383025239,0.00836634777513902
294.835164835165,2948.35164835165,1.16967104376746e-05,0.0106804538658154,0.000545609813669235,0.00354106518370056,0.00202394215871772,0.00865651170709765
294.85347985348,2948.5347985348,1.22277368744942e-05,0.0111653426206666,0.00058065488081485,0.003768511362308,0.00222431542614953,0.00894102719451711
294.871794871795,2948.71794871795,1.27682856876125e-05,0.0116589264100144,0.000617270507889848,0.00400615064035303,0.0024402304691286,0.0092186959408858
294.89010989011,2948.9010989011,1.33178240135419e-05,0.0121607186676633,0.000655483833679188,0.00425415915140975,0.00267240038701868,0.00948831828064462
294.908424908425,2949.08424908425,1.38758036025887e-05,0.0126702187780265,0.000695320411141999,0.00451270273687551,0.0029215170818132,0.00974870169621326
294.92673992674,2949.2673992674,1.4441662581845e-05,0.0131869136859416,0.000736804165190106,0.00478193667194912,0.00318824415940939,0.00999866952653221
294.945054945055,2949.45054945055,1.50148268858998e-05,0.0137102792030764,0.000779957355195904,0.00506200542230298,0.00347320942345249,0.0102370697796239
294.96336996337,2949.6336996337,1.55947113042778e-05,0.0142397809643616,0.000824800541175741,0.00535304242460968,0.00377699700649954,0.0104627839578621
294.981684981685,2949.81684981685,1.61807201015705e-05,0.0147748749942426,0.000871352552453951,0.00565516988316826,0.00410013919209466,0.0106747358021479
295,2950,1.6772247174292e-05,0.0153150078499072,0.000919630457494603,0.00596849857410909,0.00444310799007178,0.0108718998598354
295.018315018315,2950.18315018315,1.73686757181048e-05,0.0158596163174238,0.000969649533495359,0.00629312764805483,0.00480630653612424,0.0110533097812996
295.03663003663,2950.3663003663,1.79693773897373e-05,0.0164081266464753,0.00102142323427485,0.00662914442170606,0.00519006039506416,0.0112180662514112
295.054945054945,2950.54945054945,1.85737109595543e-05,0.0169599533199992,0.00107496315495639,0.00697662414863494,0.00559460885506457,0.0113653444649346
295.07326007326,2950.7326007326,1.91810204632627e-05,0.0175144973664805,0.0011302789919552,0.00733562975959791,0.00602009630759347,0.0114944010588871
295.091575091575,2950.91575091575,1.97906328742608e-05,0.0180711442345369,0.00118737849682109,0.00770621156297018,0.00646656381421257,0.0116045804203244
295.10989010989,2951.0989010989,2.04018553314714e-05,0.0186292612616081,0.00124626742257033,0.00808840689643351,0.00693394096702136,0.0116953202945868
295.128205128205,2951.28205128205,2.10139719708771e-05,0.0191881947807806,0.00130694946126248,0.00848223972184342,0.00742203815399495,0.0117661566267857
295.14652014652,2951.4652014652,2.16262404220782e-05,0.0197472669217379,0.00136942617173867,0.00888772015624321,0.00793053934362784,0.01181672757811
295.164835164835,2951.64835164835,2.22378880437298e-05,0.020305772173278,0.0014336968966367,0.00930484393328284,0.00845899550505971,0.0118467766682183
295.18315018315,2951.8315018315,2.28481079833091e-05,0.020862973785424,0.00149975866803272,0.00973359179082383,0.00900681878002172,0.0118561550054023
295.201465201465,2952.01465201465,2.34560551571844e-05,0.0214181000987603,0.00156760610132596,0.0101739287822398,0.00957327752145011,0.0118448225773101
295.21978021978,2952.1978021978,2.40608422559441e-05,0.0219703408968343,0.00163723127727959,0.0106258035108492,0.0101574923104018,0.0118128485864325
295.238095238095,2952.38095238095,2.46615358871207e-05,0.0225188438840167,0.00170862361244975,0.0110891472889862,0.0107584330576847,0.011760410826332
295.25641025641,2952.5641025641,2.5257152972908e-05,0.0230627113961979,0.00178176971857394,0.0115638732254164,0.0113749172898264,0.0116877941063715
295.274725274725,2952.74725274725,2.58466575233766e-05,0.0236009974543608,0.00185665325184077,0.0120498752470817,0.0120056097100249,0.0115953877443359
295.29304029304,2952.9304029304,2.64289579064557e-05,0.0241327052717562,0.00193325475331955,0.0125470270634714,0.0126490231140264,0.0114836821577298
295.311355311355,2953.11355311355,2.70029047342641e-05,0.0246567853238788,0.00201155148218334,0.0130551810842223,0.0133035207284695,0.0113532645954092
295.32967032967,2953.2967032967,2.75672894809902e-05,0.0251721340864302,0.0020915172437059,0.0135741673028011,0.0139673200250381,0.0112048140613921
295.347985347985,2953.47985347985,2.81208439406018e-05,0.025677593540146,0.00217312221434223,0.0141037921612579,0.0146384980479959,0.0110390954921501
295.3663003663,2953.663003663,2.86622406231926e-05,0.0261719515327053,0.0022563327665086,0.0146438374130309,0.0153149982755877,0.0108569532571176
295.384615384615,2953.84615384615,2.91900941768935e-05,0.0266539430771013,0.00234111129595217,0.0151940590025567,0.0159946390175692,0.0106593040595322
295.40293040293,2954.0293040293,2.97029639079844e-05,0.0271222526527959,0.00242741605483626,0.0157541859819761,0.016675123331837,0.0104471293209589
295.421245421245,2954.21245421245,3.01993574554345e-05,0.0275755175610006,0.00251520099385792,0.0163239194864605,0.0173540504231859,0.0102214671378147
295.43956043956,2954.3956043956,3.06777356580389e-05,0.0280123323689377,0.00260441561685399,0.0169029317905902,0.0180289284671105,0.00998340390182717
295.457875457875,2954.57875457875,3.11365186323142e-05,0.0284312544596638,0.00269500485143689,0.0174908654687664,0.0186971887810033,0.00973406567866051
295.47619047619,2954.7619047619,3.15740930584562e-05,0.0288308106849951,0.00278690893922312,0.0180873326827833,0.0193562012450741,0.00947460943992098
295.494505494506,2954.94505494506,3.19888206498542e-05,0.0292095050991562,0.00288006334917994,0.0186919146194385,0.0200032908558385,0.00920621424331765
295.51282051282,2955.12820512821,3.23790477592965e-05,0.0295658277303606,0.0029743987175105,0.0193041611003814,0.0206357552763119,0.00893007245404876
295.531135531136,2955.31135531136,3.27431160528444e-05,0.0298982643272965,0.0030698408173272,0.0199235903852899,0.021250883229745,0.00864738109755152
295.549450549451,2955.49450549451,3.30793741605431e-05,0.030205306997577,0.00316631056112972,0.0205496891879532,0.0218459735679625,0.00835933342961454
295.567765567766,2955.67765567766,3.33861901922344e-05,0.0304854656361304,0.00326372403880454,0.0211819129228925,0.0224183548314685,0.00806711080466184
295.586080586081,2955.86080586081,3.36619649872132e-05,0.0307372800236729,0.00336199259350664,0.0218196861978416,0.0229654051067816,0.00777187491689126
295.604395604396,2956.04395604396,3.3905145948485e-05,0.0309593324589921,0.00346102293737075,0.0224624035647247,0.023484571977086,0.00747476048190608
295.622710622711,2956.22710622711,3.41142412969351e-05,0.0311502607746563,0.00356071730853706,0.0231094305387702,0.0239733923557923,0.00717686841886397
295.641025641026,2956.41025641026,3.42878345673427e-05,0.0313087715735586,0.00366097367047278,0.0237601048921283,0.0244295119886375,0.00687925958492114
295.659340659341,2956.59340659341,3.44245991577269e-05,0.0314336535141571,0.00376168595402954,0.0244137382248492,0.0248507044090836,0.00658294910507356
295.677655677656,2956.77655677656,3.45233127362859e-05,0.0315237904656826,0.00386274434211197,0.025069617812412,0.0252348891340574,0.00628890133162525
295.695970695971,2956.95970695971,3.45828713059242e-05,0.0315781743506839,0.00396403559624923,0.0257270087252086,0.0255801488921428,0.00599802545854113
295.714285714286,2957.14285714286,3.4602302725634e-05,0.0315959174916178,0.00406544342377121,0.0263851562115558,0.0258847456846942,0.00571117180692356
295.732600732601,2957.32600732601,3.45807794907195e-05,0.0315762642806767,0.00416684888370356,0.0270432883319969,0.0261471354915833,0.00542912878909343
295.750915750916,2957.50915750916,3.45176305798961e-05,0.0315186019975656,0.00426813082892066,0.0277006188289208,0.0263659814473104,0.0051526205502552
295.769230769231,2957.69230769231,3.44123521867808e-05,0.0314224706085972,0.00436916638154554,0.0283563502119578,0.0265401653299706,0.0048823052786266
295.787545787546,2957.87545787546,3.42646171660314e-05,0.0312875713921136,0.00446983143806411,0.0290096770362243,0.0266687972247132,0.00461877416740039
295.805860805861,2958.05860805861,3.40742830400524e-05,0.0311137742495373,0.00457000120014687,0.0296597893474113,0.0267512232446016,0.00436255100493577
295.824175824176,2958.24175824176,3.38413984306541e-05,0.0309011235782234,0.00466955072674194,0.0303058762649267,0.0267870312149025,0.00411409236332088
295.842490842491,2958.42490842491,3.35662078009279e-05,0.0306498426013404,0.00476835550263591,0.0309471296719147,0.0267760542513932,0.00387378834994717
295.860805860806,2958.60805860806,3.3249154415634e-05,0.0303603360710492,0.00486629201837401,0.0315827479789992,0.0267183721890241,0.00364196388202503
295.879120879121,2958.79120879121,3.28908814528197e-05,0.0300331912835385,0.00496323835619727,0.0322119399270775,0.0266143108434793,0.00341888044005924
295.897435897436,2958.97435897436,3.24922312253929e-05,0.0296691773682316,0.00505907477649382,0.0328339283934513,0.0264644391150092,0.00320473825322245
295.915750915751,2959.15750915751,3.20542424977869e-05,0.0292692428375899,0.00515368429917954,0.0334479541650479,0.0262695639702394,0.00299967886735053
295.934065934066,2959.34065934066,3.15781459096819e-05,0.0288345114084397,0.00524695327441835,0.0340532796424554,0.0260307233636045,0.00280378804483514
295.952380952381,2959.52380952381,3.10653575453904e-05,0.0283662761300744,0.0053387719371669,0.0346491924389763,0.025749177185071,0.00261709894500338
295.970695970696,2959.70695970696,3.05174707134641e-05,0.0278659918780826,0.00542903494018141,0.0352350088398974,0.0254263963443488,0.00243959553373382
295.989010989011,2959.89010989011,2.99362460257762e-05,0.0273352662953984,0.00551764186034937,0.0358100770886366,0.025064050123615,0.00227121617178336
296.007326007326,2960.07326007326,2.93235998887065e-05,0.026775849283418,0.0056044976735079,0.0363737804683638,0.0246639919506981,0.0021118573327199
296.025641025641,2960.25641025641,2.86815915401786e-05,0.0261896211653111,0.00568951319327248,0.0369255401500455,0.0242282437619788,0.00196137740333231
296.043956043956,2960.43956043956,2.80124087854689e-05,0.0255785796611583,0.00577260546982242,0.0374648177806047,0.0237589791392986,0.0018196005218597
296.062271062271,2960.62271062271,2.73183526010584e-05,0.0249448258294823,0.00585369814506401,0.0379911177879672,0.023258505417198,0.0016863204122843
296.080586080586,2960.80586080586,2.66018207893201e-05,0.0242905491420805,0.00593272176111102,0.0385039893831321,0.0227292449659312,0.00156130417614935
296.098901098901,2960.98901098901,2.58652908774305e-05,0.0236180118687467,0.0060096140195757,0.0390030282429984,0.0221737158618816,0.00144429600686505
296.117216117216,2961.17216117216,2.51113024614411e-05,0.0229295329553595,0.00608431998974518,0.0394878778614514,0.0215945121601595,0.00133502079519999
296.135531135531,2961.35531135531,2.43424392004062e-05,0.0222274715824325,0.00615679226431457,0.0399582305600867,0.0209942839839728,0.00123318759845966
296.153846153846,2961.53846153846,2.35613106667241e-05,0.0215142105923689,0.00622699106195417,0.0404138281538828,0.0203757176426399,0.00113849294972898
296.172161172161,2961.72161172161,2.27705342566443e-05,0.0207921399716558,0.00629488427659178,0.0408544622710479,0.0197415159842055,0.00105062398745029
296.190476190476,2961.90476190476,2.19727173596417e-05,0.0200636405694343,0.0063604474738834,0.0412799743301147,0.0190943791800163,0.000969261389418013
296.208791208791,2962.08791208791,2.117043997747e-05,0.0193310682266777,0.00642366383591939,0.0416902551810775,0.0184369861277296,0.00089408209894808
296.227106227106,2962.27106227106,2.03662379730717e-05,0.0185967384805034,0.00648452405575889,0.0420852444209093,0.0177719766459887,0.000824761834514698
296.245421245421,2962.45421245421,1.95625871163823e-05,0.0178629119961401,0.00654302618389608,0.0424649293971121,0.0171019346186328,0.000760977377507395
296.263736263736,2962.63736263736,1.87618880790102e-05,0.01713178086533,0.006599175429231,0.0428293439159959,0.0164293722295234,0.000702408635806545
296.282051282051,2962.82051282051,1.79664525129751e-05,0.0164054558946013,0.00665298391753996,0.0431785666751267,0.0157567154108395,0.000648740483761779
296.300366300366,2963.00366300366,1.7178490330282e-05,0.0156859549900432,0.00670447041081119,0.0435127194417852,0.0150862906083582,0.00059966438168501
296.318681318681,2963.18681318681,1.64000982807136e-05,0.0149751927275053,0.00675365999112536,0.0438319650013178,0.0144203129472507,0.000554879780254557
296.336996336996,2963.36996336996,1.56332499053713e-05,0.0142749711790143,0.00680058371301788,0.0441365049009319,0.0137608758618046,0.000514095317209655
296.355311355311,2963.55311355311,1.48797869229287e-05,0.0135869720474244,0.006845278228457,0.0444265770157633,0.01310994223202,0.000477029815404453
296.373626373626,2963.73626373626,1.41414120850729e-05,0.0129127501426061,0.00688778538870826,0.0447024529649356,0.0124693370499615,0.000443413092644637
296.391941391941,2963.91941391941,1.34196835177919e-05,0.0122537282143845,0.00692815182743343,0.0449644354058276,0.0118407416195029,0.000412986594881591
296.410256410256,2964.10256410256,1.27160105456299e-05,0.0116111931396006,0.00696642852939161,0.0452128552348983,0.0112256892744325,0.000385503865168072
296.428571428571,2964.28571428571,1.20316509774907e-05,0.0109862934437341,0.00700267038907326,0.0454480687231751,0.0106255625823742,0.000360730861359946
296.446886446886,2964.46886446886,1.13677098153953e-05,0.0103800381218502,0.00703693576350889,0.0456704546139356,0.0100415919859782,0.000338446135872026
296.465201465201,2964.65201465201,1.07251393317175e-05,0.00979329670912365,0.00706928602335676,0.0458804112092186,0.00947485581811537,0.000318440891008278
296.483516483516,2964.83516483516,1.01047404461053e-05,0.00922680053812821,0.00709978510619102,0.0460783534706176,0.00892628161488445,0.000300518923243756
296.501831501831,2965.01831501831,9.50716532077932e-06,0.00868114510864564,0.00712849907569093,0.0462647101583725,0.00839664863898928,0.000284496469656359
296.520146520147,2965.20146520146,8.93292108219862e-06,0.00815679348597772,0.00715549569017546,0.0464399210311134,0.00788659151665771,0.000270201969320006
296.538461538462,2965.38461538462,8.38237456828182e-06,0.00765408063571049,0.00718084398364361,0.046604434126768,0.00739660488375524,0.000257475751955255
296.556776556777,2965.56776556777,7.85575799361282e-06,0.00717321859670423,0.00720461386217349,0.0467587031431497,0.00692704893116134,0.000246169665542888
296.575091575092,2965.75091575092,7.35317542004044e-06,0.00671430238950181,0.00722687571820923,0.0469031849346383,0.00647815573558797,0.000236146653913838
296.593406593407,2965.93406593407,6.87460991707579e-06,0.00627731655460233,0.00724770006492792,0.0470383371391835,0.00605003626004288,0.00022728029455945
296.611721611722,2966.11721611722,6.41993129531819e-06,0.00586214221397636,0.00726715719253758,0.0471646159476419,0.00564268790784453,0.000219454306131825
296.630036630037,2966.30036630037,5.98890429672656e-06,0.00546856454973403,0.00728531684801358,0.0472824740252333,0.0052560025154636,0.000212562034270438
296.648351648352,2966.48351648352,5.58119712741629e-06,0.00509628059555878,0.00730224793944248,0.0473923585927006,0.00488977467199434,0.000206505923564445
296.666666666667,2966.66666666667,5.19639022247006e-06,0.00474490723999655,0.00731801826581066,0.0474947096726095,0.00454371025738084,0.000201196982615715
296.684981684982,2966.84981684982,4.83398513707385e-06,0.00441398934509476,0.00733269427275808,0.0475899585041651,0.00421743509671585,0.000196554248378917
296.703296703297,2967.03296703297,4.4934134641014e-06,0.00410300788919159,0.00734634083451499,0.0476785261279577,0.0039105036340656,0.00019250425512599
296.721611721612,2967.21611721612,4.17404568531053e-06,0.00381138804908534,0.00735902106195582,0.0477608221402126,0.00362240753644567,0.000188980512639674
296.739926739927,2967.39926739927,3.87519987114357e-06,0.00353850714396166,0.00737079613644432,0.0478372436144275,0.00335258414640338,0.000185922997558282
296.758241758242,2967.58241758242,3.59615015217424e-06,0.00328370237080758,0.00738172516890513,0.047908174186732,0.00310042470975865,0.000183277661048933
296.776556776557,2967.76556776557,3.33613489407949e-06,0.00304627826910937,0.00739186508334482,0.047973983299927,0.00286528231370045,0.000180995955408913
296.794871794872,2967.94871794872,3.09436451700325e-06,0.00282551386083895,0.00740127052385835,0.048035025599947,0.00264647947919326,0.00017903438164569
296.813186813187,2968.13186813187,2.87002890912831e-06,0.00262066941990533,0.00740999378399738,0.0480916404774525,0.00244331536041938,0.00017735405948595
296.831501831502,2968.31501831502,2.66230439329146e-06,0.00243099283348251,0.00741808475724225,0.0481441517463884,0.00225507251262144,0.000175920320861069
296.849816849817,2968.49816849817,2.47036021432308e-06,0.00225572552570335,0.00742559090721275,0.0481928674506486,0.00208102319817529,0.000174702327528058
296.868131868132,2968.68131868132,2.2933645231321e-06,0.0020941079218235,0.00743255725617036,0.0482380797894543,0.00192043520880881,0.000173672713014696
296.886446886447,2968.86446886447,2.1304898417359e-06,0.00194538443842783,0.00743902639030682,0.0482800651516772,0.00177257718956555,0.000172807248862283
296.904761904762,2969.04761904762,1.98091800094849e-06,0.00180880799211268,0.00744503848027891,0.0483190842491129,0.00163672345726069,0.000172084534851987
296.923076923077,2969.23076923077,1.84384454936628e-06,0.00168364402540145,0.00745063131543634,0.048355382338623,0.00151215831276938,0.000171485712632069
296.941391941392,2969.41391941392,1.7184826387764e-06,0.00156917405457333,0.00745584035019487,0.0483891895231018,0.00139817985253826,0.000170994202035067
296.959706959707,2969.59706959707,1.60406639661932e-06,0.00146469874911286,0.00746069876103146,0.0484207211213805,0.00129410328991344,0.000170595459199426
296.978021978022,2969.78021978022,1.49985380127194e-06,0.00136954055717716,0.00746523751261655,0.0484501780974333,0.00119926380168828,0.000170276755488875
296.996336996337,2969.96336996337,1.40512908016331e-06,0.00128304589535375,0.007469485431653,0.0484777475395993,0.00111301891920272,0.000170026976151031
297.014652014652,2970.14652014652,1.31920465434736e-06,0.00120458692428116,0.00747346928705412,0.0485036031809466,0.00103475048670457,0.000169836437576595
297.032967032967,2970.32967032967,1.24142265608872e-06,0.00113356293438085,0.00747721387516881,0.0485279059523925,0.000963866212384786,0.000169696721996065
297.051282051282,2970.51282051282,1.17115604824744e-06,0.00106940136798532,0.0074807421088428,0.0485508045607202,0.000899800839551917,0.000169600528433405
297.069597069597,2970.69597069597,1.10780937590493e-06,0.00101155850565987,0.0074840751091923,0.0485724360841993,0.000842016966911144,0.000169541538748722
297.087912087912,2970.87912087912,1.05081918180175e-06,0.000959519845545455,0.00748723229905817,0.048592926579114,0.000790005547928895,0.00016951429761656
297.106227106227,2971.06227106227,9.99654117605384e-07,0.000912800204959104,0.00749023149720196,0.0486123916911041,0.000743286099647172,0.000169514105311932
297.124542124542,2971.24542124542,9.53814783125084e-07,0.000870943573578405,0.00749308901239967,0.0486309372658445,0.00070140665133807,0.000169536922240335
297.142857142857,2971.42857142857,9.12833325114818e-07,0.00083352274710204,0.00749581973668299,0.0486486599541901,0.000663943462941856,0.000169579284160185
297.161172161172,2971.61172161172,8.76272826668583e-07,0.000800138769696864,0.00749843723706986,0.0486656478075169,0.000630500542589216,0.000169638227107648
297.179487179487,2971.79487179487,8.43726517053142e-07,0.000770420212483493,0.00750095384521546,0.0486819808595665,0.000600708991359711,0.000169711221123782
297.197802197802,2971.97802197802,8.14816830417623e-07,0.000744022314028958,0.00750338074450061,0.0486977316916587,0.000574226202105024,0.000169796111923934
297.216117216117,2972.16117216117,7.8919434025094e-07,0.000720626007382678,0.00750572805415561,0.0487129659786646,0.000550734937735406,0.000169891069647273
297.234432234432,2972.34432234432,7.66536594843392e-07,0.000699936856717783,0.007508004910094,0.0487277430136258,0.000529942312717366,0.000169994544000417
297.252747252747,2972.52747252747,7.46546876944756e-07,0.000681683924755018,0.00751021954220204,0.0487421162093712,0.000511578699654377,0.000170105225100641
297.271062271062,2972.71062271062,7.28952908887619e-07,0.000665618590390098,0.00751237934789498,0.0487561335759054,0.000495396581056837,0.000170222009333261
297.289377289377,2972.89377289377,7.13505522616418e-07,0.000651513334275902,0.00751449096181005,0.0487698381727229,0.000481169364563981,0.000170343969711921
297.307692307692,2973.07692307692,6.99977311870851e-07,0.000639160508109524,0.00751656032156106,0.0487832685355633,0.000468690177901401,0.000170470330208122
297.326007326007,2973.26007326007,6.8816128185127e-07,0.000628371101620095,0.00751859272952641,0.048796459077421,0.000457770658082001,0.000170600443538094
297.344322344322,2973.44322344322,6.77869509765774e-07,0.000618973519492851,0.00752059291068433,0.0488094404639027,0.000448239747476967,0.000170733772015884
297.362637362637,2973.62637362637,6.68931827863182e-07,0.00061081237882543,0.00752256506654604,0.0488222399632588,0.000439942507732006,0.000170869871093424
297.380952380952,2973.80952380952,6.61194538717836e-07,0.000603747336033811,0.00752451292526891,0.0488348817716235,0.000432738960806261,0.00017100837522755
297.399267399267,2973.99267399267,6.54519170856493e-07,0.000597651950595288,0.00752643978805692,0.0488473873141585,0.000426502964814911,0.000171148985780377
297.417582417582,2974.17582417582,6.48781281312982e-07,0.000592412591641918,0.00752834857197811,0.0488597755229429,0.000421121130964837,0.000171291460677081
297.435897435897,2974.35897435897,6.43869310327687e-07,0.000587927392168253,0.0075302418493453,0.0488720630925578,0.000416491786578956,0.000171435605589297
297.454212454212,2974.54212454212,6.396834919774e-07,0.000584105254309995,0.00753212188381951,0.0488842647144019,0.000412523987873817,0.000171581266436178
297.472527472527,2974.72527472527,6.36134823490128e-07,0.000580864908208812,0.00753399066340508,0.0488963932908326,0.000409136585194841,0.000171728323013971
297.490842490843,2974.90842490843,6.33144094813419e-07,0.000578134025895621,0.0075358499305118,0.0489084601302733,0.000406257342326634,0.000171876683568987
297.509157509157,2975.09157509157,6.30640979285721e-07,0.00057584839096802,0.00753770120926229,0.0489204751244403,0.000403822110740074,0.000172026280227946
297.527472527473,2975.27472527473,6.28563185279103e-07,0.000573951123941654,0.0075395458302247,0.0489324469088611,0.000401774058822593,0.000172177065119061
297.545787545788,2975.45787545788,6.26855668066719e-07,0.000572391962593758,0.00754138495274839,0.0489443830078352,0.000400062955523179,0.000172329007070579
297.564102564103,2975.64102564103,6.25469900676053e-07,0.000571126596167563,0.00754321958507794,0.0489562899649762,0.000398644507334644,0.000172482088832919
297.582417582418,2975.82417582418,6.24363201941681e-07,0.000570116051806497,0.0075450506024163,0.0489681734604434,0.000397479747079571,0.000172636304726926
297.600732600733,2976.00732600733,6.23498119516127e-07,0.000569326131171504,0.00754687876310138,0.0489800384159299,0.000396534472542561,0.000172791658628943
297.619047619048,2976.19047619048,6.22841865524312e-07,0.000568726895128072,0.00754870472305411,0.0489918890884314,0.000395778732854904,0.000172948162273168
297.637362637363,2976.37362637363,6.22365802117132e-07,0.000568292193996956,0.00755052904864851,0.0490037291537752,0.000395186360206601,0.000173105833790356
297.655677655678,2976.55677655678,6.22044974119109e-07,0.000567999240807254,0.00755235222814589,0.0490155617808286,0.000394734544351356,0.000173264696455897
297.673992673993,2976.73992673993,6.21857685903683e-07,0.000567828224934446,0.00755417468182687,0.0490273896972571,0.000394403447326567,0.000173424777607879
297.692307692308,2976.92307692308,6.21785119521762e-07,0.00056776196340746,0.00755599677094694,0.0490392152476468,0.000394175855706318,0.000173586107701142
297.710622710623,2977.10622710623,6.2181099118987e-07,0.000567785587242481,0.00755781880563161,0.0490510404447451,0.00039403686775617,0.000173748719486311
297.728937728938,2977.28937728938,6.2192124320473e-07,0.00056788626012522,0.00755964105181968,0.0490628670145227,0.000393973612847882,0.000173912647277337
297.747252747253,2977.47252747253,6.22103768449684e-07,0.000568052926853311,0.0075614637373539,0.0490746964357031,0.000393975000562626,0.000174077926290685
297.765567765568,2977.65567765568,6.22348164814607e-07,0.000568276089093194,0.00756328705731078,0.0490865299743534,0.000394031497036646,0.000174244592056548
297.783882783883,2977.83882783883,6.22645516891723e-07,0.000568547606043063,0.00756511117865293,0.0490983687140786,0.000394134926168309,0.000174412679874754
297.802197802198,2978.02197802198,6.22988202483629e-07,0.000568860517752243,0.00756693624428033,0.0491102135823145,0.000394278293432368,0.000174582224319875
297.820512820513,2978.20512820513,6.23369721564505e-07,0.000569208888942924,0.00756876237654964,0.0491220653731689,0.000394455630166465,0.000174753258776459
297.838827838828,2978.38827838828,6.23784545463003e-07,0.000569587671296643,0.00757058968032386,0.0491339247672135,0.000394661856292932,0.000174925815003711
297.857142857143,2978.57142857143,6.24227984338393e-07,0.000569992582444622,0.0075724182456085,0.0491457923485937,0.000394892659704909,0.000175099922739713
297.875457875458,2978.75457875458,6.24696070915731e-07,0.000570419999804495,0.00757424814982529,0.0491576686197847,0.000395144390498689,0.000175275609305807
297.893772893773,2978.93772893773,6.25185458807052e-07,0.000570866867735748,0.00757607945976777,0.0491695540142835,0.000395413968487737,0.00017545289924801
297.912087912088,2979.12087912088,6.25693333831266e-07,0.000571330616564499,0.00757791223327942,0.0491814489075005,0.000395698802555353,0.000175631814009146
297.930402930403,2979.30402930403,6.26217336796635e-07,0.000571809092074943,0.00757974652069027,0.0491933536260827,0.000395996720474901,0.000175812371600042
297.948717948718,2979.48717948718,6.26755496461274e-07,0.000572300494294503,0.00758158236604297,0.0492052684558718,0.000396305907996623,0.00017599458629788
297.967032967033,2979.67032967033,6.27306171481009e-07,0.000572803324485493,0.00758341980813701,0.0492171936486804,0.000396624856112819,0.000176178468372674
297.985347985348,2979.85347985348,6.27868000231873e-07,0.000573316339327235,0.00758525888141486,0.0492291294280438,0.0003969523154861,0.000176364023841135
298.003663003663,2980.03663003663,6.28439857544092e-07,0.000573838511409166,0.00758709961671251,0.0492410759940908,0.000397287257174786,0.000176551254234381
298.021978021978,2980.21978021978,6.29020817426693e-07,0.000574368995194079,0.00758894204189242,0.0492530335276518,0.000397628838805647,0.000176740156388432
298.040293040293,2980.40293040293,6.29610121096015e-07,0.000574907097824446,0.00759078618237591,0.0492650021937138,0.000397976375552497,0.000176930722271949
298.058608058608,2980.58608058608,6.30207149582653e-07,0.000575452254109377,0.00759263206158899,0.049276982144314,0.000398329315263199,0.000177122938846178
298.076923076923,2980.76923076923,6.30811400253239e-07,0.000576004005086283,0.00759447970133436,0.0492889735209543,0.000398687217145772,0.000177316787940511
298.095238095238,2980.95238095238,6.31422466771068e-07,0.000576561979722605,0.00759632912209993,0.0493009764566034,0.000399049733553495,0.00017751224616911
298.113553113553,2981.13553113553,6.32040022033256e-07,0.000577125879335452,0.00759818034331355,0.04931299107735,0.000399416594449354,0.000177709284886098
298.131868131868,2981.31868131868,6.32663803626617e-07,0.000577695464311136,0.00760003338355171,0.0493250175037576,0.00039978759414575,0.000177907870165386
298.150183150183,2981.50183150183,6.33293601449935e-07,0.00057827054280287,0.00760188826070902,0.049337055851964,0.000400162579984891,0.000178107962817979
298.168498168498,2981.68498168498,6.3392924722389e-07,0.000578850961152106,0.00760374499213468,0.0493491062345674,0.000400541442702418,0.000178309518449689
298.186813186813,2981.86813186813,6.3457060559394e-07,0.000579436595764442,0.00760560359474052,0.0493611687613273,0.000400924108215821,0.000178512487548621
298.205128205128,2982.05128205128,6.35217566596086e-07,0.000580027346229987,0.00760746408508533,0.0493732435397122,0.000401310530612257,0.00017871681561773
298.223443223443,2982.23443223443,6.3587003928005e-07,0.000580623129500584,0.00760932647943896,0.0493853306753148,0.00040170068616383,0.000178922443336754
298.241758241758,2982.41758241758,6.36527946324215e-07,0.000581223874972624,0.00761119079382924,0.0493974302721577,0.000402094568212287,0.000179129306760337
298.260073260073,2982.60073260073,6.37191219479172e-07,0.000581829520326478,0.00761305704407457,0.0494095424329038,0.000402492182780525,0.000179337337545954
298.278388278388,2982.78388278388,6.37859795761887e-07,0.000582440008051327,0.00761492524580428,0.0494216672589891,0.000402893544827564,0.000179546463223763
298.296703296703,2982.96703296703,6.38533614238774e-07,0.000583055282507738,0.00761679541446889,0.0494338048506892,0.000403298675007837,0.000179756607499901
298.315018315018,2983.15018315018,6.39212613314831e-07,0.000583675287452325,0.00761866756534164,0.0494459553071291,0.00040370759688055,0.000179967690571775
298.333333333333,2983.33333333333,6.39896728502564e-07,0.000584299964000523,0.00762054171351293,0.0494581187262469,0.000404120334515324,0.000180179629485199
298.351648351648,2983.51648351648,6.40585890555671e-07,0.000584929248922425,0.00762241787387876,0.0494702952047193,0.000404536910403562,0.000180392338518863
298.369963369963,2983.69963369963,6.41280023919909e-07,0.000585563073228239,0.00762429606112429,0.0494824848378545,0.000404957343653345,0.000180605729574894
298.388278388278,2983.88278388278,6.41979045488625e-07,0.000586201361031948,0.00762617628970322,0.0494946877194586,0.000405381648433789,0.000180819712598159
298.406593406593,2984.06593406593,6.4268286359114e-07,0.000586844028627584,0.00762805857381397,0.0495069039416809,0.000405809832614982,0.000181034196012601
298.424908424908,2984.24908424908,6.43391377221334e-07,0.00058749098378484,0.00762994292737332,0.0495191335948426,0.000406241896616634,0.000181249087168206
298.443223443223,2984.43223443223,6.44104475420951e-07,0.000588142125185954,0.00763182936398798,0.0495313767672527,0.000406677832399553,0.000181464292786401
298.461538461538,2984.61538461538,6.44822036862066e-07,0.00058879734204445,0.00763371789692452,0.0495436335450128,0.000407117622618301,0.000181679719426149
298.479853479853,2984.79853479854,6.4554392957541e-07,0.000589456513857075,0.00763560853907869,0.0495559040118175,0.000407561239921019,0.000181895273936056
298.498168498169,2984.98168498169,6.46270010807149e-07,0.000590119510273011,0.00763750130294371,0.0495681882487492,0.00040800864636385,0.00018211086390916
298.516483516484,2985.16483516484,6.47000127022352e-07,0.000590786191097052,0.00763939620057862,0.0495804863340724,0.000408459792957127,0.000182326398139925
298.534798534799,2985.34798534799,6.47734114027393e-07,0.000591456406401365,0.0076412932435768,0.0495927983430292,0.000408914619339597,0.000182541787061767
298.553113553114,2985.53113553114,6.48471797144514e-07,0.000592129996684888,0.00764319244303487,0.049605124347638,0.000409373053522779,0.000182756943162109
298.571428571429,2985.71428571429,6.49212991545181e-07,0.000592806793177723,0.00764509380952235,0.049617464416496,0.000409835011774847,0.000182971781402876
298.589743589744,2985.89743589744,6.49957502682711e-07,0.000593486618236174,0.00764699735305244,0.0496298186145899,0.000410300398632843,0.000183186219603331
298.608058608059,2986.08058608059,6.50705126775128e-07,0.000594169285783651,0.00764890308305435,0.0496421870031163,0.000410769106976189,0.000183400178807462
298.626373626374,2986.26373626374,6.51455651351593e-07,0.000594854601809623,0.00765081100834662,0.0496545696393085,0.000411241018186744,0.000183613583622879
298.644688644689,2986.44688644689,6.52208855928198e-07,0.000595542364986699,0.00765272113711299,0.0496669665762798,0.000411716002452163,0.000183826362534536
298.663003663004,2986.63003663004,6.5296451273808e-07,0.000596232367337303,0.00765463347687954,0.0496793778628753,0.000412193919152524,0.000184038448184779
298.681318681319,2986.81318681319,6.53722387477568e-07,0.000596924394914997,0.00765654803449477,0.0496918035435424,0.00041267461729012,0.000184249777624877
298.699633699634,2986.99633699634,6.54482240149754e-07,0.000597618228574755,0.00765846481611126,0.049704243658212,0.000413157936045563,0.000184460292529192
298.717948717949,2987.17948717949,6.55243825984904e-07,0.000598313644813407,0.00766038382717057,0.0497166982422004,0.000413643705430193,0.000184669939383214
298.736263736264,2987.36263736264,6.56006896334216e-07,0.000599010416585747,0.00766230507239036,0.0497291673261258,0.000414131746954343,0.000184878669631404
298.754578754579,2987.54578754579,6.56771199649799e-07,0.000599708314199359,0.00766422855575455,0.0497416509358442,0.000414621874412361,0.000185086439786998
298.772893772894,2987.72893772894,6.57536482508232e-07,0.000600407106249256,0.00766615428050617,0.0497541490924032,0.000415113894735565,0.000185293211513691
298.791208791209,2987.91208791209,6.58302490591037e-07,0.000601106560513157,0.00766808224914343,0.0497666618120164,0.00041560760884359,0.000185498951669566
298.809523809524,2988.09523809524,6.5906896975374e-07,0.000601806444927666,0.00767001246341843,0.0497791891060551,0.000416102812611191,0.000185703632316475
298.827838827839,2988.27838827839,6.59835667088593e-07,0.000602506528558664,0.0076719449243395,0.0497917309810637,0.000416599297859869,0.000185907230698795
298.846153846154,2988.46153846154,6.60602331938548e-07,0.000603206582527181,0.00767387963217612,0.0498042874387909,0.000417096853339225,0.000186109729187956
298.864468864469,2988.64468864469,6.61368716965001e-07,0.000603906380984371,0.00767581658646711,0.0498168584762437,0.000417595265776842,0.00018631111520753
298.882783882784,2988.82783882784,6.62134579219531e-07,0.000604605702090135,0.00767775578603197,0.0498294440857605,0.000418094320964376,0.000186511381125759
298.901098901099,2989.01098901099,6.62899681099225e-07,0.000605304328885443,0.00767969722898523,0.0498420442551044,0.000418593804779156,0.000186710524106287
298.919413919414,2989.19413919414,6.63663791374826e-07,0.000606002050231154,0.00768164091275349,0.0498546589675737,0.000419093504256618,0.000186908545974536
298.937728937729,2989.37728937729,6.64426686185892e-07,0.000606698661716706,0.00768358683409571,0.0498672882021339,0.000419593208672862,0.000187105453043843
298.956043956044,2989.56043956044,6.65188149906245e-07,0.000607393966450379,0.00768553498912611,0.0498799319335657,0.000420092710537359,0.00018730125591302
298.974358974359,2989.74358974359,6.65947976063224e-07,0.000608087775898675,0.00768748537333957,0.0498925901326305,0.000420591806613335,0.000187495969285341
298.992673992674,2989.92673992674,6.66705968213774e-07,0.000608779910686293,0.0076894379816399,0.0499052627662535,0.000421090298923032,0.000187689611763261
299.010989010989,2990.10989010989,6.67461940673716e-07,0.000609470201262029,0.00769139280837033,0.0499179497977215,0.000421587995630847,0.000187882205631181
299.029304029304,2990.29304029304,6.68215719309907e-07,0.000610158488622118,0.00769334984734611,0.049930651186895,0.000422084711954538,0.00018807377666758
299.047619047619,2990.47619047619,6.68967142235547e-07,0.000610844624945128,0.00769530909188965,0.0499433668904357,0.000422580270997714,0.000188264353947414
299.065934065934,2990.65934065934,6.69716060446413e-07,0.000611528474172912,0.00769727053486723,0.0499560968620449,0.000423074504512849,0.000188453969660063
299.084249084249,2990.84249084249,6.70462338426607e-07,0.000612209912563732,0.00769923416872765,0.0499688410527146,0.000423567253608547,0.000188642658955185
299.102564102564,2991.02564102564,6.7120585473018e-07,0.000612888829223344,0.00770119998554278,0.0499815994109904,0.000424058369400567,0.000188830459822777
299.120879120879,2991.20879120879,6.71946502483396e-07,0.000613565126563626,0.00770316797704943,0.0499943718832433,0.000424547713564505,0.000189017412999121
299.139194139194,2991.39194139194,6.72684189899118e-07,0.00061423872077227,0.00770513813469293,0.0500071584139526,0.000425035158845588,0.000189203561926682
299.157509157509,2991.57509157509,6.73418840790003e-07,0.000614909542281393,0.0077071104496719,0.0500199589459965,0.000425520589500357,0.000189388952781036
299.175824175824,2991.75824175824,6.74150395037081e-07,0.000615577536195399,0.00770908491298499,0.0500327734209552,0.000426003901633875,0.000189573634561524
299.194139194139,2991.94139194139,6.74878809110753e-07,0.000616242662766713,0.00771106151547834,0.0500456017794191,0.000426485003492404,0.000189757659274309
299.212454212454,2992.12454212454,6.7560405669252e-07,0.000616904897963492,0.00771304024789519,0.0500584439613111,0.000426963815737082,0.00018994108222641
299.230769230769,2992.30769230769,6.7632612926133e-07,0.000617564234005026,0.00771502110092716,0.0500712999062186,0.000427440271567633,0.000190123962437393
299.249084249084,2992.49084249084,6.77045036868285e-07,0.000618220680069137,0.00771700406526729,0.0500841695537386,0.000427914316859082,0.000190306363210055
299.267399267399,2992.67399267399,6.77760809082711e-07,0.000618874263156053,0.00771898913166576,0.0500970528438387,0.000428385910274494,0.00019048835288156
299.285714285714,2992.85714285714,6.7847349607812e-07,0.00061952502908001,0.00772097629098848,0.0501099497172377,0.000428855023298885,0.000190670005781125
299.304029304029,2993.04029304029,6.79183170025975e-07,0.000620173043741929,0.00772296553427918,0.0501228601158085,0.000429321640294949,0.00019085140344698
299.322344322344,2993.22344322344,6.79889926827503e-07,0.000620818394710759,0.00772495685282607,0.0501357839830106,0.000429785758565901,0.000191032636144857
299.340659340659,2993.40659340659,6.80593888214421e-07,0.000621461193141681,0.00772695023823409,0.0501487212643593,0.000430247388411556,0.000191213804730125
299.358974358974,2993.58974358974,6.81295204384978e-07,0.000622101576183127,0.0077289456825039,0.050161671907938,0.000430706553261506,0.000191395022921621
299.377289377289,2993.77289377289,6.81994057284247e-07,0.000622739709972059,0.00773094317811948,0.0501746358649668,0.000431163289893404,0.000191576420078655
299.395604395604,2993.95604395604,6.82690664564919e-07,0.00062337579325064,0.00773294271814625,0.0501876130904397,0.000431617648715688,0.000191758144534952
299.413919413919,2994.13919413919,6.83385284495194e-07,0.000624010061847705,0.00773494429634199,0.050200603543844,0.000432069694240808,0.000191940367606897
299.432234432234,2994.32234432234,6.84078221958553e-07,0.000624642794157249,0.00773694790728346,0.0502136071899823,0.000432519505764895,0.000192123288392354
299.450549450549,2994.50549450549,6.84769835628741e-07,0.000625274317690021,0.00773895354651249,0.0502266239999205,0.000432967178221486,0.000192307139468534
299.468864468864,2994.68864468864,6.85460546703413e-07,0.000625905017048354,0.00774096121070457,0.0502396539520824,0.000433412823381638,0.000192492193666716
299.48717948718,2994.87179487179,6.8615084945796e-07,0.000626535343563032,0.00774297089786605,0.0502526970335287,0.000433856571474759,0.000192678772088273
299.505494505494,2995.05494505494,6.86841323764178e-07,0.000627165826724292,0.00774498260756446,0.0502657532414529,0.000434298573189264,0.000192867253535028
299.52380952381,2995.2380952381,6.87532650091124e-07,0.000627797087879342,0.0077469963411988,0.0502788225849346,0.000434739002259751,0.000193058085619591
299.542124542125,2995.42124542125,6.88225627346758e-07,0.000628429856523851,0.00774901210231784,0.0502919050870056,0.000435178058733475,0.000193251797790376
299.56043956044,2995.6043956044,6.88921193950854e-07,0.000629064989543962,0.00775102989699465,0.0503050007870809,0.000435615973000751,0.000193449016543212
299.578754578755,2995.78754578755,6.89620452761278e-07,0.000629703493976879,0.00775304973426829,0.0503181097438247,0.000436053010796013,0.000193650483180867
299.59706959707,2995.9706959707,6.90324700384959e-07,0.00063034655377518,0.00775507162666417,0.0503312320385285,0.000436489479307696,0.000193857074467484
299.615384615385,2996.15384615385,6.91035461525236e-07,0.000630995561169934,0.00775709559080716,0.0503443677790893,0.000436925734588239,0.000194069826581694
299.6336996337,2996.336996337,6.91754529174945e-07,0.00063165215337165,0.0077591216481431,0.050357517104693,0.000437362190529991,0.000194289962841659
299.652014652015,2996.52014652015,6.92484011517774e-07,0.000632318255396663,0.00776114982578716,0.0503706801913198,0.00043779932968286,0.000194518925713802
299.67032967033,2996.7032967033,6.93226386391551e-07,0.000632996129798424,0.00776318015751975,0.050383857258208,0.000438237716147743,0.000194758413650681
299.688644688645,2996.88644688645,6.93984564456621e-07,0.000633688434347571,0.00776521268495368,0.0503970485754294,0.000438678010969314,0.000195010423378256
299.70695970696,2997.0695970696,6.94761962286208e-07,0.0006343982887719,0.00776724745889988,0.0504102544727522,0.000439120990424142,0.000195277298347758
299.725274725275,2997.25274725275,6.95562586613713e-07,0.000635129351683933,0.00776928454096249,0.0504234753499936,0.000439567567618894,0.000195561784065039
299.74358974359,2997.4358974359,6.96391131245062e-07,0.000635885909073127,0.00777132400539761,0.0504367116890837,0.000440018817983727,0.0001958670910894
299.761904761905,2997.61904761905,6.97253088236239e-07,0.000636672975823873,0.00777336594127578,0.0504499640680995,0.000440476009196027,0.000196196966627846
299.78021978022,2997.8021978022,6.98154875063367e-07,0.000637496411836524,0.00777541045499171,0.0504632331775542,0.000440940636208479,0.000196555775628045
299.798534798535,2997.98534798535,6.99103979774579e-07,0.000638363054567909,0.00777745767317134,0.0504765198392631,0.000441414462202521,0.000196948592365388
299.81684981685,2998.1684981685,7.0010912617465e-07,0.000639280869864061,0.00777950774603143,0.0504898250281491,0.000441899566241323,0.000197381303622737
299.835164835165,2998.35164835165,7.01180461295005e-07,0.000640259123142087,0.00778156085125381,0.0505031498973859,0.00044239839857536,0.000197860724566727
299.85347985348,2998.5347985348,7.02329767633964e-07,0.000641308573190145,0.00778361719844279,0.0505164958073275,0.000442913844695881,0.000198394728494264
299.871794871795,2998.71794871795,7.03570702773748e-07,0.00064244169096557,0.00778567703424228,0.050529864358719,0.000443449299275679,0.000198992391689891
299.89010989011,2998.9010989011,7.0491906915873e-07,0.000643672905933723,0.00778774064819656,0.0505432574307331,0.000444008751296652,0.000199664154637071
299.908424908425,2999.08424908425,7.0639311700577e-07,0.000645018882660274,0.00778980837944716,0.0505566772244343,0.000444596881789981,0.000200422000870294
299.92673992674,2999.2673992674,7.08013883463302e-07,0.000646498830502804,0.0077918806243679,0.0505701263123302,0.000445219175745148,0.000201279654757656
299.945054945055,2999.45054945055,7.09805571287569e-07,0.000648134849386146,0.0077939578452482,0.050583607694728,0.000445882049897678,0.000202252799488468
299.96336996337,2999.6336996337,7.11795970426446e-07,0.000649952314757338,0.00779604058014606,0.0505971248636809,0.000446592998251511,0.000203359316505827
299.981684981685,2999.81684981685,7.14016925971978e-07,0.000651980304880585,0.00779812945404101,0.0506106818753717,0.000447360757294951,0.000204619547585635
300,3000,7.16504856068581e-07,0.000654252073747544,0.00780022519142815,0.0506242834318501,0.000448195493093634,0.000206056580653911
300.018315018315,3000.18315018315,7.19301323318178e-07,0.000656805572836517,0.00780232863050501,0.0506379349731063,0.000449109012515004,0.000207696560321513
300.03663003663,3000.3663003663,7.22453663273476e-07,0.000659684024999741,0.00780444073911334,0.0506516427805353,0.000450115001035182,0.000209569023964559
300.054945054945,3000.54945054945,7.26015673531896e-07,0.000662936553686103,0.0078065626326079,0.050665414092907,0.000451229289687664,0.000211707263998439
300.07326007326,3000.7326007326,7.30048366686555e-07,0.000666618870472761,0.00780869559383556,0.0506792572360328,0.000452470153761004,0.000214148716711758
300.091575091575,3000.91575091575,7.34620790400862e-07,0.000670794023888402,0.00781084109541597,0.0506931817673693,0.000453858646090283,0.000216935377798119
300.10989010989,3001.0989010989,7.3981091741937e-07,0.000675533212096426,0.00781300082452553,0.0507071986368693,0.000455418967764976,0.00022011424433145
300.128205128205,3001.28205128205,7.45706607928628e-07,0.000680916661642072,0.00781517671039356,0.0507213203654342,0.000457178879078541,0.000223737782563531
300.14652014652,3001.4652014652,7.52406646397199e-07,0.000687034574207666,0.00781737095472559,0.0507355612423649,0.000459170153693879,0.000227864420513787
300.164835164835,3001.64835164835,7.60021854262095e-07,0.000693988142624444,0.00781958606527565,0.0507499375432495,0.000461429078869668,0.000232559063754776
300.18315018315,3001.8315018315,7.68676279060384e-07,0.000701890636687695,0.00782182489279053,0.0507644677697348,0.00046399700444015,0.000237893632247546
300.201465201465,3002.01465201465,7.78508460052253e-07,0.000710868558817474,0.00782409067155136,0.0507791729126464,0.000466920943283672,0.000243947615533802
300.21978021978,3002.1978021978,7.89672769164583e-07,0.000721062868495678,0.00782638706373601,0.0507940767399044,0.00047025422567874,0.000250808642816938
300.238095238095,3002.38095238095,8.02340825016532e-07,0.000732630273435491,0.00782871820782042,0.0508092061106537,0.000474057209646491,0.000258573063789
300.25641025641,3002.5641025641,8.16702976630191e-07,0.000745744584381366,0.00783108877122948,0.0508245913169739,0.000478398049084437,0.000267346535296929
300.274725274725,3002.74725274725,8.32969851919143e-07,0.000760598129058768,0.00783350400743625,0.0508402664544584,0.000483353521004279,0.000277244608054489
300.29304029304,3002.9304029304,8.51373964564876e-07,0.000777403219438785,0.00783596981769065,0.0508562698228413,0.000489009912625811,0.000288393306812974
300.311355311355,3003.11355311355,8.72171371187302e-07,0.000796393664927114,0.00783849281753931,0.0508726443577172,0.000495463968430753,0.000300929696496361
300.32967032967,3003.2967032967,8.95643368717634e-07,0.000817826322262442,0.00784108040827059,0.0508894380942276,0.000502823896424929,0.000315002425837513
300.347985347985,3003.47985347985,9.22098220190539e-07,0.000841982671364946,0.00784374085338694,0.0509067046633739,0.00051121043211625,0.000330772239248695
300.3663003663,3003.663003663,9.5187289477399e-07,0.000869170404185443,0.00784648336017,0.0509245038213844,0.000520757957491662,0.000348412446693781
300.384615384615,3003.84615384615,9.85334805725639e-07,0.000899725011661231,0.00784931816635722,0.0509429020122538,0.00053161567123253,0.000368109340428701
300.40293040293,3004.0293040293,1.02288352773344e-06,0.000934011351847348,0.00785225663189986,0.0509619729632628,0.000543948805122106,0.000390062546725242
300.421245421245,3004.21245421245,1.06495247261556e-06,0.000972425180025039,0.00785531133571309,0.0509817983128965,0.000557939880144889,0.00041448529988015
300.43956043956,3004.3956043956,1.11201049991987e-06,0.00101539461936596,0.00785849617726376,0.0510024682701592,0.000573789994228522,0.000441604625137439
300.457875457875,3004.57875457875,1.16456343656913e-06,0.00106338154854458,0.00786182648277003,0.0510240823038219,0.0005917201319372,0.000471661416607384
300.47619047619,3004.7619047619,1.22315547723194e-06,0.00111688288043936,0.0078653191157065,0.0510467498596117,0.000611972484634241,0.000504910395805118
300.494505494506,3004.94505494506,1.28837043486012e-06,0.00117643170401845,0.00786899259122303,0.0510705911028021,0.000634811767809237,0.000541619936209214
300.51282051282,3005.12820512821,1.36083280841743e-06,0.00124259825929998,0.00787286719399179,0.051095737683053,0.000660526520210151,0.000582071739089828
300.531135531136,3005.31135531136,1.44120863291031e-06,0.00131599071352864,0.00787696509889743,0.0511223335177025,0.000689430367516791,0.000626560346011853
300.549450549451,3005.49450549451,1.53020607494163e-06,0.00139725570498551,0.00788131049388021,0.0511505355890316,0.000721863231196972,0.000675392473788541
300.567765567766,3005.67765567766,1.62857573541272e-06,0.00148707861939001,0.00788592970413176,0.0511805147503079,0.000758192461172182,0.000728886158217833
300.586080586081,3005.86080586081,1.73711061975055e-06,0.00158618356271391,0.00789085131672738,0.0512124565346626,0.000798813868862967,0.000787369693850939
300.604395604396,3006.04395604396,1.85664573516334e-06,0.00169533299342898,0.00789610630466313,0.0512465619601037,0.00084415263522052,0.000851180358208458
300.622710622711,3006.22710622711,1.98805727413666e-06,0.00181532697694417,0.0079017281491438,0.0512830483231785,0.000894664066624594,0.00092066291031958
300.641025641026,3006.41025641026,2.13226134348582e-06,0.00194700202508299,0.00790775295885023,0.0513221499730304,0.000950834169787851,0.000996167855295135
300.659340659341,3006.59340659341,2.29021219880672e-06,0.00209122948393221,0.00791421958479423,0.05136411905682,0.00101318001522537,0.00107804946870684
300.677655677656,3006.77655677656,2.462899945778e-06,0.00224891343486406,0.00792116972925336,0.051409226226723,0.0010822498578339,0.00116666357703016
300.695970695971,3006.95970695971,2.65134767172072e-06,0.00242098807531734,0.00792864804716795,0.0514577612980076,0.00115862298215329,0.00126236509316406
300.714285714286,3007.14285714286,2.8566079734061e-06,0.00260841454828301,0.00793670223827758,0.0515100338470099,0.00124290923924176,0.00136550530904124
300.732600732601,3007.32600732601,3.07975885088539e-06,0.00281217719289436,0.00794538312818018,0.0515663737372162,0.00133574824214725,0.00147642895074711
300.750915750916,3007.50915750916,3.32189894144353e-06,0.00303327919247372,0.00795474473641319,0.0516271315611168,0.00143780818730365,0.00159547100517007
300.769230769231,3007.69230769231,3.584142072819e-06,0.00327273760099011,0.00796484432958781,0.0516926789850528,0.00154978427001508,0.00172295333097503
300.787545787546,3007.87545787546,3.8676111209378e-06,0.0035315777344577,0.00797574245755351,0.0517634089839275,0.00167239666372471,0.00185918107073299
300.805860805861,3008.05860805861,4.17343116432524e-06,0.00381082692011939,0.00798750297053675,0.0518397359524388,0.0018063880349176,0.00200443888520179
300.824175824176,3008.24175824176,4.50272193497619e-06,0.0041115076032154,0.0080001930151849,0.0519220956794037,0.00195252056826375,0.00215898703495165
300.842490842491,3008.42490842491,4.85658957381775e-06,0.00443462981876404,0.00801388300745788,0.0520109451718221,0.00211157248001988,0.00232305733874416
300.860805860806,3008.60805860806,5.23611770824492e-06,0.00478118304431642,0.0080286465803458,0.0521067623155587,0.00228433400199847,0.00249684904231795
300.879120879121,3008.79120879121,5.64235787891698e-06,0.00515212745851075,0.00804456050445711,0.052210045359952,0.00247160282327732,0.00268052463523343
300.897435897436,3008.97435897436,6.07631935342478e-06,0.00554838463976856,0.00806170457961509,0.0523213122142639,0.00267417898245784,0.00287420565731073
300.915750915751,3009.15750915751,6.53895837531091e-06,0.00597082774940264,0.00808016149572704,0.052441099544706,0.00289285920962774,0.0030779685397749
300.934065934066,3009.34065934066,7.03116690809478e-06,0.00642027125360587,0.00810001666134823,0.0525699616618021,0.00312843072419816,0.00329184052940771
300.952380952381,3009.52380952381,7.5537609453357e-06,0.00689746024918226,0.00812135799855437,0.052708469189088,0.00338166450243217,0.00351579574675009
300.970695970696,3009.70695970696,8.1074684692901e-06,0.00740305946840389,0.00814427570296122,0.0528572075056144,0.00365330803672503,0.00374975143167887
300.989010989011,3009.89010989011,8.69291715186135e-06,0.0079376420485509,0.0081688619679885,0.05301677495639,0.00394407761732542,0.00399356443122548
301.007326007326,3010.07326007326,9.31062190264338e-06,0.00850167816183046,0.00819521067275657,0.0531877808267983,0.00425465017632944,0.00424702798550103
301.025641025641,3010.25641025641,9.96097237926644e-06,0.0090955236108732,0.00822341703332695,0.0533708430791119,0.00458565474310336,0.00450986886776983
301.043956043956,3010.43956043956,1.06442205850633e-05,0.00971940850396333,0.00825357721735115,0.0535665858515226,0.00493766356986449,0.00478174493409884
301.062271062271,3010.62271062271,1.13604686878123e-05,0.0103734261321375,0.00828578792257135,0.0537756367225665,0.00531118299557657,0.00506224313656095
301.080586080586,3010.80586080586,1.21096572011053e-05,0.0110575221774026,0.00832014592002225,0.0539986237464561,0.00570664412571628,0.00535087805168634
301.098901098901,3010.98901098901,1.28915536761863e-05,0.0117714843870721,0.0083567475632076,0.0542361722675838,0.00612439341453832,0.00564709097253379
301.117216117216,3011.17216117216,1.37057420570151e-05,0.0125149328537039,0.00839568826496772,0.0544889015253373,0.00656468324499719,0.00595024960870666
301.135531135531,3011.35531135531,1.45516128543295e-05,0.013287311042879,0.00843706194420744,0.0547574210633055,0.00702766260929933,0.00625964843357971
301.153846153846,3011.53846153846,1.54283542957225e-05,0.0140878777121953,0.00848096044511461,0.0550423269599455,0.00751336800010569,0.00657450971208965
301.172161172161,3011.72161172161,1.63349446079719e-05,0.0149156998641387,0.00852747293195966,0.055344197900768,0.00802171462838653,0.0068939852357522
301.190476190476,3011.90476190476,1.72701455848399e-05,0.015769646872738,0.00857668526302267,0.055663591115058,0.00855248808861985,0.00721715878411819
301.208791208791,3012.08791208791,1.82324975881705e-05,0.0166483859189866,0.00862867934763752,0.0560010382030234,0.00910533659531645,0.00754304932367013
301.227106227106,3012.27106227106,1.9220316122662e-05,0.0175503788632122,0.00868353249076666,0.0563570408820164,0.00967976391670406,0.00787061494650817
301.245421245421,3012.45421245421,2.02316901145559e-05,0.0184738806733208,0.00874131672992004,0.0567320666830675,0.0102751231313958,0.00819875754192505
301.263736263736,3012.63736263736,2.12644820122076e-05,0.0194169395166284,0.00880209816959559,0.057126544631334,0.0108906113321768,0.0085263281844516
301.282051282051,3012.82051282051,2.23163298116734e-05,0.0203773986094575,0.00886593631874736,0.0575408609461983,0.0115252653972786,0.00885213321217883
301.300366300366,3013.00366300366,2.33846510936432e-05,0.0213528999033252,0.00893288343706411,0.0579753547985472,0.0121779589439126,0.00917494095941263
301.318681318681,3013.18681318681,2.44666491389356e-05,0.0223408896690994,0.0090029838960706,0.0584303141642521,0.0128474005711443,0.00949348909795518
301.336996336996,3013.36996336996,2.55593211687284e-05,0.0233386260212861,0.00907627356123021,0.0589059718139495,0.0135321334894007,0.00980649253188544
301.355311355311,3013.55311355311,2.66594687329843e-05,0.0243431884038666,0.00915277920133116,0.0594025014798958,0.014230536622195,0.0101126517816717
301.373626373626,3013.73626373626,2.77637102464241e-05,0.0253514890370963,0.00923251793147392,0.0599200142408965,0.0149408272520712,0.0104106617850251
301.391941391941,3013.91941391941,2.88684956458881e-05,0.0263602863013763,0.00931549669593849,0.0604585551660605,0.0156610652672065,0.0106992210341698
301.410256410256,3014.10256410256,2.99701231168166e-05,0.0273662000104709,0.00940171179709603,0.0610181002573869,0.0163891590480518,0.0109770409624191
301.428571428571,3014.28571428571,3.10647578097027e-05,0.0283657285018007,0.0094911484763373,0.0615985537299468,0.0171228730146926,0.0112428554871081
301.446886446886,3014.46886446886,3.21484524407154e-05,0.0293552674472023,0.00958378055271925,0.0621997456666609,0.0178598368358436,0.0114954306113586
301.465201465201,3014.65201465201,3.32171696439718e-05,0.0303311302631456,0.00967957012468086,0.0628214300824043,0.018597556279438,0.0117335739837076
301.483516483516,3014.83516483516,3.42668059171856e-05,0.0312895699758906,0.00977846733975376,0.0634632834294042,0.0193334256632505,0.0119561443126402
301.501831501831,3015.01831501831,3.52932169775725e-05,0.0322268023743704,0.00988041023668993,0.0641249035726319,0.020064741841955,0.0121620605324154
301.520146520147,3015.20146520146,3.62922443218298e-05,0.0331390302625346,0.00998532466385868,0.0648058092601904,0.0207887196450812,0.0123503106174534
301.538461538462,3015.38461538462,3.72597427626387e-05,0.0340224686033714,0.0100931242771256,0.065505440109549,0.0215025086585629,0.0125199599448085
301.556776556777,3015.56776556777,3.81916086952045e-05,0.0348733703295385,0.0102037106197315,0.0662231571259665,0.0222032112214764,0.012670159108062
301.575091575092,3015.75091575092,3.90838088311286e-05,0.0356880525807224,0.0103169732859385,0.0669582437645685,0.0228879014895246,0.0128001510911979
301.593406593407,3015.93406593407,3.99324091237695e-05,0.0364629231158496,0.0104327901694193,0.0677099075424259,0.0235536453982586,0.012909277717591
301.611721611722,3016.11721611722,4.07336035991555e-05,0.0371945066390549,0.010551027796541,0.0684772822015959,0.0241975213419579,0.012996985297097
301.630036630037,3016.30036630037,4.1483742800332e-05,0.0378794707726714,0.0106715417438406,0.0692594304185845,0.024816641369326,0.0130628294033454
301.648351648352,3016.48351648352,4.2179361550336e-05,0.0385146514080476,0.0107941771381294,0.070055347050078,0.0254081726846531,0.0131064787233946
301.666666666667,3016.66666666667,4.28172057403087e-05,0.0390970771662026,0.0109187692367968,0.0708639628991743,0.0259693592332437,0.0131277179329589
301.684981684982,3016.84981684982,4.33942578544485e-05,0.0396239927050699,0.0110451440850268,0.0716841489807868,0.0264975431429297,0.0131264495621402
301.703296703297,3017.03296703297,4.39077609526881e-05,0.0400928806184644,0.011173119245807,0.0725147212594808,0.0269901857895917,0.0131026948288727
301.721611721612,3017.21611721612,4.4355240845126e-05,0.0405014816839117,0.0113025045978062,0.0733544458277839,0.0274448882539391,0.0130565934299726
301.739926739927,3017.39926739927,4.47345262090535e-05,0.0408478132318279,0.011433103195441,0.0742020444881059,0.0278594109393328,0.0129884022924951
301.758241758242,3017.58241758242,4.5043766419849e-05,0.0411301854271947,0.011564712184744,0.0750562006968233,0.0282316921263708,0.0128984933008239
301.776556776557,3017.76556776557,4.52814468908291e-05,0.0413472152766242,0.0116971237680132,0.0759155658249543,0.0285598652491523,0.0127873500274719
301.794871794872,3017.94871794872,4.54464017440059e-05,0.0414978381982298,0.0118301262096544,0.0767787656861806,0.0288422746905556,0.0126555635076741
301.813186813187,3018.13186813187,4.5537823663e-05,0.0415813170184796,0.0119635048751486,0.0776444072798562,0.0290774899092417,0.0125038271092379
301.831501831502,3018.31501831502,4.55552708111964e-05,0.0415972482892753,0.0120970432946856,0.0785110856941043,0.0292643177294542,0.0123329305598211
301.849816849817,3018.49816849817,4.54986707316954e-05,0.0415455658490599,0.0122305242427107,0.0793773911121837,0.0294018126455978,0.0121437532034621
301.868131868132,3018.68131868132,4.53683211803502e-05,0.0414265415834777,0.0123637308244338,0.080241915864052,0.0294892850167338,0.0119372565667439
301.886446886447,3018.86446886447,4.51648878787307e-05,0.0412407833735694,0.012496447560263,0.0811032614644523,0.0295263070512459,0.0117144763223235
301.904761904762,3019.04761904762,4.48893992098019e-05,0.0409892302523113,0.0126284614591362,0.0819600455789473,0.029512716508729,0.0114765137435823
301.923076923077,3019.23076923077,4.45432379144572e-05,0.0406731448225864,0.0127595630718438,0.0828109088600971,0.0294486180738582,0.0112245267487282
301.941391941392,3019.41391941392,4.41281298819612e-05,0.0402941030215581,0.0128895475156597,0.0836545215974185,0.0293343823856919,0.0109597206358662
301.959706959707,3019.59706959707,4.36461301605985e-05,0.0398539813467692,0.0130182154619171,0.0844895901268615,0.0291706427345652,0.010683338612204
301.978021978022,3019.78021978022,4.30996063464811e-05,0.0393549416881957,0.0131453740785896,0.0853148629482547,0.0289582894673787,0.0103966522208171
301.996336996337,3019.96336996337,4.24912195378125e-05,0.0387994139372798,0.0132708379204395,0.086129136502464,0.0286984621701494,0.0101009517671305
302.014652014652,3020.14652014652,4.18239030683512e-05,0.0381900765681146,0.0133944297598914,0.0869312605638506,0.0283925397234357,0.00979753684467884
302.032967032967,3020.32967032967,4.11008392573869e-05,0.0375298354074742,0.0135159813524499,0.0877201432079099,0.0280421283516957,0.00948770705577851
302.051282051282,3020.51282051282,4.03254344337726e-05,0.0368218008288573,0.0136353341312088,0.0884947553187128,0.0276490478112357,0.00917275301762155
302.069597069597,3020.69597069597,3.95012925077548e-05,0.0360692636205012,0.0137523398257831,0.089254134605836,0.0272153158824546,0.00885394773804666
302.087912087912,3020.87912087912,3.86321873770801e-05,0.0352756697889555,0.0138668610018162,0.0899973891058242,0.026743131350915,0.0085325384380405
302.106227106227,3021.06227106227,3.77220344624702e-05,0.0344445945676678,0.0139787715180747,0.0907237001487797,0.0262348556776504,0.00820973889001747
302.124542124542,3021.24542124542,3.67748616720258e-05,0.0335797159041152,0.0140879568990141,0.0914323247763568,0.0256929935719103,0.00788672233220493
302.142857142857,3021.42857142857,3.57947800946461e-05,0.032684787699496,0.0141943146215848,0.0921225976031593,0.0251201726892423,0.00756461501025376
302.161172161172,3021.61172161172,3.47859547190766e-05,0.0317636130718221,0.014297754315922,0.0927939321192432,0.0245191226841899,0.00724449038763229
302.179487179487,3021.79487179487,3.37525754678849e-05,0.0308200179065786,0.0143981978804294,0.0934458214370178,0.0238926538499513,0.00692736405662734
302.197802197802,3021.97802197802,3.26988288247077e-05,0.0298578249491072,0.0144955795125968,0.0940778384912578,0.0232436355771472,0.00661418937196006
302.216117216117,3022.16117216117,3.1628870318808e-05,0.0288808286798151,0.0145898456576931,0.0946896357061163,0.0225749748604244,0.00630585381939068
302.234432234432,3022.34432234432,3.05467981134731e-05,0.0278927711973168,0.0146809548782264,0.0952809441479032,0.021889595075023,0.00600317612229382
302.252747252747,3022.52747252747,2.94566279246555e-05,0.0268973193162434,0.014768877647755,0.0958515721869015,0.0211904152360674,0.00570690408017603
302.271062271062,3022.71062271062,2.83622694737927e-05,0.0258980430659348,0.0148535960732712,0.0964014036956053,0.0204803299413039,0.00541771312463097
302.289377289377,3022.89377289377,2.72675046541299e-05,0.0248983957537585,0.0149351035509377,0.0969303958144151,0.0197621901833616,0.00513620557039689
302.307692307692,3023.07692307692,2.61759675638843e-05,0.023901695733072,0.0150134043604483,0.0974385763189937,0.0190387852010619,0.00486291053201008
302.326007326007,3023.26007326007,2.50911265325555e-05,0.0229111099911585,0.0150885132036936,0.0979260406261608,0.0183128255209499,0.00459828447020864
302.344322344322,3023.44322344322,2.40162682388788e-05,0.0219296396470756,0.0151604546937432,0.098392948477332,0.0175869273203497,0.00434271232672584
302.362637362637,3023.62637362637,2.29544839908643e-05,0.0209601074237385,0.0152292628004026,0.0988395203401245,0.0168635982222739,0.00409650920146457
302.380952380952,3023.80952380952,2.19086582106728e-05,0.0200051471332762,0.0152949802587688,0.0992660335698203,0.016145224610985,0.00385992252229117
302.399267399267,3023.99267399267,2.08814591399769e-05,0.019067195189947,0.015357657947293,0.0996728183729294,0.0154340605350434,0.00363313465490361
302.417582417582,3024.17582417582,1.98753317551066e-05,0.0181484841408448,0.0154173542418665,0.100060253615138,0.0147322182426408,0.00341626589820399
302.435897435897,3024.35897435897,1.88924928565288e-05,0.0172510381820239,0.0154741343523746,0.100428762515472,0.0140416603724623,0.00320937780956162
302.454212454212,3024.54212454212,1.79349282740089e-05,0.0163766706064873,0.0155280696480255,0.100778808267614,0.0133641938023683,0.00301247680411902
302.472527472527,3024.72527472527,1.7004392107355e-05,0.0155269831108982,0.0155792369775552,0.101110889627959,0.012701465138142,0.00282551797275617
302.490842490843,3024.90842490843,1.61024079035901e-05,0.0147033668704742,0.0156277179901459,0.101425536508301,0.0120549578058655,0.00264840906460874
302.509157509157,3025.09157509157,1.52302716543274e-05,0.0139070052759396,0.0156735984625747,0.101723305608965,0.0114259906940479,0.00248101458189173
302.527472527473,3025.27472527473,1.43890564826921e-05,0.0131388782132284,0.0157169676377501,0.102004776125829,0.0108157182760071,0.00232315993722126
302.545787545788,3025.45787545788,1.35796188772304e-05,0.0123997677557665,0.0157579175793857,0.102270545562095,0.0102251321291391,0.00217463562662738
302.564102564103,3025.64102564103,1.28026063206271e-05,0.0116902651303761,0.0157965425471309,0.102521225672822,0.00965506375563445,0.00203520137474164
302.582417582418,3025.82417582418,1.20584661542356e-05,0.0110107788116206,0.0158329383960178,0.102757438567267,0.00910618859924431,0.00190459021237631
302.600732600733,3026.00732600733,1.13474555150643e-05,0.0103615435954257,0.0158672020036082,0.102979812991016,0.00857903114479057,0.00178251245063514
302.619047619048,3026.19047619048,1.06696521796782e-05,0.00974263050082008,0.0158994307277437,0.103188980806719,0.00807397098101653,0.00166865951980356
302.637362637363,3026.37362637363,1.00249661498968e-05,0.00915395734902198,0.0159297218973114,0.103385573689109,0.0075912497035436,0.00156270764547838
302.655677655678,3026.55677655678,9.41315181750891e-06,0.0085952998712352,0.0159581723379581,0.103570220046838,0.00713097853263416,0.00146432133860104
302.673992673993,3026.73992673993,8.83382054957041e-06,0.0080663032004865,0.0159848779342132,0.103743542180604,0.0066931465202389,0.0013731566802476
302.692307692308,3026.92307692308,8.28645354199275e-06,0.00756649360844321,0.0160099332290222,0.103906153684086,0.00627762922232645,0.00128886438611676
302.710622710623,3027.10622710623,7.77041479688237e-06,0.00709529035523005,0.0160334310612578,0.104058657091351,0.0058841977156705,0.00121109263955955
302.728937728938,3027.28937728938,7.28496408795006e-06,0.00665201752835226,0.0160554622413636,0.104201641771748,0.00551252784262785,0.00113948968572441
302.747252747253,3027.47252747253,6.82926978860688e-06,0.00623591575623576,0.0160761152649026,0.104335682070804,0.00516220957337001,0.00107370618286575
302.765567765568,3027.65567765568,6.40242144834536e-06,0.00584615369192246,0.0160954760634275,0.104461335693351,0.00483275638181953,0.00101339731010293
302.783882783883,3027.83882783883,6.00344201451175e-06,0.00548183917296647,0.016113627791777,0.104579142323057,0.00452361453916793,0.000958224633798544
302.802197802198,3028.02197802198,5.63129960882171e-06,0.00514202997475943,0.0161306506506113,0.104689622470655,0.00423417223741698,0.00090785773734245
302.820512820513,3028.20512820513,5.28491878030479e-06,0.00482574408577462,0.0161466217427581,0.104793276541622,0.00396376846431213,0.00086197562146249
302.838827838828,3028.38827838828,4.96319116850106e-06,0.0045319694443027,0.0161616149617252,0.104890584112612,0.00371170156020101,0.000820267884101693
302.857142857143,3028.57142857143,4.66498552313543e-06,0.00425967308757708,0.0161757009105624,0.104982003404855,0.00347723739699984,0.000782435690577245
302.875457875458,3028.75457875458,4.38915703821352e-06,0.00400780967488651,0.0161889468491139,0.105067970941829,0.00325961712880906,0.000748192546077443
302.893772893773,3028.93772893773,4.13455596993983e-06,0.00377532935673434,0.016201416667597,0.105148901377777,0.00305806447313474,0.000717264883599596
302.912087912088,3029.12087912088,3.90003551862754e-06,0.00356118497193677,0.0162131708843702,0.105225187483222,0.00287179249075309,0.00068939248118368
302.930402930403,3029.30402930403,3.68445896483656e-06,0.00336433856374494,0.0162242666657104,0.105297200273324,0.00270000984096949,0.000664328722775451
302.948717948718,3029.48717948718,3.48670605937635e-06,0.00318376721465899,0.0162347578654041,0.105365289264834,0.00254192649732379,0.000641840717335196
302.967032967033,3029.67032967033,3.30567867520832e-06,0.00301846820727069,0.016244695081972,0.105429782847483,0.00239675891645417,0.00062170929081652
302.985347985348,3029.85347985348,3.14030573682478e-06,0.00286746352535853,0.0162541257313793,0.105490988755879,0.00226373465991181,0.000603728865446722
303.003663003663,3030.03663003663,2.98954744948091e-06,0.00272980371566715,0.016263094133141,0.105549194628348,0.00214209647520236,0.000587707240464788
303.021978021978,3030.21978021978,2.85239885619545e-06,0.00260457113586174,0.0162716416078086,0.10560466863962,0.00203110584794062,0.000573465287921114
303.040293040293,3030.40293040293,2.72789275539254e-06,0.00249088261867362,0.0162798065839091,0.105657660194887,0.0019300460421219,0.00056083657655172
303.058608058608,3030.58608058608,2.61510201587929e-06,0.00238789158574334,0.0162876247125172,0.105708400673379,0.00183822464970025,0.000549666936043088
303.076923076923,3030.76923076923,2.51314132893236e-06,0.00229478964747906,0.0162951289877467,0.105757104210373,0.00175497567426708,0.000539813973211982
303.095238095238,3030.95238095238,2.42116843943866e-06,0.00221080772723085,0.0163023498715746,0.105803968507308,0.00167966117649763,0.00053114655073322
303.113553113553,3031.13553113553,2.33838489955608e-06,0.0021352167494704,0.0163093154215315,0.105849175660515,0.00161167251122644,0.000523544238243952
303.131868131868,3031.31868131868,2.26403638902701e-06,0.0020673279322744,0.016316051419925,0.105892892999887,0.001550431187575,0.000516896744699405
303.150183150183,3031.50183150183,2.19741264635075e-06,0.00200649272447702,0.0163225815033906,0.105935273929679,0.00149538938454692,0.000511103339930096
303.168498168498,3031.68498168498,2.13784705462904e-06,0.00195210242749876,0.016328927291695,0.105976458764454,0.00144603015497377,0.000506072272524994
303.186813186813,3031.86813186813,2.0847159248583e-06,0.00190358754090918,0.0163351085148423,0.106016575554019,0.00140186735066763,0.000501720190241549
303.205128205128,3032.05128205128,2.03743751790008e-06,0.00186041686937233,0.0163411431376612,0.106055740892005,0.00136244530109586,0.000497971568276464
303.223443223443,3032.23443223443,1.99547084477918e-06,0.00182209642717981,0.0163470474811641,0.106094060703502,0.0013273382771592,0.000494758150020608
303.241758241758,3032.41758241758,1.9583142826164e-06,0.00178816817443674,0.0163528363400876,0.10613163100791,0.00129614977037194,0.000492018404064801
303.260073260073,3032.60073260073,1.92550404144718e-06,0.00175820861708928,0.0163585230961273,0.106168538653842,0.00126851161647904,0.000489697000610244
303.278388278388,3032.78388278388,1.89661251439293e-06,0.00173182730043961,0.0163641198264793,0.106204862023576,0.00124408299072657,0.000487744309713036
303.296703296703,3032.96703296703,1.87124654115654e-06,0.00170866522351581,0.0163696374073942,0.106240671705122,0.00122254930027322,0.000486115923242596
303.315018315018,3033.15018315018,1.84904561219765e-06,0.00168839319927556,0.0163750856125306,0.106276031130555,0.00120362099736435,0.000484772201911209
303.333333333333,3033.33333333333,1.82968003813879e-06,0.0016707101830615,0.0163804732059748,0.106310997179719,0.00118703233482756,0.000483677848233934
303.351648351648,3033.51648351648,1.81284910621181e-06,0.00165534158922285,0.0163858080298568,0.106345620748864,0.00117254008337466,0.00048280150584819
303.369963369963,3033.69963369963,1.79827924312028e-06,0.00164203761359573,0.0163910970865581,0.106379947284184,0.00115992222829172,0.000482115385304017
303.388278388278,3033.88278388278,1.78572220093328e-06,0.00163057157701357,0.016396346615554,0.10641401728053,0.00114897666095722,0.000481594916056346
303.406593406593,3034.06593406593,1.77495328040939e-06,0.00162073830299581,0.0164015621649834,0.106447866745909,0.00113951987879191,0.000481218424203904
303.424908424908,3034.24908424908,1.76576960365377e-06,0.00161235254048338,0.0164067486580742,0.106481527632589,0.00113138570525701,0.000480966835226373
303.443223443223,3034.43223443223,1.75798844607311e-06,0.00160524744072002,0.0164119104545854,0.106515028235865,0.00112442403985802,0.000480823400862003
303.461538461538,3034.61538461538,1.75144563543084e-06,0.00159927309540388,0.0164170514074534,0.1065483935617,0.00111849964633835,0.000480773449065523
303.479853479853,3034.79853479854,1.74599402414011e-06,0.0015942951417138,0.016422174914849,0.106581645664581,0.00111349098577774,0.000480804155936059
303.498168498169,3034.98168498169,1.7415020391409e-06,0.00159019343817881,0.0164272839678682,0.106614803957036,0.00110928909977707,0.00048090433840174
303.516483516484,3035.16483516484,1.73785231239138e-06,0.00158686081415783,0.0164323811940895,0.106647885492326,0.00110579654774186,0.000481064266415972
303.534798534799,3035.34798534799,1.73494039355352e-06,0.00158420189437227,0.0164374688972372,0.106680905221866,0.00110292640099912,0.000481275493373145
303.553113553114,3035.53113553114,1.73267354541892e-06,0.00158213199899001,0.0164425490931944,0.106713876228948,0.00110060129549394,0.00048153070349608
303.571428571429,3035.71428571429,1.73096962151936e-06,0.00158057611875368,0.0164476235426061,0.106746809940344,0.00109875254385365,0.000481823574900033
303.589743589744,3035.89743589744,1.72975602466326e-06,0.00157946796400348,0.0164526937803151,0.106779716317346,0.00109731930688532,0.000482148657118158
303.608058608059,3036.08058608059,1.72896874436377e-06,0.00157874908573741,0.016457761141862,0.106812604027752,0.00109624782384458,0.000482501261892827
303.626373626374,3036.26373626374,1.72855147049782e-06,0.00157836806627912,0.0164628267872802,0.106845480600302,0.00109549070019953,0.000482877366079588
303.644688644689,3036.44688644689,1.72845478018075e-06,0.00157827977680011,0.0164678917224031,0.106878352562962,0.00109500625124107,0.000483273525559039
303.663003663004,3036.63003663004,1.72863539448957e-06,0.00157844469862177,0.0164729568178946,0.10691122556643,0.00109475789946036,0.00048368679916141
303.681318681319,3036.81318681319,1.72905550128936e-06,0.00157882830487737,0.0164780228262013,0.106944104494165,0.00109471362328557,0.000484114681591802
303.699633699634,3036.99633699634,1.72968214040413e-06,0.00157940049910168,0.0164830903966158,0.106976993560144,0.0010948454546317,0.00048455504446998
303.717948717949,3037.17948717949,1.73048664720249e-06,0.0015801351071601,0.0164881600886273,0.107009896395512,0.00109512902250747,0.000485006084652632
303.736263736264,3037.36263736264,1.73144415064274e-06,0.00158100941890565,0.0164932323837253,0.107042816125185,0.00109554313985245,0.0004854662790532
303.754578754579,3037.54578754579,1.7325331218368e-06,0.00158200377596539,0.0164983076958096,0.107075755435417,0.00109606943073374,0.000485934345231642
303.772893772894,3037.72893772894,1.73373496929e-06,0.0015831012021474,0.0165033863803499,0.107108716633244,0.00109669199501016,0.00048640920713724
303.791208791209,3037.91208791209,1.73503367709762e-06,0.00158428707307225,0.016508468742425,0.107141701698659,0.00109739710767805,0.000486889965394199
303.809523809524,3038.09523809524,1.73641548240065e-06,0.00158554882165269,0.0165135550437636,0.107174712330309,0.00109817295008553,0.000487375871567164
303.827838827839,3038.27838827839,1.73786858876409e-06,0.00158687567637475,0.0165186455088941,0.107207749985408,0.00109900937041112,0.000487866305963637
303.846153846154,3038.46153846154,1.73938291209693e-06,0.00158825842929323,0.0165237403305068,0.107240815914536,0.00109989767076957,0.000488360758523663
303.864468864469,3038.64468864469,1.74094985607796e-06,0.00158968923096938,0.0165288396741165,0.1072739111919,0.00110083041857666,0.000488858812392726
303.882783882784,3038.82783882784,1.74256211421234e-06,0.00159116140972561,0.0165339436821087,0.107307036741598,0.001101801279884,0.000489360129841606
303.901098901099,3039.01098901099,1.74421349574433e-06,0.00159266931268356,0.0165390524772436,0.107340193360357,0.00110280487246698,0.000489864440216583
303.919413919414,3039.19413919414,1.74589877301029e-06,0.00159420816637974,0.016544166165683,0.107373381737177,0.00110383663672582,0.000490371529653924
303.937728937729,3039.37728937729,1.7476135479377e-06,0.00159577395486361,0.0165492848396005,0.107406602470276,0.00110489272254158,0.000490881232322026
303.956043956044,3039.56043956044,1.74935413546017e-06,0.00159736331324196,0.0165544085794267,0.107439856081656,0.00110596989029447,0.000491393422947487
303.974358974359,3039.74358974359,1.75111746206509e-06,0.00159897343504112,0.0165595374557771,0.10747314302962,0.00110706542456996,0.000491908010471161
303.992673992674,3039.92673992674,1.75290097766966e-06,0.00160060199173961,0.0165646715311032,0.107506463719483,0.0011081770590754,0.000492424932664205
304.010989010989,3040.10989010989,1.75470257920323e-06,0.00160224706298989,0.0165698108611044,0.107539818512742,0.00110930291144001,0.000492944151549879
304.029304029304,3040.29304029304,1.7565205444615e-06,0.00160390707621959,0.0165749554959322,0.107573207734883,0.00111044142672292,0.00049346564949667
304.047619047619,3040.47619047619,1.75835347507701e-06,0.00160558075455698,0.0165801054812144,0.107606631682039,0.00111159132862873,0.000493989425928251
304.065934065934,3040.65934065934,1.7602002472985e-06,0.00160726707188675,0.0165852608589261,0.10764009062663,0.00111275157738629,0.000494515494500459
304.084249084249,3040.84249084249,1.76205996960718e-06,0.00160896521414879,0.0165904216681256,0.107673584822148,0.00111392133347301,0.000495043880675779
304.102564102564,3041.02564102564,1.76393194631056e-06,0.00161067454609514,0.0165955879455767,0.107707114507196,0.00111509992643113,0.000495574619664002
304.120879120879,3041.20879120879,1.76581564627385e-06,0.00161239458273811,0.0166007597262726,0.107740679908883,0.0011162868280977,0.000496107754640409
304.139194139194,3041.39194139194,1.76771067604512e-06,0.00161412496481042,0.0166059370438748,0.107774281245675,0.00111748162963044,0.00049664333517998
304.157509157509,3041.57509157509,1.76961675685826e-06,0.00161586543776628,0.0166111199310792,0.107807918729772,0.00111868402185543,0.000497181415910842
304.175824175824,3041.75824175824,1.77153370481429e-06,0.00161761583368457,0.0166163084199212,0.107841592569088,0.00111989377838075,0.000497722055303826
304.194139194139,3041.94139194139,1.77346141390315e-06,0.00161937605576581,0.0166215025420257,0.10787530296887,0.00112111074116964,0.00049826531459617
304.212454212454,3042.12454212454,1.77539984143232e-06,0.00162114606502678,0.0166267023288121,0.107909050133036,0.00112233480819791,0.000498811256828867
304.230769230769,3042.30769230769,1.7773489954412e-06,0.00162292586880837,0.0166319078116602,0.107942834265241,0.00112356592284784,0.000499359945960534
304.249084249084,3042.49084249084,1.77930892382072e-06,0.00162471551084058,0.0166371190220407,0.107976655569736,0.00112480406479487,0.000499911446045707
304.267399267399,3042.67399267399,1.78127970494122e-06,0.0016265150626846,0.0166423359916175,0.108010514252021,0.00112604924220665,0.00050046582047795
304.285714285714,3042.85714285714,1.78326143949348e-06,0.00162832461628281,0.0166475587523241,0.108044410519349,0.00112730148500767,0.000501023131275137
304.304029304029,3043.04029304029,1.78525424337126e-06,0.00163014427745965,0.016652787336417,0.108078344581068,0.00112856083905831,0.000501583438401339
304.322344322344,3043.22344322344,1.78725824142739e-06,0.00163197416022026,0.0166580217765113,0.108112316648853,0.00112982736110239,0.000502146799117867
304.340659340659,3043.40659340659,1.78927356203855e-06,0.00163381438178743,0.0166632621055976,0.108146326936817,0.00113110111441295,0.000502713267374476
304.358974358974,3043.58974358974,1.79130033225085e-06,0.00163566505816899,0.0166685083570452,0.108180375661529,0.00113238216495165,0.000503282893217344
304.377289377289,3043.77289377289,1.79333867351281e-06,0.00163752630026156,0.0166737605645909,0.108214463041945,0.00113367057803122,0.000503855722230339
304.395604395604,3043.95604395604,1.79538869788782e-06,0.001639398210392,0.0166790187623171,0.108248589299265,0.00113496641539947,0.000504431794992528
304.413919413919,3044.13919413919,1.79745050466123e-06,0.00164128087921936,0.0166842829846189,0.108282754656715,0.00113626973265074,0.000505011146568621
304.432234432234,3044.32234432234,1.79952417732875e-06,0.0016431743829849,0.0166895532661618,0.108316959339278,0.00113758057696092,0.000505593806023985
304.450549450549,3044.50549450549,1.80160978092296e-06,0.00164507878107093,0.0166948296418311,0.108351203573364,0.0011388989850955,0.000506179795975425
304.468864468864,3044.68864468864,1.80370735964802e-06,0.00164699411384097,0.0167001121466745,0.108385487586435,0.00114022498166661,0.000506769132174358
304.48717948718,3044.87179487179,1.80581693478736e-06,0.00164892040072926,0.0167054008158371,0.108419811606588,0.00114155857761546,0.000507361823113798
304.505494505494,3045.05494505494,1.80793850285624e-06,0.00165085763855382,0.0167106956844921,0.108454175862099,0.00114289976886182,0.000507957869691998
304.52380952381,3045.2380952381,1.81007203403411e-06,0.00165280580008505,0.0167159967877648,0.108488580580936,0.00114424853518196,0.000508557264903091
304.542124542125,3045.42124542125,1.81221747085597e-06,0.00165476483285071,0.016721304160654,0.108523025990245,0.0011456048392756,0.000509159993575111
304.56043956044,3045.6043956044,1.81437472710617e-06,0.00165673465812593,0.0167266178379488,0.108557512315811,0.00114696862595899,0.000509766032166941
304.578754578755,3045.78754578755,1.81654368698077e-06,0.00165871517016825,0.016731937854143,0.108592039781502,0.0011483398215666,0.000510375348601653
304.59706959707,3045.9706959707,1.81872420449034e-06,0.00166070623567242,0.0167372642433472,0.108626608608699,0.00114971833351378,0.000510987902158638
304.615384615385,3046.15384615385,1.82091610306997e-06,0.00166270769341414,0.0167425970391997,0.108661219015719,0.00115110404999161,0.000511603643422529
304.6336996337,3046.336996337,1.8231191754524e-06,0.0016647193541344,0.0167479362747764,0.108695871217227,0.00115249683985426,0.000512222514280136
304.652014652015,3046.52014652015,1.82533318376915e-06,0.00166674100063164,0.0167532819825009,0.108730565423656,0.00115389655264379,0.000512844447987849
304.67032967033,3046.7032967033,1.82755785987349e-06,0.00166877238805679,0.0167586341940546,0.108765301840623,0.00115530301876496,0.000513469369291832
304.688644688645,3046.88644688645,1.82979290590807e-06,0.00167081324443154,0.0167639929402895,0.108800080668359,0.00115671604983233,0.000514097194599206
304.70695970696,3047.0695970696,1.83203799511422e-06,0.0016728632713873,0.0167693582511411,0.108834902101149,0.00115813543915962,0.000514727832227684
304.725274725275,3047.25274725275,1.83429277282373e-06,0.00167492214507083,0.0167747301555457,0.108869766326793,0.00115956096237044,0.000515361182700392
304.74358974359,3047.4358974359,1.83655685768429e-06,0.00167698951726324,0.0167801086813598,0.108904673526082,0.00116099237817565,0.000515997139087597
304.761904761905,3047.61904761905,1.83882984310518e-06,0.00167906501670001,0.0167854938552841,0.108939623872308,0.00116242942927303,0.000516635587426986
304.78021978022,3047.8021978022,1.84111129889091e-06,0.00168114825056275,0.0167908857027917,0.108974617530791,0.0011638718433755,0.000517276407187251
304.798534798535,3047.98534798535,1.84340077304309e-06,0.00168323880612448,0.016796284248061,0.109009654658455,0.00116531933435972,0.000517919471764755
304.81684981685,3048.1684981685,1.8456977937694e-06,0.00168533625258405,0.0168016895139154,0.109044735403423,0.00116677160352776,0.000518564649056296
304.835164835165,3048.35164835165,1.84800187161672e-06,0.00168744014301399,0.0168071015217675,0.109079859904667,0.00116822834095988,0.000519211802054103
304.85347985348,3048.5347985348,1.85031250175137e-06,0.00168955001644255,0.016812520291571,0.109115028291688,0.00116968922696354,0.000519860789479015
304.871794871795,3048.71794871795,1.85262916636267e-06,0.00169166540004852,0.0168179458417788,0.109150240684248,0.00117115393359797,0.000520511466450552
304.89010989011,3048.9010989011,1.85495133719676e-06,0.0016937858114748,0.016823378189309,0.109185497192146,0.00117262212628142,0.000521163685193384
304.908424908425,3049.08424908425,1.85727847812356e-06,0.00169591076117244,0.0168288173495176,0.109220797915045,0.00117409346542022,0.000521817295752223
304.92673992674,3049.2673992674,1.85961004779818e-06,0.00169803975483074,0.0168342633361794,0.109256142942344,0.00117556760810331,0.000522472146727433
304.945054945055,3049.45054945055,1.86194550236061e-06,0.00170017229584239,0.0168397161614765,0.109291532353107,0.00117704420981761,0.000523128086024781
304.96336996337,3049.6336996337,1.86428429815176e-06,0.00170230788778356,0.0168451758359953,0.109326966216041,0.00117852292616958,0.000523784961613979
304.981684981685,3049.81684981685,1.86662589439871e-06,0.00170444603686584,0.0168506423687305,0.109362444589522,0.00118000341459964,0.000524442622266199
305,3050,1.86896975592108e-06,0.00170658625440742,0.0168561157670983,0.109397967521682,0.00118148533609506,0.000525100918312355
305.018315018315,3050.18315018315,1.87131535576092e-06,0.00170872805923456,0.0168615960369556,0.109433535050533,0.00118296835686705,0.000525759702367514
305.03663003663,3050.3663003663,1.87366217773887e-06,0.00171087098001561,0.0168670831826292,0.109469147204156,0.00118445214998027,0.00052641883003534
305.054945054945,3050.54945054945,1.87600971895047e-06,0.00171301455754043,0.0168725772069499,0.109504804000924,0.00118593639693659,0.000527078160603847
305.07326007326,3050.7326007326,1.87835749212093e-06,0.00171515834687061,0.0168780781112961,0.109540505449781,0.00118742078917164,0.000527737557698965
305.091575091575,3050.91575091575,1.88070502786329e-06,0.00171730191940138,0.0168835858956419,0.109576251550562,0.00118890502949558,0.000528396889905807
305.10989010989,3051.0989010989,1.88305187680403e-06,0.00171944486480259,0.0168891005586139,0.109612042294351,0.00119038883344968,0.000529056031352912
305.128205128205,3051.28205128205,1.88539761148518e-06,0.0017215867927555,0.0168946220975519,0.109647877663884,0.00119187193051669,0.000529714862238814
305.14652014652,3051.4652014652,1.88774182818879e-06,0.00172372733461876,0.0169001505085762,0.109683757633982,0.00119335406528351,0.000530373269335254
305.164835164835,3051.64835164835,1.89008414853785e-06,0.00172586614489029,0.0169056857866601,0.10971968217202,0.00119483499846238,0.000531031146427911
305.18315018315,3051.8315018315,1.89242422091352e-06,0.00172800290250125,0.0169112279257059,0.109755651238423,0.0011963145078066,0.000531688394694651
305.201465201465,3052.01465201465,1.89476172169757e-06,0.00173013731195067,0.0169167769186254,0.10979166478719,0.00119779238891323,0.000532344923037441
305.21978021978,3052.1978021978,1.89709635629992e-06,0.00173226910424363,0.0169223327574239,0.109827722766432,0.00119926845587756,0.000533000648366072
305.238095238095,3052.38095238095,1.8994278600193e-06,0.00173439803767714,0.0169278954332863,0.109863825118939,0.00120074254185964,0.000533655495817504
305.25641025641,3052.5641025641,1.90175599869357e-06,0.00173652389843399,0.0169334649366664,0.109899971782756,0.00120221449952765,0.000534309398906338
305.274725274725,3052.74725274725,1.90408056917063e-06,0.00173864650101276,0.0169390412573765,0.109936162691763,0.00120368420137835,0.000534962299634403
305.29304029304,3052.9304029304,1.90640139960307e-06,0.00174076568849681,0.0169446243846796,0.109972397776275,0.00120515153995796,0.000535614148538846
305.311355311355,3053.11355311355,1.90871834959525e-06,0.00174288133268863,0.0169502143073808,0.110008676963638,0.00120661642800295,0.000536264904685673
305.32967032967,3053.2967032967,1.91103131017229e-06,0.00174499333408151,0.0169558110139203,0.110045000178825,0.00120807879847648,0.000536914535605032
305.347985347985,3053.47985347985,1.91334020364288e-06,0.00174710162173428,0.0169614144924646,0.110081367345037,0.00120953860454869,0.000537563017185588
305.3663003663,3053.663003663,1.9156449833596e-06,0.00174920615305241,0.0169670247309985,0.110117778384295,0.00121099581953143,0.000538210333520988
305.384615384615,3053.84615384615,1.9179456333669e-06,0.00175130691346666,0.0169726417174154,0.110154233218024,0.00121245043676422,0.000538856476702439
305.40293040293,3054.0293040293,1.92024216802285e-06,0.0017534039160876,0.0169782654396068,0.110190731767639,0.00121390246950767,0.000539501446579932
305.421245421245,3054.21245421245,1.92253463164883e-06,0.00175549720138578,0.0169838958855503,0.110227273955114,0.00121535195088765,0.00054014525049813
305.43956043956,3054.3956043956,1.92482309814535e-06,0.00175758683684096,0.0169895330433972,0.110263859703549,0.00121679893385769,0.000540787902983272
305.457875457875,3054.57875457875,1.92710767069506e-06,0.00175967291667087,0.0169951769015584,0.11030048893773,0.00121824349125437,0.000541429425416494
305.47619047619,3054.7619047619,1.92938848163743e-06,0.00176175556171679,0.0170008274487901,0.110337161584684,0.00121968571602943,0.000542069845687359
305.494505494506,3054.94505494506,1.93166569255015e-06,0.00176383491951792,0.0170064846742789,0.110373877574229,0.00122112572167901,0.000542709197838907
305.51282051282,3055.12820512821,1.93393949455335e-06,0.00176591116458909,0.0170121485677275,0.110410636839537,0.00122256364288733,0.000543347521701756
305.531135531136,3055.31135531136,1.93621010898018e-06,0.00176798449903317,0.0170178191194425,0.110447439317695,0.0012239996365103,0.000543984862522871
305.549450549451,3055.49450549451,1.93847778854947e-06,0.00177005515361176,0.0170234963204234,0.110484284950289,0.00122543388298725,0.000544621270624508
305.567765567766,3055.67765567766,1.940742819049e-06,0.00177212338928228,0.0170291801624573,0.110521173684017,0.00122686658822118,0.000545256801061097
305.586080586081,3055.86080586081,1.94300552173294e-06,0.00177418949938705,0.0170348706382178,0.11055810547133,0.00122829798607421,0.000545891513312837
305.604395604396,3056.04395604396,1.94526625655239e-06,0.0017762538126032,0.0170405677413734,0.110595080271135,0.00122972834158737,0.000546525471015829
305.622710622711,3056.22710622711,1.94752542642887e-06,0.00177831669684483,0.0170462714667058,0.110632098049566,0.00123115795510178,0.000547158741743055
305.641025641026,3056.41025641026,1.94978348267912e-06,0.00178037856421649,0.0170519818102426,0.110669158780841,0.00123258716737642,0.000547791396840068
305.659340659341,3056.59340659341,1.95204093191315e-06,0.00178243987731191,0.0170576987694081,0.110706262448243,0.00123401636596186,0.000548423511350053
305.677655677656,3056.77655677656,1.95429834461336e-06,0.00178450115704771,0.0170634223431959,0.11074340904524,0.00123544599303712,0.000549055164010586
305.695970695971,3056.95970695971,1.95655636573619e-06,0.00178656299234396,0.0170691525323695,0.110780598576789,0.00123687655495593,0.000549686437388024
305.714285714286,3057.14285714286,1.95881572761891e-06,0.00178862605190957,0.0170748893396975,0.110817831060856,0.00123830863377455,0.000550317418135014
305.732600732601,3057.32600732601,1.96107726566108e-06,0.00179069109856126,0.0170806327702294,0.110855106530216,0.00123974290116243,0.000550948197398823
305.750915750916,3057.50915750916,1.96334193713542e-06,0.00179275900640012,0.0170863828316226,0.110892425034563,0.00124118013498289,0.000551578871417228
305.769230769231,3057.69230769231,1.96561084381337e-06,0.00179483078147131,0.0170921395345284,0.110929786643028,0.00124262123910931,0.000552209542361998
305.787545787546,3057.87545787546,1.9678852588667e-06,0.00179690758632838,0.017097902893051,0.110967191447147,0.00124406726691068,0.000552840319417704
305.805860805861,3058.05860805861,1.97016665874266e-06,0.00179899076913902,0.0171036729252912,0.111004639564396,0.00124551944895431,0.000553471320184711
305.824175824176,3058.24175824176,1.9724567607729e-06,0.00180108189802626,0.0171094496539918,0.111042131142379,0.00124697922559323,0.000554102672433028
305.842490842491,3058.42490842491,1.97475756750556e-06,0.00180318280154895,0.0171152331073014,0.111079666363783,0.00124844828525011,0.000554734516298838
305.860805860806,3058.60805860806,1.9770714186007e-06,0.00180529561608818,0.0171210233196792,0.111117245452251,0.00124992860911562,0.000555367006972569
305.879120879121,3058.79120879121,1.9794010514574e-06,0.00180742284120698,0.0171268203329629,0.111154868679316,0.0012514225232289,0.00055600031797808
305.897435897436,3058.97435897436,1.98174967181705e-06,0.00180956740411919,0.0171326241976275,0.111192536372565,0.00125293275898604,0.000556634645133155
305.915750915751,3059.15750915751,1.98412103575628e-06,0.00181173273455863,0.0171384349742673,0.11123024892526,0.00125446252323984,0.000557270211318796
305.934065934066,3059.34065934066,1.98651954455572e-06,0.00181392285140522,0.0171442527353342,0.111268006807624,0.0012560155792217,0.00055790727218352
305.952380952381,3059.52380952381,1.98895035423868e-06,0.00181614246270652,0.017150077567175,0.111305810580056,0.00125759633977349,0.000558546122933026
305.970695970696,3059.70695970696,1.99141950160711e-06,0.00181839708076318,0.0171559095724115,0.111343660908581,0.00125920997437633,0.000559187106386856
305.989010989011,3059.89010989011,1.99393404895336e-06,0.00182069315426762,0.017161748872715,0.11138155858286,0.00126086253175328,0.000559830622514342
306.007326007326,3060.07326007326,1.99650224965493e-06,0.00182303821951117,0.0171675956120337,0.111419504537132,0.00126256107985691,0.000560477139654267
306.025641025641,3060.25641025641,1.99913373721606e-06,0.00182544107300104,0.0171734499603373,0.111457499874518,0.00126431386529282,0.000561127207708217
306.043956043956,3060.43956043956,2.00183974042119e-06,0.00182791196792035,0.0171793121179507,0.111495545895147,0.0012661304943316,0.000561781473588751
306.062271062271,3060.62271062271,2.00463332760796e-06,0.00183046283717777,0.0171851823205588,0.111533644128638,0.00126802213791148,0.000562440699266293
306.080586080586,3060.80586080586,2.00752968316864e-06,0.00183310754588537,0.0171910608449702,0.111571796371511,0.00127000176308811,0.000563105782797269
306.098901098901,3060.98901098901,2.01054641966294e-06,0.00183586217635387,0.0171969480157417,0.111610004730172,0.00127208439360133,0.000563777782752536
306.117216117216,3061.17216117216,2.01370392910028e-06,0.00183874534885404,0.0172028442127697,0.111648271670188,0.00127428740233107,0.000564457946522966
306.135531135531,3061.35531135531,2.01702577724519e-06,0.00184177858166338,0.0172087498799718,0.111686600072632,0.0012766308386287,0.000565147743034679
306.153846153846,3061.53846153846,2.02053914486023e-06,0.00184498669397205,0.0172146655351876,0.111724993298338,0.00127913779350202,0.000565848900470032
306.172161172161,3061.72161172161,2.02427531999278e-06,0.00184839825539784,0.017220591781445,0.11176345526102,0.0012818348057679,0.00056656344962994
306.190476190476,3061.90476190476,2.02827024554857e-06,0.00185204608598434,0.0172265293197447,0.111801990510246,0.00128475231232435,0.000567293773659991
306.208791208791,3062.08791208791,2.03256512653685e-06,0.00185596781068625,0.0172324789635335,0.111840604325372,0.00128792514576669,0.000568042664919563
306.227106227106,3062.27106227106,2.03720710132729e-06,0.00186020647230481,0.0172384416550463,0.111879302821602,0.00129139308244407,0.00056881338986074
306.245421245421,3062.45421245421,2.04224998118657e-06,0.00186481120677053,0.0172444184837119,0.111918093069443,0.0012952014439564,0.000569609762814131
306.263736263736,3062.63736263736,2.04775506240965e-06,0.00186983798471327,0.0172504107068277,0.111956983228887,0.00129940175501272,0.000570436229700544
306.282051282051,3062.82051282051,2.05379201516656e-06,0.00187535042308248,0.0172564197727233,0.111995982699748,0.00130405246034879,0.000571297962733691
306.300366300366,3063.00366300366,2.06043985278553e-06,0.00188142067021523,0.0172624473466433,0.112035102289637,0.0013092197029651,0.000572200967250134
306.318681318681,3063.18681318681,2.06778798495537e-06,0.0018881303675321,0.0172684953395906,0.112074354401165,0.0013149781656719,0.0005731522018602
306.336996336996,3063.36996336996,2.07593735785293e-06,0.00189557169060593,0.0172745659403802,0.112113753239972,0.00132141197739075,0.000574159713215177
306.355311355311,3063.55311355311,2.0850016834815e-06,0.00190384847169036,0.0172806616511637,0.112153315045285,0.00132861568500016,0.000575232786690208
306.373626373626,3063.73626373626,2.09510875990695e-06,0.00191307740524869,0.0172867853266876,0.112193058344711,0.00133669529088152,0.000576382114367164
306.391941391941,3063.91941391941,2.10640188301225e-06,0.0019233893370495,0.0172929402175552,0.112233004235006,0.00134576935535545,0.000577619981694049
306.410256410256,3064.10256410256,2.11904134943691e-06,0.00193493063652481,0.0172991300177588,0.11227317669057,0.00135597016225954,0.000578960474265264
306.428571428571,3064.28571428571,2.1332060491593e-06,0.00194786465098248,0.0173053589167506,0.112313602901389,0.00136744494484497,0.000580419706137508
306.446886446886,3064.46886446886,2.14909514465038e-06,0.00196237323886848,0.0173116316563103,0.112354313642115,0.00138035716781378,0.000582016071054698
306.465201465201,3064.65201465201,2.16692983199908e-06,0.00197865837787863,0.0173179535924587,0.112395343673884,0.00139488785993735,0.000583770517941279
306.483516483516,3064.83516483516,2.18695517766863e-06,0.00199694384213032,0.0173243307626491,0.112436732180407,0.00141123699017297,0.000585706851957356
306.501831501831,3065.01831501831,2.20944202242029e-06,0.00201747694066582,0.0173307699584494,0.112478523239673,0.00142962487844519,0.000587852062220621
306.520146520147,3065.20146520146,2.23468894196447e-06,0.00204053030775414,0.0173372788038963,0.112520766332486,0.00145029363050718,0.000590236677246959
306.538461538462,3065.38461538462,2.26302425147368e-06,0.00206640373324409,0.0173438658396728,0.112563516888776,0.00147350858432242,0.00059289514892167
306.556776556777,3065.56776556777,2.2948080385441e-06,0.002095426018894,0.0173505406132164,0.112606836872421,0.00149955975332783,0.00059586626556617
306.575091575092,3065.75091575092,2.33043420656709e-06,0.00212795684420706,0.0173573137748192,0.112650795404937,0.00152876324980899,0.000599193594398067
306.593406593407,3065.93406593407,2.37033250780608e-06,0.00216438862286637,0.0173641971797194,0.112695469428069,0.0015614626695107,0.000602925953355664
306.611721611722,3066.11721611722,2.41497054241692e-06,0.00220514832807256,0.0173712039961256,0.112740944404881,0.00159803041625017,0.000607117911822389
306.630036630037,3066.30036630037,2.4648556967498e-06,0.00225069926243829,0.0173783488190355,0.112787315058443,0.001638868943085,0.000611830319353289
306.648351648352,3066.48351648352,2.52053699137003e-06,0.00230154274544567,0.0173856477896311,0.112834686146729,0.00168441188446697,0.000617130860978702
306.666666666667,3066.66666666667,2.58260680616556e-06,0.00235821968866965,0.0173931187199409,0.11288317327168,0.00173512505157264,0.000623094637097008
306.684981684982,3066.84981684982,2.65170244699256e-06,0.00242131202630713,0.0174007812223597,0.112932903719805,0.00179150726104071,0.000629804765266422
306.703296703297,3067.03296703297,2.72850751561405e-06,0.00249144396609,0.0174086568435076,0.112984017330939,0.00185409096553024,0.000637353000559756
306.721611721612,3067.21611721612,2.81375304199727e-06,0.00256928302320392,0.0174167692017942,0.113036667391049,0.00192344265287255,0.000645840370331374
306.739926739927,3067.39926739927,2.90821833568823e-06,0.00265554079769215,0.0174251441279306,0.113091021544172,0.00200016297927138,0.000655377818420772
306.758241758242,3067.58241758242,3.01273151097273e-06,0.00275097345398845,0.0174338098075015,0.113147262717723,0.00208488660102704,0.000666086852961408
306.776556776557,3067.76556776557,3.12816963885333e-06,0.00285638185968973,0.017442796924573,0.113205590054524,0.00217828166868459,0.00067810019100514
306.794871794872,3067.94871794872,3.2554584776464e-06,0.00297261133955988,0.017452138805174,0.113266219844014,0.00228104894736391,0.000691562392195969
306.813186813187,3068.13186813187,3.39557173355131e-06,0.0031005510003436,0.0174618715593442,0.113329386444156,0.00239392052753717,0.000706630472806427
306.831501831502,3068.31501831502,3.54952980228352e-06,0.00324113258173148,0.0174720342203008,0.113395343184643,0.00251765809137138,0.000723474490360102
306.849816849817,3068.49816849817,3.71839794371491e-06,0.00339532878959473,0.0174826688791303,0.113464363241061,0.002653050701479,0.000742278088115739
306.868131868132,3068.68131868132,3.90328384295392e-06,0.0035641510689684,0.017493820813275,0.113536740468782,0.00280091208127168,0.00076323898769672
306.886446886447,3068.86446886447,4.10533451343512e-06,0.00374864677621278,0.0175055386069481,0.113612790184469,0.00296207735900924,0.000786569417203548
306.904761904762,3069.04761904762,4.32573250094981e-06,0.00394989571285289,0.0175178742614863,0.113692849882277,0.00313739925159614,0.000812496461256749
306.923076923077,3069.23076923077,4.56569135170162e-06,0.00416900598738733,0.0175308832935315,0.113777279871061,0.00332774366874777,0.000841262318639559
306.941391941392,3069.41391941392,4.82645031240263e-06,0.00440710917586114,0.0175446248188346,0.113866463818275,0.00353398472336146,0.000873124452499674
306.959706959707,3069.59706959707,5.10926823682079e-06,0.00466535475783643,0.017559161619386,0.113960809185652,0.0037569991403046,0.000908355617531824
306.978021978022,3069.78021978022,5.41541668021693e-06,0.00494490381081219,0.0175745601915143,0.114060747541371,0.00399766006268229,0.000947243748129899
306.996336996337,3069.96336996337,5.74617217135414e-06,0.00524692195367205,0.0175908907725485,0.114166734733099,0.00425683026233363,0.000990091691338424
307.014652014652,3070.14652014652,6.10280766085452e-06,0.00557257153804174,0.0176082273436245,0.114279250906203,0.004535354769652,0.00103721676838974
307.032967032967,3070.32967032967,6.48658315492977e-06,0.00592300309579825,0.0176266476062253,0.114398800351495,0.00483405294688746,0.00108895014891079
307.051282051282,3070.51282051282,6.89873555433039e-06,0.00629934606085148,0.017646232930085,0.114525911167125,0.00515371003850077,0.00114563602235071
307.069597069597,3070.69597069597,7.34046773027582e-06,0.00670269879420078,0.0176670682701654,0.114661134719746,0.00549506824218503,0.00120763055201576
307.087912087912,3070.87912087912,7.81293688155347e-06,0.00713411795261547,0.0176892420505188,0.114805044890775,0.00585881735440436,0.00127530059821111
307.106227106227,3071.06227106227,8.31724222984961e-06,0.00759460725304409,0.0177128460130057,0.114958237094555,0.00624558505460899,0.0013490221984351
307.124542124542,3071.24542124542,8.85441212384738e-06,0.00808510569715952,0.0177379750290152,0.115121327056396,0.00665592690281536,0.00142917879434416
307.142857142857,3071.42857142857,9.42539063624282e-06,0.00860647533287941,0.0177647268725689,0.115294949340004,0.00709031613547524,0.00151615919740416
307.161172161172,3071.61172161172,1.0031023751201e-05,0.00915948864191084,0.0177932019534522,0.115479755615464,0.00754913335435419,0.00161035528755665
307.179487179487,3071.79487179487,1.06720452533588e-05,0.00974481565477255,0.0178235030093216,0.115676412660995,0.00803265621262099,0.00171215944215156
307.197802197802,3071.97802197802,1.1349062442291e-05,0.0103630109064446,0.0178557347560865,0.115885600093881,0.00854104921087087,0.00182196169557378
307.216117216117,3072.16117216117,1.20625418086245e-05,0.0110145003569992,0.0178900034962384,0.116108007828495,0.00907435372351693,0.00194014663348229
307.234432234432,3072.34432234432,1.28127948193122e-05,0.0116995684119054,0.0179264166852262,0.116344333262022,0.0096324783824803,0.00206709002942512
307.252747252747,3072.52747252747,1.35999639697017e-05,0.0124183451859502,0.0179650824564144,0.116595278191393,0.0102151899502664,0.00220315523568377
307.271062271062,3072.71062271062,1.44240092688053e-05,0.0131707941627215,0.018006109105647,0.116861545468047,0.0108221048182196,0.00234868934450183
307.289377289377,3072.89377289377,1.52846953310925e-05,0.0139567004079168,0.0180496045369321,0.117143835400367,0.0114526812675801,0.00250401914033669
307.307692307692,3073.07692307692,1.61815792534275e-05,0.0147756594995804,0.0180956756712827,0.117442841916994,0.0121062126311464,0.00266944686843395
307.326007326007,3073.26007326007,1.7113999458637e-05,0.0156270673409866,0.0181444278212806,0.11775924850768,0.0127818214913646,0.00284524584962202
307.344322344322,3073.44322344322,1.80810656878736e-05,0.0165101110225059,0.0181959640344604,0.118093723961784,0.013478455046592,0.00303165597591389
307.362637362637,3073.62637362637,1.90816503222919e-05,0.0174237608972884,0.0182503844091498,0.118446917928001,0.0141948817712073,0.00322887912608112
307.380952380952,3073.80952380952,2.01143812099696e-05,0.0183667640314103,0.0183077853869242,0.118819456322317,0.0149296894867266,0.00343707454468374
307.399267399267,3073.99267399267,2.11776361668307e-05,0.0193376391825791,0.0183682590263404,0.119211936614466,0.0156812849503869,0.00365635423219215
307.417582417582,3074.17582417582,2.22695393105849e-05,0.0203346734525942,0.0184318922631007,0.119624923026317,0.0164478950549758,0.00388677839761836
307.435897435897,3074.35897435897,2.33879593737417e-05,0.0213559207469338,0.0184987661622435,0.120058941678512,0.017227569718645,0.00412835102828879
307.454212454212,3074.54212454212,2.45305101263595e-05,0.0223992021607732,0.0185689551683692,0.120514475724351,0.0180181865264938,0.00438101563427934
307.472527472527,3074.72527472527,2.5694553021035e-05,0.0234621083941674,0.0186425263602652,0.120991960512234,0.0188174571670496,0.00464465122711785
307.490842490843,3074.90842490843,2.68772021518396e-05,0.0245420042801356,0.0187195387165974,0.121491778819915,0.019622935686326,0.00491906859380954
307.509157509157,3075.09157509157,2.8075331595842e-05,0.0256360354883226,0.0188000423995716,0.122014256205398,0.0204320285604117,0.00520400692791092
307.527472527473,3075.27472527473,2.92855851806936e-05,0.0267411374439383,0.0188840780636356,0.122559656520332,0.0212420065647301,0.00549913087920818
307.545787545788,3075.45787545788,3.05043886946097e-05,0.027854046476887,0.0189716761963799,0.123128177632392,0.0220500183944653,0.00580402808242171
307.564102564103,3075.64102564103,3.17279645265872e-05,0.0289713131899853,0.019062856498805,0.123719947403146,0.0228531059666321,0.00611820722335316
307.582417582418,3075.82417582418,3.29523486949268e-05,0.030089318007978,0.0191576273120413,0.124335019967412,0.023648221310148,0.00644109669783006
307.600732600733,3076.00732600733,3.41734101917414e-05,0.0312042888413198,0.0192559850974459,0.124973372359023,0.0244322449265125,0.0067720439148073
307.619047619048,3076.19047619048,3.53868725403636e-05,0.0323123207705893,0.0193579139767368,0.125634901526256,0.0252020054806214,0.00711031528996792
307.637362637363,3076.37362637363,3.65883374319371e-05,0.0334093976294398,0.0194633853384849,0.126319421777921,0.0259543006592762,0.0074550969701636
307.655677655678,3076.55677655678,3.77733102776813e-05,0.0344914153367817,0.019572357516842,0.127026662698272,0.026685919014658,0.00780549632212374
307.673992673993,3076.73992673993,3.89372274843252e-05,0.0355542068024187,0.0196847755478639,0.127756267565521,0.027393662591345,0.00816054421107374
307.692307692308,3076.92307692308,4.00754852331136e-05,0.0365935682056202,0.0198005710081802,0.128507792304784,0.0280743701192947,0.00851919808632546
307.710622710623,3077.10622710623,4.11834695176475e-05,0.0376052864231539,0.0199196619400806,0.129280705001883,0.0287249405415635,0.00888034588159042
307.728937728938,3077.28937728938,4.22565871731941e-05,0.0385851673626479,0.0200419528663343,0.13007438599953,0.0293423566347186,0.00924281072792931
307.747252747253,3077.47252747253,4.32902976103856e-05,0.0395290649391387,0.0201673348972453,0.130888128592126,0.0299237084722369,0.00960535646690179
307.765567765568,3077.65567765568,4.42801449500343e-05,0.0404329104178868,0.0202956859315747,0.131721140329762,0.03046621647704,0.0099666939408468
307.783882783883,3077.83882783883,4.52217902430007e-05,0.0412927418348547,0.0204268709520544,0.132572544936141,0.0309672538083971,0.0103254880264577
307.802197802198,3078.02197802198,4.61110434504693e-05,0.0421047331984098,0.0205607424152707,0.133441384838961,0.031424367831368,0.0106803653670418
307.820512820513,3078.20512820513,4.69438948553974e-05,0.0428652231716217,0.0206971407347358,0.134326624305101,0.0318353004233857,0.0110299227482361
307.838827838828,3078.38827838828,4.77165455758065e-05,0.043570742934438,0.0208358948549962,0.135227153166642,0.0321980068826195,0.0113727360518184
307.857142857143,3078.57142857143,4.84254368547268e-05,0.0442180429288022,0.0209768229136632,0.136141791117518,0.0325106732163093,0.0117073697124929
307.875457875458,3078.75457875458,4.90672778105716e-05,0.044804118197966,0.021119732987307,0.137069292554446,0.0327717316043076,0.0120323865936583
307.893772893773,3078.93772893773,4.96390713445182e-05,0.0453262320429337,0.0212644239162448,0.138008351929887,0.0329798738528342,0.0123463581900995
307.912087912088,3079.12087912088,5.01381379190885e-05,0.0457819377350657,0.0214106862023843,0.138957609579147,0.0331340626765442,0.0126478750585215
307.930402930403,3079.30402930403,5.05621369434113e-05,0.0461690980433046,0.0215583029734759,0.139915657978475,0.0332335406722665,0.0129355573710381
307.948717948718,3079.48717948718,5.09090855260206e-05,0.0464859023576555,0.0217070510063853,0.140881048386204,0.0332778368753356,0.0132080654823199
307.967032967033,3079.67032967033,5.11773743844881e-05,0.0467308812165272,0.0218567018013329,0.141852297814689,0.0332667708185601,0.0134641103979671
307.985347985348,3079.85347985348,5.13657807330823e-05,0.0469029180746601,0.0220070226984801,0.14282789627706,0.0332004540444507,0.0137024640302094
308.003663003663,3080.03663003663,5.14734780037517e-05,0.0470012581795115,0.0221577780277567,0.14380631424973,0.0330792890524406,0.013921969127071
308.021978021978,3080.21978021978,5.15000422922739e-05,0.0470255144573387,0.0223087302824622,0.144786010289183,0.0329039656944994,0.0141215487628393
308.040293040293,3080.40293040293,5.14454554591347e-05,0.0469756703446601,0.0224596413069002,0.145765438739856,0.0326754550637135,0.0143002152809466
308.058608058608,3080.58608058608,5.13101048536955e-05,0.0468520795363891,0.0226102734881656,0.146743057468956,0.0323950009510896,0.0144570785852995
308.076923076923,3080.76923076923,5.10947796694461e-05,0.0466554626577566,0.0227603909421594,0.147717335563825,0.0320641089752241,0.0145913536825326
308.095238095238,3080.95238095238,5.08006639773126e-05,0.0463869009029126,0.0229097606839965,0.148686760928007,0.0316845335173107,0.0147023673856019
308.113553113553,3081.13553113553,5.04293265221513e-05,0.0460478267179414,0.0230581537731567,0.149649847713402,0.0312582626195096,0.0147895640984318
308.131868131868,3081.31868131868,4.99827074047514e-05,0.0456400116399843,0.0232053464240442,0.150605143527913,0.0307875010281216,0.0148525106118627
308.150183150183,3081.50183150183,4.94631018066301e-05,0.0451655514360899,0.0233511210730236,0.151551236360621,0.0302746515833536,0.0148908998527362
308.168498168498,3081.68498168498,4.8873140947735e-05,0.0446268487153855,0.023495267393519,0.152486761169883,0.0297222951748639,0.0149045535405216
308.186813186813,3081.86813186813,4.82157704969859e-05,0.044026593215398,0.0236375832513615,0.153410406083646,0.0291331694962932,0.0148934237191048
308.205128205128,3082.05128205128,4.74942266822748e-05,0.0433677399877106,0.0237778755932608,0.154320918165711,0.0285101468426239,0.0148575931450868
308.223443223443,3082.23443223443,4.67120103695004e-05,0.0426534857291145,0.0239159612620328,0.155217108706656,0.0278562112011193,0.0147972745279952
308.241758241758,3082.41758241758,4.58728593994494e-05,0.0418872435219708,0.0240516677330413,0.156097858003409,0.0271744348900386,0.0147128086319322
308.260073260073,3082.60073260073,4.49807194862717e-05,0.0410726162611423,0.0241848337671795,0.156962119597179,0.026467954999016,0.0146046612621263
308.278388278388,3082.78388278388,4.40397139920947e-05,0.0402133690547085,0.0243153099766302,0.15780892394529,0.0257399498812859,0.0144734191734227
308.296703296703,3082.96703296703,4.30541128986989e-05,0.0393134008915056,0.024442959300578,0.158637381508607,0.0249936159407236,0.014319784950782
308.315018315018,3083.15018315018,4.20283012993725e-05,0.038376715870533,0.0245676573889925,0.159446685242331,0.0242321449464736,0.0141445709240594
308.333333333333,3083.33333333333,4.096674773179e-05,0.0374073942851976,0.0246892928935526,0.160236112484123,0.0234587020946269,0.0139486921905707
308.351648351648,3083.51648351648,3.98739726664304e-05,0.0364095638495826,0.0248077676657126,0.16100502623958,0.0226764050205191,0.0137331588290634
308.369963369963,3083.69963369963,3.8754517454903e-05,0.0353873713446665,0.0249229968628244,0.161752875870975,0.0218883039471279,0.0134990673975386
308.388278388278,3083.88278388278,3.76129140285359e-05,0.0343449549496177,0.0250349089641034,0.162479197200881,0.021097363134863,0.0132475918147547
308.406593406593,3084.06593406593,3.64536556203036e-05,0.0332864175075174,0.0251434456990536,0.163183612047637,0.0203064437763385,0.0129799737311789
308.424908424908,3084.24908424908,3.52811687629103e-05,0.0322158009563605,0.025248561891742,0.16386582721468,0.0195182884569098,0.0126975124994507
308.443223443223,3084.43223443223,3.40997867928992e-05,0.0311370621352328,0.0253502252250206,0.164525632960311,0.0187355072780548,0.012401554857178
308.461538461538,3084.61538461538,3.29137250655546e-05,0.0300540501526405,0.0254484159294337,0.165162900978681,0.0179605657166776,0.0120934844359629
308.479853479853,3084.79853479854,3.17270580584705e-05,0.0289704854794121,0.0255431264021106,0.165777581926358,0.0171957742693838,0.0117747112100283
308.498168498169,3084.98168498169,3.05436985136162e-05,0.0278899409029832,0.0256343607614227,0.166369702532006,0.0164432799071856,0.0114466609957975
308.516483516484,3085.16483516484,2.93673787385771e-05,0.0268158244532603,0.0257221343435851,0.166939362329277,0.0157050593430863,0.011110765110174
308.534798534799,3085.34798534799,2.82016341583632e-05,0.0257513643835132,0.0258064731476888,0.167486730055011,0.014982914093209,0.0107684502903042
308.553113553114,3085.53113553114,2.70497891799168e-05,0.0246995962630301,0.0258874132358779,0.168012039756324,0.0142784672916013,0.0104211289714288
308.571428571429,3085.71428571429,2.59149454024661e-05,0.0236633522118027,0.0259650000955242,0.168515586651052,0.0135931621998102,0.0100701900119926
308.589743589744,3085.89743589744,2.47999721790533e-05,0.022645252282106,0.0260392879703053,0.168997722786378,0.0129282623352722,0.00971698994683379
308.608058608059,3086.08058608059,2.37074995077882e-05,0.0216476979673878,0.0261103391670707,0.169458852540322,0.0122848531273101,0.0093628448400777
308.626373626374,3086.26373626374,2.26399132061813e-05,0.0206728677958754,0.0261782233452751,0.169899428010083,0.0116638449963992,0.00900902279947623
308.644688644689,3086.44688644689,2.15993522986853e-05,0.0197227149450973,0.0262430167955892,0.170319944330154,0.011065977741475,0.00865673720362234
308.663003663004,3086.63003663004,2.05877085263339e-05,0.018798966794127,0.026304801714058,0.170720934961529,0.0104918261113274,0.00830714068279953
308.681318681319,3086.81318681319,1.96066278684932e-05,0.0179031263131178,0.02636366547788,0.171102966991433,0.00994180642963408,0.00796131988348372
308.699633699634,3086.99633699634,1.86575139500869e-05,0.0170364751744958,0.0264196999285337,0.17146663648074,0.00941618413875058,0.00762029103574524
308.717948717949,3087.17948717949,1.77415331938934e-05,0.0162000784576046,0.0264730006675809,0.171812563893658,0.00891508212527387,0.00728499633233068
308.736263736264,3087.36263736264,1.68596215661921e-05,0.0153947908082625,0.0265236663700482,0.17214138964151,0.00843848969022183,0.00695630111804066
308.754578754579,3087.54578754579,1.60124927550255e-05,0.0146212639064657,0.0265717981198282,0.172453769769408,0.00798627202813399,0.00663499187833174
308.772893772894,3087.72893772894,1.52006476144287e-05,0.0138799550900653,0.0266174987710572,0.172750371811536,0.00755818008296718,0.00632177500709812
308.791208791209,3087.91208791209,1.44243847042627e-05,0.013171136978858,0.0266608723389331,0.173031870837489,0.00715386065355704,0.00601727632530094
308.809523809524,3088.09523809524,1.36838117538687e-05,0.0124949079422327,0.0267020234229324,0.173298945708891,0.00677286662767487,0.00572204131455779
308.827838827839,3088.27838827839,1.29788578789289e-05,0.0118512032545822,0.02674105666488,0.173552275562212,0.00641466723122797,0.00543653602335419
308.846153846154,3088.46153846154,1.23092863839267e-05,0.0112398067854346,0.0267780762438324,0.173792536530508,0.0060786581875822,0.00516114859785238
308.864468864469,3088.64468864469,1.1674707987571e-05,0.0106603630758006,0.026813185409244,0.174020398713616,0.00576417169119407,0.00489619138460651
308.882783882784,3088.82783882784,1.10745943153884e-05,0.0101123896584758,0.0268464860534217,0.174236523403345,0.00547048610960111,0.00464190354887469
308.901098901099,3089.01098901099,1.05082915117301e-05,0.00959528948738215,0.0268780783238262,0.174441560567268,0.00519683533782412,0.00439845414955803
308.919413919414,3089.19413919414,9.97503383305893e-06,0.00910836334981665,0.0269080602753583,0.174636146592024,0.0049424177397572,0.00416594561005945
308.937728937729,3089.37728937729,9.47395709483138e-06,0.00865082214501476,0.0269365275623766,0.17482090228448,0.00470640462139051,0.00394441752362425
308.956043956044,3089.56043956044,9.00411185564052e-06,0.00822179892280283,0.0269635731698392,0.174996431126811,0.00448794819095142,0.00373385073185141
308.974358974359,3089.74358974359,8.56447623426577e-06,0.00782036058705178,0.0269892871826315,0.175163317779416,0.00428618897105676,0.00353417161599502
308.992673992674,3089.92673992674,8.15396826746519e-06,0.00744551917977531,0.0270137565918614,0.175322126823753,0.00410026263742867,0.00334525654234664
309.010989010989,3090.10989010989,7.77145772900572e-06,0.00709624267327604,0.0270370651366453,0.175473401735511,0.00392930626783489,0.00316693640544115
309.029304029304,3090.29304029304,7.41577734273449e-06,0.00677146520898066,0.0270592931796982,0.175617664077178,0.00377246399327532,0.00299900121570534
309.047619047619,3090.47619047619,7.08573333482655e-06,0.00647009673286659,0.0270805176148584,0.175755412897867,0.00362889205118573,0.00284120468168086
309.065934065934,3090.65934065934,6.78011528234992e-06,0.00619103198834463,0.0271008118045387,0.175887124327369,0.00349776324751981,0.00269326874082482
309.084249084249,3090.84249084249,6.49770522658347e-06,0.00593315883777568,0.0271202455449848,0.176013251350671,0.00337827084069159,0.00255488799708408
309.102564102564,3091.02564102564,6.23728603051247e-06,0.00569536589383391,0.0271388850571448,0.176134223748706,0.0032696318659616,0.00242573402787231
309.120879120879,3091.20879120879,5.9976489699811e-06,0.00547654945110989,0.0271567930009136,0.176250448190794,0.00317108992346383,0.00230545952764606
309.139194139194,3091.39194139194,5.77760055729692e-06,0.0052756197168532,0.0271740285104933,0.176362308464138,0.00308191745691883,0.00219370225993437
309.157509157509,3091.57509157509,5.57596860469974e-06,0.00509150634762317,0.0271906472486262,0.1764701658258,0.00300141755330212,0.00209008879432105
309.175824175824,3091.75824175824,5.39160754265169e-06,0.0049231633055047,0.0272067014774866,0.176574359462799,0.00292892529612382,0.00199423800938088
309.194139194139,3091.94139194139,5.22340301465902e-06,0.00476957305371386,0.0272222401440741,0.176675207046321,0.00286380870665235,0.00190576434706151
309.212454212454,3092.12454212454,5.07027577607153e-06,0.00462975011665409,0.0272373089780246,0.17677300536652,0.00280546930850804,0.00182428080814605
309.230769230769,3092.30769230769,4.93118492930064e-06,0.00450274403404571,0.0272519505998408,0.17686803103495,0.00275334235159375,0.00174940168245195
309.249084249084,3092.49084249084,4.80513053185471e-06,0.00438764174236479,0.02726620463765,0.176960541242335,0.0027068967312468,0.001680745011118
309.267399267399,3092.67399267399,4.69115561666827e-06,0.00428356941963822,0.0272801078507047,0.177050774560095,0.00266563463795841,0.0016179347816798
309.285714285714,3092.85714285714,4.58834766669806e-06,0.00418969383192091,0.0272936942579645,0.177138951774862,0.00262909097217032,0.00156060285975059
309.304029304029,3093.04029304029,4.49583958718605e-06,0.00410522322108482,0.027306995270222,0.177225276745992,0.00259683255730955,0.00150839066377528
309.322344322344,3093.22344322344,4.41281021993323e-06,0.00402940777441057,0.027320039824366,0.177309937276941,0.00256845718269808,0.00146095059171249
309.340659340659,3093.40659340659,4.33848444417327e-06,0.00396153971669682,0.0273328545185043,0.177393105992231,0.00254359250617263,0.0014179472105242
309.358974358974,3093.58974358974,4.27213290822895e-06,0.00390095306523141,0.0273454637468001,0.177474941212554,0.00252189484427734,0.00137905822095407
309.377289377289,3093.77289377289,4.21307143535322e-06,0.00384702308725533,0.0273578898330062,0.177555587821415,0.00250304787579601,0.00134397521145932
309.395604395604,3093.95604395604,4.16066014579314e-06,0.00379916549830525,0.0273701531618022,0.177635178117535,0.00248676128219495,0.0013124042161103
309.413919413919,3094.13919413919,4.11430233548902e-06,0.00375683543833569,0.0273822723071677,0.177713832647997,0.00247276934634995,0.00128406609198574
309.432234432234,3094.32234432234,4.07344314982457e-06,0.00371952626069901,0.0273942641571329,0.177791661017899,0.00246082952866347,0.00125869673203554
309.450549450549,3094.50549450549,4.03756808857737e-06,0.00368676816699175,0.0274061440343646,0.17786876267296,0.00245072103751942,0.00123604712947233
309.468864468864,3094.68864468864,4.00620137588955e-06,0.00365812671864868,0.0274179258121421,0.177945227652227,0.00244224340891256,0.00121588330973612
309.48717948718,3094.87179487179,3.97890422650079e-06,0.00363320125381236,0.0274296220253772,0.178021137308598,0.00243521510801075,0.0011979861458016
309.505494505494,3095.05494505494,3.95527303678066e-06,0.00361162323553576,0.0274412439764178,0.178096564995501,0.00242947216343754,0.00118215107209822
309.52380952381,3095.2380952381,3.93493752656171e-06,0.00359305455506029,0.0274528018354562,0.178171576718555,0.00242486684330765,0.00116818771175264
309.542124542125,3095.42124542125,3.91755885498049e-06,0.00357718581135996,0.0274643047354328,0.178246231751508,0.0024212663802513,0.00115591943110866
309.56043956044,3095.6043956044,3.90282773109524e-06,0.00356373458591616,0.027475760861394,0.178320583216172,0.00241855175123932,0.00114518283467684
309.578754578755,3095.78754578755,3.89046253734312e-06,0.00355244372921631,0.0274871775343156,0.178394678626451,0.00241661651647369,0.00113582721274262
309.59706959707,3095.9706959707,3.88020748150672e-06,0.00354307967328489,0.0274985612894563,0.178468560396864,0.00241536572035589,0.001127713952929
309.615384615385,3096.15384615385,3.87183079057383e-06,0.00353543078246779,0.0275099179493454,0.178542266316239,0.00241471485645529,0.0011207159260125
309.6336996337,3096.336996337,3.86512295770632e-06,0.00352930575271155,0.0275212526915462,0.178615829987507,0.00241458889739577,0.00111471685531578
309.652014652015,3096.52014652015,3.85989505137885e-06,0.00352453206761069,0.0275325701113657,0.178689281234695,0.002414921389635,0.00110961067797569
309.67032967033,3096.7032967033,3.85597709397708e-06,0.00352095451787986,0.0275438742797059,0.178762646478387,0.00241565361243367,0.00110530090544619
309.688644688645,3096.88644688645,3.85321651538117e-06,0.00351843378929608,0.0275551687962689,0.178835949081027,0.00241673379969186,0.00110169998960422
309.70695970696,3097.0695970696,3.85147668553358e-06,0.00351684512276282,0.0275664568383427,0.17890920966355,0.00241811642278135,0.00109872869998147
309.725274725275,3097.25274725275,3.85063552855934e-06,0.00351607704884108,0.0275777412054049,0.178982446394861,0.00241976153210284,0.00109631551673824
309.74358974359,3097.4358974359,3.85058421983174e-06,0.00351603019801913,0.0275890243597865,0.179055675255746,0.00242163415481829,0.00109439604320084
309.761904761905,3097.61904761905,3.85122596619857e-06,0.00351661618691756,0.0276003084636387,0.179128910278796,0.00242370374585985,0.00109291244105771
309.78021978022,3097.8021978022,3.8524748687751e-06,0.00351775657988723,0.0276115954124477,0.179202163765915,0.00242594368927313,0.00109181289061411
309.798534798535,3097.98534798535,3.85425486686117e-06,0.00351938192468318,0.027622886865338,0.179275446484997,0.00242833084681475,0.00109105107786843
309.81684981685,3098.1684981685,3.85649876084903e-06,0.00352143086026595,0.027634184272398,0.179348767847267,0.00243084515060471,0.00109058570966123
309.835164835165,3098.35164835165,3.85914731154326e-06,0.00352384929437626,0.0276454888992577,0.179422136066798,0.00243346923677508,0.00109038005760119
309.85347985348,3098.5347985348,3.86214841281236e-06,0.0035265896480699,0.027656801849137,0.179495558303603,0.0024361881169806,0.00109040153108931
309.871794871795,3098.71794871795,3.86545633409889e-06,0.00352961016404153,0.0276681240825758,0.179569040791688,0.00243898888471111,0.00109062127933042
309.89010989011,3098.9010989011,3.8690310293265e-06,0.00353287427557667,0.0276794564350442,0.179642588953341,0.00244186045360251,0.00109101382197417
309.908424908425,3099.08424908425,3.87283750828783e-06,0.00353635003255589,0.0276907996326236,0.179716207500907,0.00244479332486411,0.00109155670769178
309.92673992674,3099.2673992674,3.87684526666506e-06,0.00354000958099743,0.0277021543059342,0.179789900527179,0.00244777938116788,0.00109223019982955
309.945054945055,3099.45054945055,3.88102777085161e-06,0.00354382869263965,0.0277135210024772,0.179863671585495,0.00245081170456105,0.0010930169880786
309.96336996337,3099.6336996337,3.88536199362128e-06,0.00354778634095301,0.0277249001975448,0.179937523760552,0.00245388441598761,0.0010939019249654
309.981684981685,3099.81684981685,3.88982799686613e-06,0.00355186432013146,0.0277362923038414,0.180011459730848,0.0024569925342585,0.00109487178587297
310,3100,3.89440855772446e-06,0.00355604690370379,0.027747697679951,0.180085481823626,0.00246013185243028,0.00109591505127352
310.018315018315,3100.18315018315,3.89908883446188e-06,0.00356032053944434,0.0277591166377676,0.180159592063116,0.00246329882971426,0.00109702170973009
310.03663003663,3100.3663003663,3.90385606878786e-06,0.00356467357755343,0.0277705494490059,0.180233792212771,0.00246649049724349,0.00109818308030994
310.054945054945,3100.54945054945,3.90869932124045e-06,0.00356909602903293,0.0277819963508888,0.180308083812195,0.00246970437605204,0.00109939165298088
310.07326007326,3100.7326007326,3.91360923663309e-06,0.00357357935151198,0.0277934575511076,0.180382468209325,0.00247293840588973,0.00110064094562225
310.091575091575,3100.91575091575,3.91857783668025e-06,0.00357811625989012,0.0278049332321365,0.180456946588439,0.00247619088358558,0.00110192537630454
310.10989010989,3101.0989010989,3.92359833713791e-06,0.00358270055936535,0.0278164235549786,0.180531519994464,0.00247946040978695,0.0011032401495784
310.128205128205,3101.28205128205,3.92866498689474e-06,0.00358732699850568,0.0278279286624095,0.180606189354027,0.00248274584301632,0.00110458115548936
310.14652014652,3101.4652014652,3.93377292677067e-06,0.00359199114031589,0.0278394486817804,0.180680955493653,0.00248604626012332,0.00110594488019258
310.164835164835,3101.64835164835,3.93891806586185e-06,0.00359668924932606,0.0278509837274362,0.180755819155451,0.0024893609222999,0.00110732832702616
310.18315018315,3101.8315018315,3.94409697353941e-06,0.00360141819297395,0.0278625339027942,0.18083078101061,0.00249268924593052,0.00110872894704343
310.201465201465,3102.01465201465,3.94930678528715e-06,0.0036061753556239,0.0278740993021291,0.180905841670983,0.0024960307776098,0.0011101445780141
310.21978021978,3102.1978021978,3.95454512080354e-06,0.0036109585637844,0.0278856800121016,0.180981001699009,0.00249938517275558,0.00111157339102882
310.238095238095,3102.38095238095,3.95981001290219e-06,0.00361576602118601,0.0278972761130636,0.181056261616178,0.00250275217731392,0.00111301384387209
310.25641025641,3102.5641025641,3.96509984590491e-06,0.00362059625252707,0.0279088876801704,0.181131621910255,0.00250613161211897,0.00111446464040811
310.274725274725,3102.74725274725,3.97041330238907e-06,0.00362544805484786,0.0279205147843251,0.181207083041412,0.00250952335954905,0.00111592469529881
310.29304029304,3102.9304029304,3.97574931718739e-06,0.00363032045552705,0.0279321574929796,0.181282645447416,0.00251292735207351,0.00111739310345354
310.311355311355,3103.11355311355,3.98110703771407e-06,0.00363521267605486,0.0279438158708099,0.181358309548023,0.00251634356245827,0.00111886911359659
310.32967032967,3103.2967032967,3.98648578988378e-06,0.00364012410091319,0.027955489980284,0.181434075748655,0.00251977199540844,0.00112035210550475
310.347985347985,3103.47985347985,3.99188504875057e-06,0.00364505425076546,0.0279671798821387,0.181509944443502,0.00252321268035951,0.00112184157040595
310.3663003663,3103.663003663,3.99730441330874e-06,0.00365000275944694,0.0279788856357751,0.181585916018082,0.00252666566528134,0.0011233370941656
310.384615384615,3103.84615384615,4.00274358489278e-06,0.00365496935424136,0.027990607299588,0.181661990851384,0.0025301310113476,0.00112483834289376
310.40293040293,3104.0293040293,4.00820234865187e-06,0.003659953838965,0.0280023449312356,0.181738169317616,0.00253360878832596,0.00112634505063904
310.421245421245,3104.21245421245,4.01368055765657e-06,0.00366495607945422,0.0280140985878593,0.181814451787631,0.00253709907056388,0.00112785700889033
310.43956043956,3104.3956043956,4.01917811930924e-06,0.00366997599115662,0.0280258683262614,0.181890838630083,0.00254060193351262,0.001129374057644
310.457875457875,3104.57875457875,4.02469498369734e-06,0.00367501352849629,0.0280376542030453,0.181967330212334,0.00254411745069349,0.0011308960778028
310.47619047619,3104.7619047619,4.03023113361915e-06,0.00368006867576604,0.0280494562747247,0.182043926901162,0.00254764569103958,0.00113242298472647
310.494505494506,3104.94505494506,4.03578657604554e-06,0.0036851414393311,0.0280612745978055,0.182120629063298,0.00255118671657874,0.00113395472275237
310.51282051282,3105.12820512821,4.04136133480886e-06,0.00369023184095316,0.0280731092288447,0.182197437065803,0.00255474058040752,0.00113549126054564
310.531135531136,3105.31135531136,4.0469554443246e-06,0.00369533991205756,0.0280849602244906,0.182274351276329,0.00255830732490245,0.00113703258715511
310.549450549451,3105.49450549451,4.05256894425274e-06,0.00370046568885846,0.028096827641504,0.182351372063261,0.00256188698018611,0.00113857870867234
310.567765567766,3105.67765567766,4.0582018749198e-06,0.00370560920817865,0.0281087115367671,0.18242849979577,0.00256547956280318,0.00114012964537548
310.586080586081,3105.86080586081,4.0638542733918e-06,0.00371077050386371,0.028120611967279,0.182505734843786,0.00256908507457788,0.00114168542928583
310.604395604396,3106.04395604396,4.06952617015202e-06,0.00371594960374842,0.0281325289901403,0.182583077577898,0.00257270350165062,0.00114324610209779
310.622710622711,3106.22710622711,4.07521758626224e-06,0.00372114652706461,0.0281444626625296,0.182660528369201,0.00257633481369611,0.00114481171336851
310.641025641026,3106.41025641026,4.08092853098645e-06,0.00372636128227141,0.0281564130416721,0.182738087589093,0.00257997896330837,0.00114638231896304
310.659340659341,3106.59340659341,4.08665899981979e-06,0.00373159386525532,0.0281683801848013,0.182815755609025,0.00258363588555342,0.0011479579797019
310.677655677656,3106.77655677656,4.09240897280985e-06,0.0037368442577975,0.0281803641491168,0.182893532800229,0.00258730549764972,0.00114953876014777
310.695970695971,3106.95970695971,4.09817841322594e-06,0.00374211242635856,0.0281923649917356,0.182971419533399,0.00259098769882072,0.00115112472753784
310.714285714286,3107.14285714286,4.10396726653709e-06,0.00374739832114541,0.0282043827696423,0.183049416178373,0.00259468237031383,0.00115271595083157
310.732600732601,3107.32600732601,4.10977545959945e-06,0.00375270187536921,0.0282164175396349,0.183127523103775,0.00259838937554355,0.00115431249982566
310.750915750916,3107.50915750916,4.11560290009874e-06,0.00375802300473631,0.0282284693582694,0.183205740676659,0.00260210856037943,0.00115591444435689
310.769230769231,3107.69230769231,4.12144947620745e-06,0.00376336160713523,0.0282405382818029,0.18328406926214,0.00260583975358004,0.00115752185355519
310.787545787546,3107.87545787546,4.12731505644559e-06,0.00376871756250948,0.028252624366136,0.183362509223018,0.00260958276736547,0.00115913479514401
310.805860805861,3108.05860805861,4.13319948972601e-06,0.00377409073289896,0.0282647276667551,0.183441060919407,0.00261333739812182,0.00116075333477714
310.824175824176,3108.24175824176,4.13910260558402e-06,0.00377948096264962,0.0282768482386755,0.183519724708361,0.0026171034272278,0.00116237753542182
310.842490842491,3108.42490842491,4.14502421458537e-06,0.00378488807878602,0.0282889861363842,0.183598500943508,0.00262088062201491,0.00116400745677111
310.860805860806,3108.60805860806,4.15096410884302e-06,0.00379031189148316,0.028301141413786,0.183677389974693,0.00262466873681359,0.00116564315466957
310.879120879121,3108.79120879121,4.15692206270046e-06,0.00379575219469047,0.0283133141241495,0.183756392147637,0.00262846751411493,0.00116728468057554
310.897435897436,3108.97435897436,4.16289783358633e-06,0.00380120876691214,0.0283255043200564,0.1838355078036,0.00263227668585083,0.00116893208106131
310.915750915751,3109.15750915751,4.16889116293444e-06,0.00380668137204725,0.0283377120533534,0.183914737279073,0.00263609597472626,0.00117058539732099
310.934065934066,3109.34065934066,4.17490177725438e-06,0.00381216976036733,0.0283499373751063,0.183994080905479,0.0026399250956493,0.00117224466471803
310.952380952381,3109.52380952381,4.18092938928863e-06,0.0038176736695729,0.0283621803355585,0.184073539008901,0.00264376375720629,0.0011739099123666
310.970695970696,3109.70695970696,4.18697369923409e-06,0.00382319282590896,0.0283744409840919,0.184153111909833,0.0026476116631751,0.00117558116273386
310.989010989011,3109.89010989011,4.19303439612559e-06,0.00382872694542822,0.028386719369192,0.184232799922954,0.00265146851413734,0.00117725843129088
311.007326007326,3110.07326007326,4.19911115921874e-06,0.00383427573525385,0.0283990155384178,0.184312603356923,0.00265533400905424,0.00117894172619961
311.025641025641,3110.25641025641,4.20520365944543e-06,0.00383983889490847,0.0284113295383746,0.184392522514216,0.00265920784687263,0.00118063104803584
311.043956043956,3110.43956043956,4.21131156091502e-06,0.00384541611768495,0.0284236614146919,0.184472557690972,0.0026630897281349,0.00118232638955006
311.062271062271,3110.62271062271,4.21743452247266e-06,0.00385100709206933,0.0284360112120059,0.184552709176886,0.00266697935657681,0.00118402773549252
311.080586080586,3110.80586080586,4.22357219928399e-06,0.00385661150318783,0.0284483789739462,0.184632977255116,0.00267087644070736,0.00118573506248047
311.098901098901,3110.98901098901,4.22972424437755e-06,0.00386222903421522,0.0284607647431273,0.184713362202237,0.00267478069531249,0.00118744833890274
311.117216117216,3111.17216117216,4.23589031025508e-06,0.0038678593678453,0.0284731685611445,0.184793864288206,0.00267869184295255,0.00118916752489276
311.135531135531,3111.35531135531,4.24207005047916e-06,0.0038735021877405,0.0284855904685752,0.184874483776375,0.00268260961538142,0.00119089257235907
311.153846153846,3111.53846153846,4.24826312120093e-06,0.0038791571799269,0.0284980305049837,0.184955220923521,0.00268653375487495,0.00119262342505195
311.172161172161,3111.72161172161,4.25446918272435e-06,0.00388482403422259,0.0285104887089315,0.185036075979911,0.00269046401551771,0.00119436001870488
311.190476190476,3111.90476190476,4.260687900961e-06,0.00389050244556611,0.0285229651179916,0.185117049189397,0.002694400164349,0.00119610228121711
311.208791208791,3112.08791208791,4.26691894892033e-06,0.00389619211537712,0.0285354597687667,0.185198140789537,0.00269834198246608,0.00119785013291104
311.227106227106,3112.27106227106,4.27316200810449e-06,0.00390189275283012,0.0285479726969129,0.185279351011741,0.00270228926600142,0.00119960348682869
311.245421245421,3112.45421245421,4.27941676981912e-06,0.00390760407605136,0.0285605039371659,0.185360680081447,0.00270624182697071,0.00120136224908065
311.263736263736,3112.63736263736,4.28568293647421e-06,0.00391332581330662,0.0285730535233718,0.185442128218321,0.00271019949404766,0.00120312631925895
311.282051282051,3112.82051282051,4.29196022279878e-06,0.00391905770411038,0.0285856214885218,0.185523695636479,0.0027141621132178,0.00120489559089258
311.300366300366,3113.00366300366,4.29824835697417e-06,0.00392479950026069,0.0285982078647897,0.185605382544732,0.00271812954832539,0.0012066699519353
311.318681318681,3113.18681318681,4.30454708171106e-06,0.00393055096682253,0.0286108126835733,0.185687189146856,0.0027221016814991,0.00120844928532343
311.336996336996,3113.36996336996,4.31085615527142e-06,0.00393631188306103,0.0286234359755381,0.185769115641871,0.00272607841350588,0.00121023346955515
311.355311355311,3113.55311355311,4.31717535241234e-06,0.00394208204330329,0.0286360777706645,0.185851162224356,0.00273005966400057,0.00121202237930271
311.373626373626,3113.73626373626,4.32350446524213e-06,0.00394786125772005,0.0286487380982975,0.185933329084761,0.00273404537166145,0.0012138158860586
311.391941391941,3113.91941391941,4.32984330408548e-06,0.00395364935311575,0.0286614169871992,0.186015616409756,0.00273803549430797,0.00121561385880778
311.410256410256,3114.10256410256,4.33619169828345e-06,0.003959446173659,0.0286741144656025,0.186098024382575,0.00274203000894527,0.00121741616471373
311.428571428571,3114.28571428571,4.34254949693718e-06,0.0039652515815616,0.0286868305612686,0.186180553183392,0.00274602891173231,0.00121922266982929
311.446886446886,3114.46886446886,4.34891656969396e-06,0.00397106545779641,0.0286995653015462,0.186263202989701,0.00275003221799568,0.00122103323980073
311.465201465201,3114.65201465201,4.35529280751394e-06,0.0039768877027974,0.0287123187134321,0.186345973976716,0.00275403996221384,0.00122284774058356
311.483516483516,3114.83516483516,4.36167812348311e-06,0.00398271823720198,0.0287250908236354,0.186428866317782,0.00275805219804353,0.00122466603915845
311.501831501831,3115.01831501831,4.36807245371772e-06,0.0039885570026769,0.0287378816586434,0.186511880184803,0.00276206899844861,0.00122648800422829
311.520146520147,3115.20146520146,4.37447575835512e-06,0.00399440396282291,0.0287506912447904,0.186595015748692,0.00276609045591925,0.00122831350690366
311.538461538462,3115.38461538462,4.38088802272028e-06,0.00400025910424001,0.0287635196083295,0.186678273179834,0.00277011668286198,0.00123014242137803
311.556776556777,3115.56776556777,4.38730925871517e-06,0.00400612243779609,0.0287763667755086,0.186761652648582,0.00277414781223164,0.00123197462556445
311.575091575092,3115.75091575092,4.39373950645564e-06,0.00401199400012157,0.0287892327726498,0.186845154325768,0.00277818399841104,0.00123381000171053
311.593406593407,3115.93406593407,4.40017883628584e-06,0.00401787385544881,0.0288021176262354,0.186928778383264,0.00278222541846977,0.00123564843697905
311.611721611722,3116.11721611722,4.406627351228e-06,0.00402376209784908,0.0288150213629988,0.187012524994575,0.00278627227386835,0.00123748982398072
311.630036630037,3116.30036630037,4.41308519000514e-06,0.00402965885399258,0.0288279440100249,0.187096394335483,0.00279032479271634,0.00123933406127623
311.648351648352,3116.48351648352,4.41955253073015e-06,0.00403556428651705,0.0288408855948589,0.187180386584759,0.00279438323268248,0.00124118105383458
311.666666666667,3116.66666666667,4.42602959539625e-06,0.00404147859812807,0.0288538461456276,0.187264501924951,0.00279844788470722,0.00124303071342085
311.684981684982,3116.84981684982,4.43251665536075e-06,0.00404740203660633,0.0288668256911752,0.187348740543259,0.0028025190776514,0.00124488295895493
311.703296703297,3117.03296703297,4.43901403805377e-06,0.00405333490093353,0.0288798242612164,0.187433102632535,0.00280659718411337,0.00124673771682016
311.721611721612,3117.21611721612,4.44552213510292e-06,0.00405927754871114,0.0288928418865112,0.187517588392415,0.00281068262760667,0.00124859492110446
311.739926739927,3117.39926739927,4.45204141207417e-06,0.00406523040505489,0.0289058785990657,0.187602198030622,0.00281477589127064,0.00125045451378425
311.758241758242,3117.58241758242,4.4585724202687e-06,0.00407119397336673,0.0289189344323641,0.187686931764472,0.00281887752849019,0.00125231644487654
311.776556776557,3117.76556776557,4.46511581087124e-06,0.00407716884825389,0.0289320094216381,0.187771789822621,0.00282298817573372,0.00125418067252017
311.794871794872,3117.94871794872,4.47167235179667e-06,0.00408315573091176,0.0289451036041817,0.187856772447113,0.00282710856790955,0.00125604716300221
311.813186813187,3118.13186813187,4.47824294777813e-06,0.00408915544746667,0.0289582170197194,0.187941879895764,0.00283123955672281,0.00125791589074386
311.831501831502,3118.31501831502,4.48482866425339e-06,0.00409516897078693,0.0289713497108387,0.18802711244497,0.00283538213254651,0.00125978683824042
311.849816849817,3118.49816849817,4.49143075555716e-06,0.00410119744622569,0.0289845017234974,0.188112470393003,0.00283953745028674,0.00126165999593895
311.868131868132,3118.68131868132,4.49805069818381e-06,0.00410724222199363,0.0289976731076215,0.188197954063887,0.00284370685990618,0.00126353536208745
311.886446886447,3118.86446886447,4.50469022993467e-06,0.00411330488490502,0.0290108639178072,0.188283563811958,0.00284789194236572,0.0012654129425393
311.904761904762,3119.04761904762,4.51135139575759e-06,0.00411938730223451,0.0290240742141475,0.188369300027226,0.00285209455170707,0.00126729275052744
311.923076923077,3119.23076923077,4.51803660129453e-06,0.00412549167061237,0.029037304063203,0.188455163141676,0.00285631686421489,0.00126917480639748
311.941391941392,3119.41391941392,4.52474867539421e-06,0.00413162057310574,0.0290505535391417,0.188541153636666,0.00286056143577581,0.00127105913732993
311.959706959707,3119.59706959707,4.53149094262814e-06,0.00413777704543415,0.0290638227250754,0.1886272720516,0.00286483126840497,0.00127294577702918
311.978021978022,3119.78021978022,4.53826730737222e-06,0.00414396465274586,0.0290771117146241,0.188713518994083,0.00286912988733816,0.0012748347654077
311.996336996337,3119.96336996337,4.5450823509779e-06,0.00415018757834634,0.0290904206137448,0.188799895151786,0.00287346143008601,0.00127672614826033
312.014652014652,3120.14652014652,4.55194144366142e-06,0.00415645072586615,0.0291037495428648,0.188886401306294,0.00287783074894111,0.00127861997692503
312.032967032967,3120.32967032967,4.55885087316868e-06,0.0041627598367469,0.0291170986393648,0.188973038349225,0.00288224352877471,0.00128051630797219
312.051282051282,3120.51282051282,4.56581799215053e-06,0.004169121624812,0.0291304680604664,0.189059807300961,0.00288670642191278,0.00128241520289923
312.069597069597,3120.69597069597,4.57285138653327e-06,0.00417554393000843,0.0291438579865778,0.189146709332371,0.00289122720217048,0.00128431672783794
312.087912087912,3120.87912087912,4.57996106746045e-06,0.00418203589367189,0.0291572686251663,0.189233745789941,0.00289581494034615,0.00128622095332574
312.106227106227,3121.06227106227,4.58715868924809e-06,0.00418860815754523,0.0291707002152293,0.189320918224788,0.00290048020346071,0.00128812795408452
312.124542124542,3121.24542124542,4.59445779643231e-06,0.00419527308936158,0.0291841530324421,0.189408228426074,0.00290523528047952,0.00129003780888205
312.142857142857,3121.42857142857,4.60187410284409e-06,0.00420204503767199,0.0291976273950757,0.189495678459411,0.00291009443719992,0.00129195060047207
312.161172161172,3121.61172161172,4.60942580589305e-06,0.00420894061882299,0.0292111236707795,0.189583270710882,0.00291507420321872,0.00129386641560427
312.179487179487,3121.79487179487,4.61713393962624e-06,0.00421597903934025,0.0292246422843391,0.189671007937392,0.00292019369418642,0.00129578534515383
312.197802197802,3121.97802197802,4.62502277001277e-06,0.00422318245686926,0.0292381837265272,0.189758893324106,0.00292547497248747,0.00129770748438179
312.216117216117,3122.16117216117,4.63312023616389e-06,0.00423057638306055,0.0292517485641764,0.189846930549828,0.00293094344971522,0.00129963293334533
312.234432234432,3122.34432234432,4.64145844141448e-06,0.00423819013198398,0.0292653374516147,0.189935123861216,0.00293662833447844,0.00130156179750555
312.252747252747,3122.52747252747,4.65007419801039e-06,0.00424605731749158,0.0292789511436151,0.190023478156825,0.00294256312894706,0.00130349418854452
312.271062271062,3122.71062271062,4.65900962936353e-06,0.0042542164031462,0.0292925905100215,0.190111999082034,0.00294878617769947,0.00130543022544673
312.289377289377,3122.89377289377,4.66831283375206e-06,0.00426271130825695,0.0293062565522264,0.190200693135987,0.00295534127236887,0.00130737003588808
312.307692307692,3123.07692307692,4.67803861327062e-06,0.00427159207349523,0.0293199504216858,0.190289567791754,0.00296227831549524,0.00130931375799999
312.326007326007,3123.26007326007,4.68824927150525e-06,0.00428091558926452,0.0293336734406671,0.19037863163099,0.00296965404672162,0.00131126154254291
312.344322344322,3123.44322344322,4.6990154834149e-06,0.00429074639000319,0.0293474271254381,0.190467894494432,0.00297753283440445,0.00131321355559873
312.362637362637,3123.62637362637,4.71041724032343e-06,0.00430115751707175,0.0293612132121119,0.190557367649637,0.00298598753522141,0.00131516998185033
312.380952380952,3123.80952380952,4.72254487253485e-06,0.00431223145251932,0.0293750336853728,0.190647063977416,0.00299510042396984,0.00131713102854947
312.399267399267,3123.99267399267,4.73550015157821e-06,0.00432406112556103,0.0293888908103145,0.190736998178466,0.00300496419524576,0.00131909693031526
312.417582417582,3124.17582417582,4.74939747322874e-06,0.0043367509928137,0.0294027871676255,0.190827187001726,0.00301568303794745,0.00132106795486625
312.435897435897,3124.35897435897,4.76436512163507e-06,0.00435041819259053,0.0294167256923599,0.190917649496008,0.0030273737827397,0.00132304440985082
312.454212454212,3124.54212454212,4.78054661411463e-06,0.0043651937728555,0.0294307097165325,0.191008407286438,0.00304016712185161,0.00132502665100389
312.472527472527,3124.72527472527,4.79810212459997e-06,0.00438122399099491,0.0294447430157719,0.191099484877245,0.00305420889922459,0.00132701509177033
312.490842490843,3124.90842490843,4.81720998269256e-06,0.00439867168262752,0.0294588298602591,0.191190909982351,0.00306966146795467,0.00132901021467285
312.509157509157,3125.09157509157,4.83806824372865e-06,0.00441771769525681,0.0294729750701677,0.191282713885192,0.00308670511056272,0.00133101258469409
312.527472527473,3125.27472527473,4.86089632360389e-06,0.0044385623810556,0.0294871840758075,0.191374931829052,0.00310553951607554,0.00133302286498006
312.545787545788,3125.45787545788,4.88593669021467e-06,0.00446142714134821,0.0295014629826488,0.191467603439075,0.00312638530613139,0.00133504183521681
312.564102564103,3125.64102564103,4.91345660135734e-06,0.00448655601351417,0.0295158186413833,0.191560773176972,0.00314948560045511,0.00133707041305906
312.582417582418,3125.82417582418,4.94374987690259e-06,0.00451421728918903,0.0295302587231384,0.19165449082917,0.00317510761011535,0.00133910967907367
312.600732600733,3126.00732600733,4.97713869072571e-06,0.00454470515050459,0.0295447917999302,0.191748812028954,0.00320354424479865,0.00134116090570594
312.619047619048,3126.19047619048,5.0139753653431e-06,0.00457834130880033,0.0295594274303868,0.19184379881283,0.0032351157179977,0.00134322559080263
312.637362637363,3126.37362637363,5.054644149803e-06,0.00461547662804392,0.0295741762507265,0.191939520210973,0.00327017113172336,0.00134530549632056
312.655677655678,3126.55677655678,5.09956295872802e-06,0.0046564927127788,0.0295890500709097,0.192036052871274,0.00330909001988035,0.00134740269289845
312.673992673993,3126.73992673993,5.14918504781334e-06,0.00470180343804854,0.0296040619758189,0.192133481715996,0.00335228382697858,0.00134951961106995
312.692307692308,3126.92307692308,5.20400059836221e-06,0.00475185639626153,0.0296192264312413,0.192231900629624,0.00340019729633378,0.00135165909992775
312.710622710623,3127.10622710623,5.2645381808984e-06,0.00480713423363906,0.0296345593943464,0.192331413175869,0.0034533097394917,0.00135382449414736
312.728937728938,3127.28937728938,5.33136606538123e-06,0.00486815584659358,0.0296500784282595,0.192432133341265,0.00351213615622865,0.00135601969036493
312.747252747253,3127.47252747253,5.40509334308428e-06,0.00493547740613422,0.0296658028202323,0.192534186302107,0.00357722817216999,0.00135824923396423
312.765567765568,3127.65567765568,5.4863708232576e-06,0.0050096931766234,0.0296817537028053,0.192637709210812,0.00364917475918012,0.00136051841744328
312.783882783883,3127.83882783883,5.57589166552552e-06,0.00509143609322942,0.0296979541772485,0.192742851997053,0.00372860270166396,0.00136283339156546
312.802197802198,3128.02197802198,5.67439170754114e-06,0.00518137806111298,0.0297144294384464,0.192849778178289,0.0038161767705067,0.00136520129060628
312.820512820513,3128.20512820513,5.78264944637419e-06,0.00528022993843223,0.0297312069002751,0.192958665673463,0.00391259956535059,0.00136763037308164
312.838827838828,3128.38827838828,5.90148563131808e-06,0.0053887411645283,0.0297483163203948,0.193069707612924,0.0040186109851219,0.0013701301794064
312.857142857143,3128.57142857143,6.03176242560861e-06,0.0055076989944772,0.0297657899232563,0.193183113136755,0.00413498728649228,0.00137271170798492
312.875457875458,3128.75457875458,6.17438209521423e-06,0.00563792730180319,0.0297836625199974,0.193299108172909,0.00426253969054159,0.0013753876112616
312.893772893773,3128.93772893773,6.33028518397235e-06,0.00578028491216652,0.0298019716237806,0.193417936185762,0.00440211249883298,0.00137817241333354
312.912087912088,3129.12087912088,6.50044813626193e-06,0.00593566343258761,0.0298207575590091,0.193539858884941,0.00455458068186036,0.00138108275072725
312.930402930403,3129.30402930403,6.68588033119641e-06,0.00610498454332106,0.0298400635627454,0.193665156883537,0.0047208469054196,0.00138413763790146
312.948717948718,3129.48717948718,6.88762049583212e-06,0.00628919672269874,0.0298599358765583,0.193794130294203,0.00490183796367784,0.00138735875902091
312.967032967033,3129.67032967033,7.1067324693881e-06,0.00648927137937099,0.0298804238269306,0.193927099251014,0.00509850059188816,0.00139077078748283
312.985347985348,3129.85347985348,7.34430029605644e-06,0.00670619837147302,0.0299015798922902,0.194064404344493,0.00531179663685842,0.00139440173461461
313.003663003663,3130.03663003663,7.60142263000726e-06,0.0069409808977453,0.0299234597546641,0.194206406956864,0.00554269756900436,0.00139828332874093
313.021978021978,3130.21978021978,7.87920644346861e-06,0.00719462975228033,0.0299461223339211,0.194353489484284,0.00579217832662565,0.00140245142565469
313.040293040293,3130.40293040293,8.17876003720495e-06,0.00746815694227857,0.0299696298025514,0.194506055432766,0.0060612104908826,0.00140694645139597
313.058608058608,3130.58608058608,8.5011853612124e-06,0.00776256867595202,0.0299940475789418,0.194664529374534,0.00635075479813835,0.00141181387781367
313.076923076923,3130.76923076923,8.84756966350378e-06,0.008078857736896,0.0300194442971412,0.194829356751798,0.00666175300579445,0.00141710473110155
313.095238095238,3130.95238095238,9.21897649518256e-06,0.00841799527067789,0.0300458917511803,0.19500100351538,0.00699511913754228,0.00142287613313561
313.113553113553,3131.13553113553,9.61643611096212e-06,0.00878092201939736,0.0300734648121046,0.195179955586257,0.00735173014450657,0.00142919187489078
313.131868131868,3131.31868131868,1.00409353159248e-05,0.00916853905059921,0.0301022413160129,0.195366718128912,0.00773241602985675,0.00143612302074246
313.150183150183,3131.50183150183,1.04934068208753e-05,0.00958169803747592,0.0301323019215609,0.195561814626519,0.00813794949567387,0.00144374854180205
313.168498168498,3131.68498168498,1.09747181806476e-05,0.0100211911582583,0.0301637299355842,0.195765785749221,0.00856903518248576,0.00145215597577253
313.186813186813,3131.86813186813,1.14856604016786e-05,0.0104877406936081,0.030196611105738,0.195979188008333,0.00902629858352845,0.00146144211007967
313.205128205128,3132.05128205128,1.2026936316459e-05,0.0109819884111431,0.0302310333793133,0.196202592191043,0.00951027472698458,0.00147171368415855
313.223443223443,3132.23443223443,1.25991488338488e-05,0.0115044848366115,0.0302670866276989,0.196436581572134,0.0100213967306787,0.00148308810593278
313.241758241758,3132.41758241758,1.320278918446e-05,0.0120556785205623,0.0303048623362893,0.196681749901456,0.0105599843440153,0.00149569417654699
313.260073260073,3132.60073260073,1.38382252898557e-05,0.0126359054180747,0.0303444532600046,0.196938699168215,0.0111262326016534,0.00150967281642123
313.278388278388,3132.78388278388,1.45056903925038e-05,0.0132453785065862,0.0303859530449795,0.197208037145693,0.0117202007219655,0.00152517778462076
313.296703296703,3132.96703296703,1.52052720902152e-05,0.0138841777730628,0.0304294558173895,0.197490374722687,0.0123418013906318,0.00154237638243101
313.315018315018,3133.15018315018,1.59369019241951e-05,0.0145522407066811,0.0304750557408149,0.197786323030755,0.0129907905757133,0.00156145013096773
313.333333333333,3133.33333333333,1.67003456729365e-05,0.0152493534360271,0.0305228465439857,0.198096490379233,0.0136667580245696,0.00158259541145748
313.351648351648,3133.51648351648,1.74951945056333e-05,0.015975142651136,0.0305729210211997,0.198421479012891,0.0143691185953801,0.0016060240557559
313.369963369963,3133.69963369963,1.83208571478485e-05,0.0167290684498377,0.0306253705081599,0.198761881710065,0.0150971045762789,0.00163196387355879
313.388278388278,3133.88278388278,1.91765532088231e-05,0.0175104182448161,0.0306802843364192,0.199118278241947,0.0158497591430774,0.0016606591017387
313.406593406593,3134.06593406593,2.00613078141623e-05,0.0183183018626285,0.0307377492700545,0.199491231716539,0.01662593110232,0.00169237076030855
313.424908424908,3134.24908424908,2.09739476793244e-05,0.0191516479583455,0.0307978489286016,0.199881284833441,0.0174242710597493,0.0017273768985962
313.443223443223,3134.43223443223,2.19130987484851e-05,0.0200092018595598,0.0308606632006684,0.200288956078133,0.0182432291450028,0.00176597271455705
313.461538461538,3134.61538461538,2.28771855100573e-05,0.0208895249413769,0.0309262676529882,0.20071473588668,0.019081054411805,0.00180847052957189
313.479853479853,3134.79853479854,2.3864432084326e-05,0.0217909956195513,0.0309947329399843,0.201159082813733,0.0199357960188672,0.0018551996006841
313.498168498169,3134.98168498169,2.48728651605726e-05,0.0227118120324226,0.0310661242191674,0.201622419738403,0.0208053062802924,0.00190650575213026
313.516483516484,3135.16483516484,2.59003188406519e-05,0.0236499964636627,0.0311405005778916,0.202105130143844,0.0216872456555923,0.00196275080807038
313.534798534799,3135.34798534799,2.69444414239339e-05,0.024603401537715,0.0312179144771262,0.202607554507274,0.0225790897288701,0.00202431180884495
313.553113553114,3135.53113553114,2.80027041446426e-05,0.0255697181979989,0.0312984112179715,0.203129986837609,0.0234781382041954,0.00209157999380355
313.571428571429,3135.71428571429,2.90724118473122e-05,0.0265464854548398,0.0313820284366447,0.203672671397863,0.0243815259201152,0.00216495953472454
313.589743589744,3135.89743589744,3.01507155601059e-05,0.0275311018663682,0.031468795633578,0.204235799648951,0.0252862358611104,0.00224486600525784
313.608058608059,3136.08058608059,3.12346268989341e-05,0.0285208386911511,0.0315587337421196,0.204819507450507,0.0261891141175294,0.00233172457362169
313.626373626374,3136.26373626374,3.23210342084988e-05,0.0295128546268382,0.0316518547420891,0.205423872552824,0.0270868867189281,0.00242596790791005
313.644688644689,3136.44688644689,3.3406720319973e-05,0.0305042120249839,0.0317481613231239,0.206048912411932,0.0279761782390928,0.00252803378589106
313.663003663004,3136.63003663004,3.4488381779049e-05,0.0314918944484866,0.0318476466023662,0.206694582357358,0.0288535320443367,0.00263836240414988
313.681318681319,3136.81318681319,3.55626493739622e-05,0.0324728254160563,0.0319502939005673,0.207360774139021,0.0297154320312457,0.00275739338481059
313.699633699634,3136.99633699634,3.66261097702962e-05,0.0334438881573021,0.0320560765801607,0.208047314876306,0.0305583256755894,0.00288556248171271
313.717948717949,3137.17948717949,3.76753280385876e-05,0.0344019461830495,0.032164957948247,0.208753966428431,0.0313786481910449,0.00302329799200451
313.736263736264,3137.36263736264,3.87068708433544e-05,0.0353438644596137,0.0322768912267865,0.209480425200989,0.0321728475760279,0.00317101688358576
313.754578754579,3137.54578754579,3.97173300469287e-05,0.0362665309618383,0.0323918195915875,0.210226322398987,0.0329374103084328,0.00332912065340558
313.772893772894,3137.72893772894,4.07033464700398e-05,0.0371668783692645,0.0325096762809355,0.210991224731865,0.0336688874326676,0.00349799093659695
313.791208791209,3137.91208791209,4.16616335436032e-05,0.0380419056629585,0.0326303847739419,0.211774635570991,0.0343639207714213,0.0036779848915372
313.809523809524,3138.09523809524,4.25890005819024e-05,0.0388886993766278,0.0327538590378967,0.212575996555012,0.0350192689855851,0.00386943039104268
313.827838827839,3138.27838827839,4.34823754077116e-05,0.0397044542559828,0.0328800038431209,0.213394689633276,0.0356318332007739,0.0040726210552089
313.846153846154,3138.46153846154,4.43388260645065e-05,0.0404864930845053,0.0330087151430249,0.214230039532454,0.0361986819179333,0.00428781116657196
313.864468864469,3138.64468864469,4.51555813592134e-05,0.0412322854413614,0.033139880516311,0.215081316626477,0.0367170749281078,0.00451521051325367
313.882783882784,3138.82783882784,4.59300499918741e-05,0.0419394651690061,0.0332733796675239,0.215947740185163,0.0371844859583808,0.00475497921062536
313.901098901099,3139.01098901099,4.66598380454632e-05,0.0426058463434153,0.0334090849814568,0.216828481972374,0.0375986237869675,0.00500722255644779
313.919413919414,3139.19413919414,4.73427646295454e-05,0.0432294375585603,0.0335468621262865,0.217722670160422,0.0379574515800843,0.00527198597847605
313.937728937729,3139.37728937729,4.79768754954951e-05,0.0438084543586833,0.0336865706997353,0.21862939352373,0.0382592042216543,0.00554925013702903
313.956043956044,3139.56043956044,4.85604544682873e-05,0.0443413296768489,0.0338280649120622,0.219547705871516,0.038502403428989,0.00583892624785988
313.974358974359,3139.74358974359,4.90920325696284e-05,0.0448267221654211,0.0339711942992728,0.220476630676603,0.0386858704726387,0.00614085169278242
313.992673992674,3139.92673992674,4.9570394739313e-05,0.045263522333442,0.0341158044596165,0.221415165855358,0.0388087363466072,0.0064547859868348
314.010989010989,3140.10989010989,4.9994584095256e-05,0.0456508564365353,0.0342617378062118,0.222362288652314,0.0388704492654207,0.00678040717111458
314.029304029304,3140.29304029304,5.03639037073508e-05,0.045988088096645,0.0344088343285199,0.223316960582215,0.0388707793968057,0.00711730869983933
314.047619047619,3140.47619047619,5.06779158955264e-05,0.0462748176610798,0.0345569323553626,0.224278132382078,0.0388098207724925,0.00746499688858727
314.065934065934,3140.65934065934,5.09364390972746e-05,0.0465108793422018,0.0347058693122644,0.225244748926426,0.0386879903542432,0.00782288898795857
314.084249084249,3140.84249084249,5.11395423839964e-05,0.0466963362102148,0.0348554824660808,0.226215754060004,0.0385060242671339,0.00819031194308095
314.102564102564,3141.02564102564,5.1287537738254e-05,0.0468314731413996,0.0350056096501577,0.227190095304137,0.0382649712469243,0.00856650189447527
314.120879120879,3141.20879120879,5.13809702346301e-05,0.0469167878520979,0.0351560899636428,0.22816672839534,0.0379661833823422,0.00895060446975573
314.139194139194,3141.39194139194,5.1420606295005e-05,0.046952980174419,0.0353067644390305,0.22914462161775,0.0376113042658742,0.00934167590854487
314.157509157509,3141.57509157509,5.14074202141108e-05,0.0469409397525063,0.0354574766725635,0.230122759894502,0.0372022546976344,0.00973868505487183
314.175824175824,3141.75824175824,5.1342579172632e-05,0.0468817323577591,0.0356080734127218,0.231100148607082,0.036741216115528,0.0101405162422311
314.194139194139,3141.94139194139,5.12274269727925e-05,0.0467765850375373,0.0357584051026976,0.232075817116049,0.0362306119509708,0.0105459730865665
314.212454212454,3142.12454212454,5.10634667447634e-05,0.0466268703241035,0.0359083263734653,0.233048821961107,0.0356730871323009,0.0109537831918026
314.230769230769,3142.30769230769,5.08523428813823e-05,0.0464340897389271,0.0360576964848014,0.234018249723377,0.0350714859776572,0.0113626037612699
314.249084249084,3142.49084249084,5.05958224631419e-05,0.0461998568315422,0.0362063797123754,0.234983219537652,0.0344288287348763,0.0117710280966659
314.267399267399,3142.67399267399,5.02957764354535e-05,0.0459258799922057,0.0363542456798036,0.235942885247461,0.0337482870379933,0.0121775929542124
314.285714285714,3142.85714285714,4.9954160795837e-05,0.0456139452736192,0.0365011696353228,0.236896437200718,0.033033158558035,0.0125807867155842
314.304029304029,3143.04029304029,4.95729980399811e-05,0.0452658994490279,0.0366470326734891,0.237843103688562,0.0322868411298605,0.0129790583191674
314.322344322344,3143.22344322344,4.91543591027178e-05,0.0448836335222359,0.0367917219030189,0.238782152034667,0.0315128066367032,0.0133708268855327
314.340659340659,3143.40659340659,4.87003460135441e-05,0.0444690668900846,0.0369351305625615,0.239712889346616,0.0307145749303402,0.0137544919597445
314.358974358974,3143.58974358974,4.82130754663397e-05,0.0440241323396981,0.0370771580868101,0.240634662944971,0.0298956880570907,0.0141284442826074
314.377289377289,3143.77289377289,4.76946634802685e-05,0.043550762042107,0.0372177101259105,0.241546860489237,0.0290596850487691,0.0144910769933379
314.395604395604,3143.95604395604,4.71472113034167e-05,0.0430508746806338,0.0373566985216136,0.242448909823088,0.0282100775231346,0.0148407971574992
314.413919413919,3144.13919413919,4.65727926838319e-05,0.0425263638278747,0.0374940412440202,0.243340278563833,0.0273503263211604,0.0151760375067142
314.432234432234,3144.32234432234,4.59734426041335e-05,0.041979087659092,0.0376296622930933,0.244220473463225,0.0264838193883373,0.0154952682707547
314.450549450549,3144.50549450549,4.53511475467347e-05,0.0414108600632318,0.0377634915693535,0.245089039568255,0.0256138510850907,0.0157970089781411
314.468864468864,3144.68864468864,4.47078373275895e-05,0.0408234431861876,0.0378954647183223,0.245945559211576,0.0247436030875539,0.0160798400986338
314.48717948718,3144.87179487179,4.40453785074624e-05,0.0402185414145254,0.0380255229533532,0.246789650861659,0.0238761270145707,0.0163424143999548
314.505494505494,3145.05494505494,4.33655693617932e-05,0.0395977967823857,0.0381536128614678,0.247620967862645,0.0230143288905649,0.0165834678918208
314.52380952381,3145.2380952381,4.26701363640762e-05,0.0389627857604014,0.0382796861967234,0.248439197093283,0.0221609555274731,0.0168018302329283
314.542124542125,3145.42124542125,4.19607321131977e-05,0.0383150173631163,0.0384036996654662,0.249244057573195,0.0213185828821779,0.0169964344809384
314.56043956044,3145.6043956044,4.12389346130886e-05,0.0376559324912239,0.0385256147075869,0.250035299043212,0.0204896064196237,0.0171663260716001
314.578754578755,3145.78754578755,4.05062477938097e-05,0.0369869044073796,0.0386453972775958,0.250812700544516,0.0196762334863323,0.0173106709210473
314.59706959707,3145.9706959707,3.97641031469638e-05,0.0363092402295208,0.0387630176289816,0.251576069019115,0.0188804776747224,0.0174287625547984
314.615384615385,3146.15384615385,3.9013862335069e-05,0.035624183313528,0.0388784501049261,0.252325237951555,0.0181041551356685,0.0175200281778595
314.6336996337,3146.336996337,3.82568206249484e-05,0.0349329163883079,0.0389916729380145,0.253060066069021,0.0173488827756625,0.0175840336126454
314.652014652015,3146.52014652015,3.74942109888585e-05,0.0342365653005995,0.0391026680611335,0.253780436114042,0.0166160782557463,0.0176204870448533
314.67032967033,3146.7032967033,3.67272087139798e-05,0.033536203223974,0.0392114209312795,0.254486253700994,0.0159069616922741,0.0176292415316999
314.688644688645,3146.88644688645,3.59569363614807e-05,0.0328328551870352,0.0393179203675337,0.255177446264536,0.0152225589449955,0.0176102962420397
314.70695970696,3147.0695970696,3.51844689197545e-05,0.0321275027789233,0.0394221584039954,0.255853962105132,0.0145637063655195,0.0175637964134039
314.725274725275,3147.25274725275,3.44108390029084e-05,0.0314210888961383,0.0395241301580168,0.256515769533884,0.0139310568693993,0.017490032026739
314.74358974359,3147.4358974359,3.36370419547731e-05,0.0307145224030931,0.0396238337136582,0.25716285611614,0.0133250871877091,0.017389435215384
314.761904761905,3147.61904761905,3.28640407302293e-05,0.0300086825893309,0.0397212700198862,0.257795228010795,0.012746106148984,0.0172625764403469
314.78021978022,3147.8021978022,3.20927704390649e-05,0.0293044233185942,0.0398164428026823,0.258412909399861,0.0121942638397186,0.0171101594788756
314.798534798535,3147.98534798535,3.13241424527717e-05,0.0286025767788066,0.0399093584899104,0.259015942000852,0.0116695614912535,0.0169330152875531
314.81684981685,3148.1684981685,3.05590479911713e-05,0.0279039567570786,0.0400000261475265,0.259604384652777,0.0111718619426006,0.016732094814478
314.835164835165,3148.35164835165,2.97983611229052e-05,0.0272093613795032,0.0400884574254931,0.260178312965122,0.0107009005323307,0.0165084608471725
314.85347985348,3148.5347985348,2.90429411313925e-05,0.0265195752715494,0.0401746665115923,0.260737819018086,0.0102562962779315,0.0162632789936179
314.871794871795,3148.71794871795,2.82936342157899e-05,0.0258353711112367,0.0402586700912186,0.261283011101638,0.00983756320810037,0.0159978079031363
314.89010989011,3148.9010989011,2.75512745136942e-05,0.0251575105629807,0.0403404873111665,0.261814013480492,0.00944412172147321,0.0157133888415075
314.908424908425,3149.08424908425,2.6816684449033e-05,0.0244867445952579,0.0404201397454151,0.262330966172047,0.00907530985463376,0.0154114347406241
314.92673992674,3149.2673992674,2.60906744243311e-05,0.0238238131996091,0.0404976513609476,0.262834024724547,0.00873039435243897,0.0150934188471701
314.945054945055,3149.45054945055,2.53740418908969e-05,0.0231694445416115,0.0405730484817191,0.263323359983236,0.00840858144442408,0.0147608630971875
314.96336996337,3149.6336996337,2.4667569843438e-05,0.0225243535862888,0.040646359749008,0.263799157833029,0.00810902724239586,0.014415326343893
314.981684981685,3149.81684981685,2.39720247967994e-05,0.0218892402506374,0.0407176160765396,0.26426161890726,0.00783084768570364,0.0140583925649338
315,3150,2.32881543118056e-05,0.0212647871444339,0.0407868505989522,0.264710958253224,0.00757312797215724,0.0136916591722766
315.018315018315,3150.18315018315,2.26166841446971e-05,0.0206516569673395,0.0408540986123916,0.265147404946625,0.00733493142404475,0.0133167255432947
315.03663003663,3150.3663003663,2.19583151000779e-05,0.020050489635276,0.0409193975062402,0.265571201648496,0.00711530774964319,0.0129351818856328
315.054945054945,3150.54945054945,2.13137196706542e-05,0.0194618992121173,0.0409827866852332,0.26598260409972,0.00691330067124353,0.0125485985408738
315.07326007326,3150.7326007326,2.06835385485398e-05,0.0188864707241065,0.0410443074814621,0.266381880549927,0.0067279549007994,0.0121585158233071
315.091575091575,3150.91575091575,2.00683770926307e-05,0.018324756934159,0.0411040030560112,0.2667693111191,0.00655832245370198,0.011766434480457
315.10989010989,3151.0989010989,1.94688018343668e-05,0.0177772751512172,0.0411619182902243,0.267145187091893,0.00640346829981672,0.0113738068514005
315.128205128205,3151.28205128205,1.88853371002909e-05,0.0172445041462554,0.0412180996668326,0.267509810146127,0.006262475358675,0.0109820287875804
315.14652014652,3151.4652014652,1.83184618249024e-05,0.0167268812420449,0.0412725951413977,0.26786349151845,0.00613444885284897,0.0105924323891959
315.164835164835,3151.64835164835,1.77686066207981e-05,0.0162247996378531,0.041325454004734,0.268206551111443,0.00601852003959255,0.0102062795982605
315.18315018315,3151.8315018315,1.72361511655666e-05,0.0157386060233746,0.0413767267371579,0.268539316547677,0.00591384934605873,0.00982475667731586
315.201465201465,3152.01465201465,1.67214219566721e-05,0.0152685985286795,0.0414264648555747,0.268862122177298,0.00581962893780427,0.00944896959087522
315.21978021978,3152.1978021978,1.62246904768122e-05,0.0148150250489725,0.0414747207545534,0.269175308046578,0.00573508475385333,0.00907994029511912
315.238095238095,3152.38095238095,1.5746171802879e-05,0.0143780819744125,0.0415215475426484,0.269479218835631,0.00565947804429309,0.00871860393011944
315.25641025641,3152.5641025641,1.52860236823707e-05,0.0139579133467699,0.041566998875312,0.269774202773998,0.00559210644839388,0.00836580689837606
315.274725274725,3152.74725274725,1.48443460915775e-05,0.0135546104559984,0.0416111287857977,0.270060610543188,0.0055323046523779,0.00802230580362055
315.29304029304,3152.9304029304,1.44211812808581e-05,0.0131682118815781,0.0416539915154819,0.270338794175447,0.00547944466663406,0.00768876721494406
315.311355311355,3153.11355311355,1.40165143036526e-05,0.0127987039755653,0.0416956413450331,0.270609105958036,0.00543293576224477,0.00736576821332055
315.32967032967,3153.2967032967,1.36302740174866e-05,0.0124460217766261,0.0417361324278388,0.270871897352145,0.00539222410599864,0.00705379767062746
315.347985347985,3153.47985347985,1.32623345377785e-05,0.01211005033753,0.0417755186270493,0.271127517935295,0.00535679213215719,0.00675325820537285
315.3663003663,3153.663003663,1.29125171186739e-05,0.0117906264425714,0.0418138533575348,0.271376314375623,0.00532615768795825,0.00646446875461318
315.384615384615,3153.84615384615,1.25805924289901e-05,0.0114875406857697,0.0418511894339647,0.271618629445898,0.00529987298793997,0.00618766769782977
315.40293040293,3154.0293040293,1.22662831865338e-05,0.0112005398763079,0.0418875789261186,0.271854801084476,0.0052775234103376,0.00592301646597026
315.421245421245,3154.21245421245,1.19692671100559e-05,0.0109293297340092,0.0419230730224199,0.27208516150962,0.00525872616661785,0.00567060356739134
315.43956043956,3154.3956043956,1.16891801449629e-05,0.0106735778347866,0.0419577219025649,0.272310036392845,0.00524312887283144,0.0054304489619552
315.457875457875,3154.57875457875,1.14256199168452e-05,0.0104329167641143,0.0419915746199802,0.27252974409606,0.00523040804911658,0.00520250871499772
315.47619047619,3154.7619047619,1.11781493656987e-05,0.010206947435494,0.0420246789947097,0.272744594976389,0.00522026757118746,0.00498667986430654
315.494505494506,3154.94505494506,1.09463005134815e-05,0.00999524253067115,0.0420570815171906,0.272954890761668,0.00521243709522772,0.00478280543544343
315.51282051282,3155.12820512821,1.0729578317994e-05,0.00979735001867507,0.0420888272632393,0.273160923998694,0.00520667047507731,0.00459067954359776
315.531135531136,3155.31135531136,1.05274645675967e-05,0.0096127967121477,0.042119959820432,0.273362977575431,0.00520274418834814,0.00441005252379957
315.549450549451,3155.49450549451,1.03394217730942e-05,0.00944109182108591,0.0421505212259337,0.273561324317509,0.00520045578579794,0.00424063603528797
315.567765567766,3155.67765567766,1.01648970155771e-05,0.00928173046636686,0.0421805519157045,0.27375622665857,0.00519962237603739,0.00408210809032947
315.586080586081,3155.86080586081,1.00033257122269e-05,0.00913419711836559,0.0422100906848948,0.273947936383228,0.00520007915573249,0.0039341179626331
315.604395604396,3156.04395604396,9.85413526542794e-06,0.00899796892901721,0.042239174659136,0.274136694440742,0.0052016779935196,0.0037962909354976
315.622710622711,3156.22710622711,9.71674856418411e-06,0.00887251892901678,0.042267839276334,0.274322730826857,0.00520428607406811,0.00366823285494866
315.641025641026,3156.41025641026,9.59058731105091e-06,0.00875731906569431,0.0422961182784915,0.274506264530726,0.0052077846072825,0.00354953445841181
315.659340659341,3156.59340659341,9.47507515151127e-06,0.008651843060498,0.0423240437130094,0.274687503543356,0.00521206760598151,0.00343977545451649
315.677655677656,3156.77655677656,9.36964058713477e-06,0.00855556906904665,0.0423516459428565,0.274866644923617,0.00521704073429218,0.00333852833475447
315.695970695971,3156.95970695971,9.27371965789357e-06,0.00846798213039535,0.0423789536649506,0.275043874917526,0.00522262022789106,0.00324536190250429
315.714285714286,3157.14285714286,9.18675838292291e-06,0.00838857639573297,0.0424059939360522,0.275219369126312,0.0052287318861224,0.00315984450961057
315.732600732601,3157.32600732601,9.10821495282395e-06,0.00831685713020915,0.0424327922054535,0.275393292718562,0.00523531013523949,0.00308154699496966
315.750915750916,3157.50915750916,9.03756167040738e-06,0.00825234248505832,0.0424593723537221,0.275565800681678,0.00524229716141068,0.00301004532364765
315.769230769231,3157.69230769231,8.97428663995588e-06,0.00819456504009237,0.0424857567367636,0.27573703810784,0.00524964211141803,0.00294492292867434
315.787545787546,3157.87545787546,8.91789520820658e-06,0.00814307311948488,0.0425119662344654,0.275907140509719,0.00525730035858911,0.00288577276089577
315.805860805861,3158.05860805861,8.86791116306837e-06,0.00809743188633902,0.0425380203032015,0.276076234161233,0.00526523283113311,0.00283219905520591
315.824175824176,3158.24175824176,8.82387769843713e-06,0.00805722422367592,0.0425639370314987,0.276244436458826,0.00527340539972248,0.00278381882395344
315.842490842491,3158.42490842491,8.78535815560749e-06,0.00802205141142957,0.0425897331981923,0.276411856298908,0.00528178832108543,0.00274026309034414
315.860805860806,3158.60805860806,8.75193655355816e-06,0.00799153361065887,0.0426154243324322,0.276578594467298,0.00529035573418405,0.00270117787647482
315.879120879121,3158.79120879121,8.72321792160963e-06,0.00796531016730272,0.0426410247749415,0.276744744036799,0.00529908520540636,0.00266622496189636
315.897435897436,3158.97435897436,8.69882844934783e-06,0.00794303974907772,0.0426665477399665,0.276910390769264,0.0053079573194625,0.00263508242961523
315.915750915751,3159.15750915751,8.67841546917389e-06,0.00792440032954406,0.0426920053774076,0.277075613518825,0.0053169553124563,0.00260744501708776
315.934065934066,3159.34065934066,8.66164728742143e-06,0.00790908903389602,0.0427174088346618,0.277240484633264,0.00532606474376813,0.0025830242901279
315.952380952381,3159.52380952381,8.64821288029595e-06,0.00789682186131935,0.0427427683177562,0.277405070350772,0.00533527320361269,0.00256154865770666
315.970695970696,3159.70695970696,8.63782147068359e-06,0.00788733329856857,0.042768093151403,0.277569431189714,0.00534457005309319,0.00254276324547537
315.989010989011,3159.89010989011,8.63020200167702e-06,0.007880375839235,0.0427933918376465,0.277733622329254,0.00535394619379652,0.00252642964543849
316.007326007326,3160.07326007326,8.62510252228187e-06,0.00787571942282546,0.0428186721128265,0.277897693979051,0.00536339386421859,0.00251232555860687
316.025641025641,3160.25641025641,8.62228950007624e-06,0.00787315080714067,0.0428439410026193,0.278061691736485,0.00537290646035449,0.00250024434678617
316.043956043956,3160.43956043956,8.62154707487546e-06,0.00787247288678451,0.0428692048749668,0.278225656930171,0.00538247837802079,0.00248999450876372
316.062271062271,3160.62271062271,8.62267626653292e-06,0.00787350396979434,0.0428944694907391,0.278389626948762,0.00539210487462571,0.00248139909516863
316.080586080586,3160.80586080586,8.62549414932633e-06,0.00787607702375978,0.0429197400520155,0.278553635554302,0.0054017819484244,0.00247429507533538
316.098901098901,3160.98901098901,8.62983300401344e-06,0.00788003890155124,0.0429450212479037,0.278717713179592,0.00541150623319849,0.00246853266835275
316.117216117216,3161.17216117216,8.63553945780045e-06,0.00788524955601125,0.0429703172978475,0.278881887209269,0.00542127490665554,0.00246397464935571
316.135531135531,3161.35531135531,8.64247362156931e-06,0.00789158125214291,0.0429956319924019,0.279046182244433,0.00543108561105274,0.00246049564109017
316.153846153846,3161.53846153846,8.6505082324137e-06,0.00789891778414569,0.0430209687314812,0.279210620350886,0.00544093638451418,0.00245798139963152
316.172161172161,3161.72161172161,8.65952780850435e-06,0.00790715370370947,0.0430463305601056,0.279375221291131,0.00545082560171278,0.00245632810199668
316.190476190476,3161.90476190476,8.66942782260328e-06,0.00791619356533705,0.0430717202016938,0.279540002740442,0.00546075192288327,0.00245544164245378
316.208791208791,3162.08791208791,8.68011389927554e-06,0.00792595119330543,0.0430971400889644,0.279704980487419,0.00547071425000578,0.00245523694329965
316.227106227106,3162.27106227106,8.69150104013173e-06,0.00793634897422222,0.043122592392521,0.279870168619507,0.00548071168931452,0.0024556372849077
316.245421245421,3162.45421245421,8.7035128804605e-06,0.00794731717824493,0.0431480790472115,0.280035579694075,0.00549074351923682,0.00245657365900811
316.263736263736,3162.63736263736,8.71608097992098e-06,0.00795879331140082,0.0431736017763566,0.280201224895654,0.00550080916304795,0.00245798414835287
316.282051282051,3162.82051282051,8.72914414931082e-06,0.00797072150084801,0.04319916211395,0.280367114180025,0.00551090816567151,0.00245981333517649
316.300366300366,3163.00366300366,8.74264781462786e-06,0.00798305191418999,0.043224761424941,0.280533256405854,0.00552104017398443,0.00246201174020556
316.318681318681,3163.18681318681,8.75654341910242e-06,0.00799574021346174,0.0432504009237082,0.280699659454585,0.00553120492011524,0.00246453529334651
316.336996336996,3163.36996336996,8.77078786353933e-06,0.008008747044097,0.0432760816908363,0.280866330339326,0.00554140220739278,0.00246734483670422
316.355311355311,3163.55311355311,8.78534298460514e-06,0.00802203755854404,0.0433018046883101,0.281033275303462,0.00555163189847279,0.00247040566007125
316.373626373626,3163.73626373626,8.80017507054573e-06,0.00803558097405958,0.0433275707732345,0.281200499909692,0.00556189390538585,0.00247368706867372
316.391941391941,3163.91941391941,8.81525441336946e-06,0.00804935016380004,0.0433533807101901,0.281368009120225,0.00557218818118216,0.00247716198261788
316.410256410256,3164.10256410256,8.83055489633172e-06,0.00806332128014715,0.0433792351823289,0.281535807368791,0.00558251471294634,0.00248080656720081
316.428571428571,3164.28571428571,8.8460536152863e-06,0.00807747340895769,0.0434051348013134,0.281703898625141,0.00559287351596443,0.00248459989299326
316.446886446886,3164.46886446886,8.86173053239415e-06,0.00809178825335952,0.0434310801161931,0.281872286452668,0.00560326462886694,0.00248852362449258
316.465201465201,3164.65201465201,8.87756816053417e-06,0.00810624984558195,0.0434570716213149,0.282040974059732,0.00561368810961217,0.00249256173596977
316.483516483516,3164.83516483516,8.89355127658448e-06,0.00812084428514826,0.0434831097633511,0.282209964345285,0.00562414403212988,0.00249670025301838
316.501831501831,3165.01831501831,8.90966666181779e-06,0.0081355595018266,0.0435091949475293,0.282379259939297,0.00563463248354763,0.00250092701827897
316.520146520147,3165.20146520146,8.92590286767683e-06,0.00815038504175575,0.0435353275431402,0.282548863238503,0.00564515356194018,0.00250523147981557
316.538461538462,3165.38461538462,8.94225000497708e-06,0.00816531187496273,0.0435615078883954,0.282718776437932,0.00565570737443588,0.00250960450052685
316.556776556777,3165.56776556777,8.95869955485131e-06,0.00818033222273326,0.0435877362947003,0.282889001558638,0.00566629403567519,0.00251403818705807
316.575091575092,3165.75091575092,8.97524419970134e-06,0.00819543940325112,0.0436140130504046,0.283059540472041,0.00567691366654997,0.00251852573670114
316.593406593407,3165.93406593407,8.99187767247317e-06,0.00821062769396879,0.0436403384240852,0.283230394921233,0.0056875663931771,0.00252306130079168
316.611721611722,3166.11721611722,9.00859462263792e-06,0.00822589220923255,0.0436667126674135,0.283401566539589,0.00569825234605015,0.00252763986318241
316.630036630037,3166.30036630037,9.02539049740559e-06,0.00824122879181686,0.0436931360176541,0.283573056866979,0.00570897165935603,0.00253225713246083
316.648351648352,3166.48351648352,9.04226143671346e-06,0.00825663391703654,0.043719608699836,0.283744867363867,0.00571972447041853,0.00253690944661801
316.666666666667,3166.66666666667,9.05920418065779e-06,0.0082721046082212,0.0437461309286367,0.283916999423532,0.00573051091925736,0.00254159368896385
316.684981684982,3166.84981684982,9.07621598811153e-06,0.0082876383624038,0.0437727029100112,0.284089454382644,0.00574133114822871,0.00254630721417509
316.703296703297,3167.03296703297,9.09329456534341e-06,0.00830323308514151,0.0437993248425991,0.284262233530394,0.00575218530171202,0.0025510477834295
316.721611721612,3167.21611721612,9.11043800361601e-06,0.00831888703353561,0.0438259969189364,0.284435338116362,0.00576307352587771,0.00255581350765789
316.739926739927,3167.39926739927,9.12764472480833e-06,0.00833459876657847,0.0438527193264974,0.284608769357274,0.00577399596853502,0.00256060279804345
316.758241758242,3167.58241758242,9.14491343403054e-06,0.00835036710188546,0.0438794922485871,0.284782528442802,0.00578495277894354,0.00256541432294192
316.776556776557,3167.76556776557,9.16224307854653e-06,0.00836619107818634,0.0439063158651066,0.28495661654052,0.00579594410770111,0.00257024697048523
316.794871794872,3167.94871794872,9.17963281225294e-06,0.00838206992289057,0.043933190353205,0.285131034800146,0.0058069701066697,0.00257509981622087
316.813186813187,3168.13186813187,9.19708196497037e-06,0.00839800302404658,0.0439601158878361,0.285305784357148,0.00581803092888438,0.0025799720951622
316.831501831502,3168.31501831502,9.21459001601463e-06,0.0084139899062093,0.0439870926422316,0.285480866335818,0.0058291267284956,0.0025848631777137
316.849816849817,3168.49816849817,9.23215657151346e-06,0.00843003020972764,0.0440141207883026,0.285656281851878,0.00584025766073824,0.00258977254898941
316.868131868132,3168.68131868132,9.2497813449382e-06,0.00844612367296771,0.0440412004969797,0.285832032014684,0.00585142388188453,0.00259469979108318
316.886446886447,3168.86446886447,9.26746414048138e-06,0.00846227011713454,0.0440683319385011,0.286008117929102,0.00586262554922484,0.0025996445679097
316.904761904762,3169.04761904762,9.28520483887753e-06,0.00847846943332495,0.0440955152826554,0.286184540697076,0.00587386282104127,0.00260460661228368
316.923076923077,3169.23076923077,9.30300338536099e-06,0.0084947215715315,0.0441227506989866,0.286361301418965,0.0058851358566098,0.00260958571492171
316.941391941392,3169.41391941392,9.32085977940008e-06,0.00851102653126873,0.0441500383569661,0.286538401194657,0.00589644481617416,0.00261458171509457
316.959706959707,3169.59706959707,9.33877406604137e-06,0.00852738435366938,0.0441773784261381,0.28671584112451,0.00590778986094188,0.00261959449272751
316.978021978022,3169.78021978022,9.35674632862706e-06,0.00854379511483455,0.0442047710762411,0.286893622310146,0.00591917115310315,0.0026246239617314
316.996336996337,3169.96336996337,9.3747766825876e-06,0.00856025892016563,0.0442322164773098,0.287071745855109,0.00593058885581183,0.00262967006435379
317.014652014652,3170.14652014652,9.39286527025399e-06,0.00857677589962733,0.0442597147997614,0.287250212865423,0.00594204313317425,0.00263473276645309
317.032967032967,3170.32967032967,9.41101225655256e-06,0.00859334620381656,0.0442872662144665,0.287429024450057,0.00595353415028219,0.00263981205353437
317.051282051282,3170.51282051282,9.42921782533438e-06,0.00860997000061064,0.0443148708928101,0.287608181721317,0.00596506207319617,0.00264490792741447
317.069597069597,3170.69597069597,9.44748217635027e-06,0.00862664747240527,0.0443425290067418,0.287787685795174,0.0059766270689547,0.00265002040345057
317.087912087912,3170.87912087912,9.46580552274135e-06,0.00864337881382302,0.044370240728818,0.287967537791539,0.00598822930559024,0.00265514950823277
317.106227106227,3171.06227106227,9.48418808892117e-06,0.0086601642297795,0.0443980062322383,0.288147738834494,0.00599986895212564,0.00266029527765386
317.124542124542,3171.24542124542,9.50263010881962e-06,0.00867700393387984,0.0444258256908752,0.28832829005249,0.00601154617856693,0.00266545775531292
317.142857142857,3171.42857142857,9.52113182448596e-06,0.00869389814714311,0.0444536992792998,0.288509192578512,0.0060232611559355,0.00267063699120761
317.161172161172,3171.61172161172,9.53969348489769e-06,0.00871084709691465,0.0444816271728036,0.28869044755022,0.00603501405627296,0.00267583304064169
317.179487179487,3171.79487179487,9.5583153449579e-06,0.00872785101595056,0.0445096095474173,0.288872056110073,0.00604680505262594,0.00268104596332462
317.197802197802,3171.97802197802,9.57699766471577e-06,0.00874491014170593,0.0445376465799267,0.289054019405428,0.00605863431907158,0.00268627582263435
317.216117216117,3172.16117216117,9.59574070872429e-06,0.00876202471574831,0.0445657384478868,0.289236338588636,0.00607050203072949,0.00269152268501882
317.234432234432,3172.34432234432,9.61454474547715e-06,0.00877919498324362,0.0445938853296342,0.289419014817121,0.00608240836374285,0.00269678661950078
317.252747252747,3172.52747252747,9.63341004701023e-06,0.00879642119259218,0.0446220874042975,0.289602049253446,0.00609435349531697,0.0027020676972752
317.271062271062,3172.71062271062,9.65233688853039e-06,0.00881370359508976,0.0446503448518077,0.289785443065382,0.00610633760371121,0.00270736599137855
317.289377289377,3172.89377289377,9.67132554813724e-06,0.00883104244467361,0.0446786578529067,0.289969197425964,0.00611836086824598,0.00271268157642763
317.307692307692,3173.07692307692,9.69037630658871e-06,0.00884843799770828,0.0447070265891555,0.29015331351354,0.00613042346930454,0.00271801452840374
317.326007326007,3173.26007326007,9.70948944714498e-06,0.00886589051284318,0.0447354512429413,0.290337792511825,0.00614252558835928,0.00272336492448389
317.344322344322,3173.44322344322,9.72866525539455e-06,0.00888340025085375,0.0447639319974854,0.290522635609941,0.00615466740796477,0.00272873284288898
317.362637362637,3173.62637362637,9.74790401914289e-06,0.0089009674745398,0.0447924690368489,0.290707844002467,0.00616684911175873,0.00273411836278107
317.380952380952,3173.80952380952,9.76720602835131e-06,0.00891859244866962,0.0448210625459397,0.290893418889474,0.00617907088449163,0.00273952156417799
317.399267399267,3173.99267399267,9.78657157503735e-06,0.00893627543988913,0.0448497127105186,0.291079361476567,0.0061913329120163,0.00274494252787283
317.417582417582,3174.17582417582,9.80600095320801e-06,0.00895401671666082,0.0448784197172048,0.291265672974928,0.00620363538128118,0.00275038133537965
317.435897435897,3174.35897435897,9.82549445887657e-06,0.00897181654927919,0.0449071837534821,0.291452354601344,0.00621597848038174,0.00275583806889745
317.454212454212,3174.54212454212,9.84505238999107e-06,0.00898967520980535,0.0449360050077049,0.291639407578255,0.00622836239853732,0.00276131281126803
317.472527472527,3174.72527472527,9.86467504642094e-06,0.00900759297205489,0.0449648836691032,0.291826833133785,0.00624078732610624,0.00276680564594865
317.490842490843,3174.90842490843,9.88436272992945e-06,0.0090255701115727,0.0449938199277887,0.292014632501778,0.00625325345458111,0.00277231665699159
317.509157509157,3175.09157509157,9.90411574419309e-06,0.00904360690565063,0.04502281397476,0.292202806921835,0.00626576097661474,0.00277784592903589
317.527472527473,3175.27472527473,9.92393439478612e-06,0.00906170363331346,0.0450518660019086,0.292391357639352,0.00627831008603044,0.00278339354728303
317.545787545788,3175.45787545788,9.9438189891726e-06,0.00907986057531155,0.0450809762020241,0.292580285905554,0.00629090097781508,0.00278895959749647
317.564102564103,3175.64102564103,9.96376983672457e-06,0.00909807801413746,0.0451101447687999,0.292769592977532,0.00630353384813801,0.00279454416599945
317.582417582418,3175.82417582418,9.98378724872101e-06,0.00911635623402502,0.0451393718968388,0.292959280118279,0.00631620889436361,0.00280014733966141
317.600732600733,3176.00732600733,1.00038715383417e-05,0.00913469552094374,0.0451686577816586,0.293149348596725,0.00632892631504733,0.00280576920589641
317.619047619048,3176.19047619048,1.00240230207087e-05,0.00915309616263659,0.0451980026196975,0.293339799687775,0.00634168630996192,0.00281140985267467
317.637362637363,3176.37362637363,1.00442420128648e-05,0.0091715584486004,0.0452274066083201,0.293530634672346,0.00635448908009236,0.00281706936850804
317.655677655678,3176.55677655678,1.00645288338016e-05,0.00919008267011155,0.045256869945823,0.293721854837404,0.00636733482765315,0.00282274784245839
317.673992673993,3176.73992673993,1.00848838044705e-05,0.00920866912023599,0.04528639283144,0.293913461475998,0.00638022375609926,0.00282844536413673
317.692307692308,3176.92307692308,1.01053072478018e-05,0.00922731809384635,0.0453159754653489,0.294105455887301,0.00639315607013658,0.00283416202370976
317.710622710623,3177.10622710623,1.01257994886988e-05,0.00924602988761723,0.0453456180486762,0.294297839376648,0.00640613197572143,0.00283989791189579
317.728937728938,3177.28937728938,1.01463608540668e-05,0.00926480480005113,0.0453753207835038,0.294490613255569,0.00641915168007555,0.00284565311997557
317.747252747253,3177.47252747253,1.01669916728469e-05,0.00928364313150926,0.0454050838728741,0.294683778841832,0.00643221539171499,0.00285142773979427
317.765567765568,3177.65567765568,1.01876922759957e-05,0.00930254518419348,0.0454349075207967,0.294877337459482,0.00644532332043231,0.00285722186376117
317.783882783883,3177.83882783883,1.02084629965056e-05,0.0093215112621645,0.045464791932254,0.295071290438874,0.00645847567731288,0.00286303558485162
317.802197802198,3178.02197802198,1.02293041694429e-05,0.0093405416713768,0.0454947373132071,0.295265639116718,0.00647167267475371,0.0028688689966231
317.820512820513,3178.20512820513,1.0250216131956e-05,0.00935963671968592,0.045524743870602,0.295460384836117,0.00648491452647449,0.00287472219321143
317.838827838828,3178.38827838828,1.02711992232871e-05,0.00937879671685932,0.0455548118123758,0.295655528946603,0.00649820144752225,0.00288059526933707
317.857142857143,3178.57142857143,1.02922537847746e-05,0.00939802197457857,0.0455849413474629,0.295851072804182,0.00651153365427321,0.00288648832030536
317.875457875458,3178.75457875458,1.03133801598961e-05,0.00941731280647866,0.0456151326858008,0.296047017771371,0.00652491136445861,0.00289240144202005
317.893772893773,3178.93772893773,1.03345786942586e-05,0.00943666952813879,0.0456453860383368,0.296243365217241,0.00653833479715807,0.00289833473098073
317.912087912088,3179.12087912088,1.03558497356212e-05,0.00945609245710346,0.0456757016170341,0.296440116517455,0.00655180417281505,0.00290428828428841
317.930402930403,3179.30402930403,1.03771936339443e-05,0.00947558191292711,0.0457060796348782,0.29663727305431,0.00656531971326888,0.00291026219965823
317.948717948718,3179.48717948718,1.03986107413568e-05,0.00949513821714417,0.0457365203058831,0.296834836216782,0.00657888164172876,0.00291625657541542
317.967032967033,3179.67032967033,1.04201014121747e-05,0.00951476169328636,0.0457670238450983,0.297032807400563,0.00659249018279025,0.0029222715104961
317.985347985348,3179.85347985348,1.04416660029634e-05,0.00953445266693927,0.0457975904686143,0.297231188008104,0.00660614556247397,0.0029283071044653
318.003663003663,3180.03663003663,1.04633048725358e-05,0.00955421146574074,0.0458282203935702,0.29742997944866,0.00661984800822325,0.00293436345751749
318.021978021978,3180.21978021978,1.04850183819395e-05,0.00957403841936895,0.0458589138381598,0.297629183138331,0.00663359774889438,0.00294044067047457
318.040293040293,3180.40293040293,1.05068068944746e-05,0.00959393385955925,0.0458896710216379,0.297828800500106,0.00664739501477221,0.00294653884478705
318.058608058608,3180.58608058608,1.0528670775762e-05,0.00961389812016589,0.0459204921643274,0.298028832963902,0.00666124003760971,0.00295265808255619
318.076923076923,3180.76923076923,1.05506103937274e-05,0.00963393153714767,0.0459513774876263,0.298229281966616,0.00667513305061807,0.0029587984865296
318.095238095238,3180.95238095238,1.05726261186043e-05,0.00965403444857074,0.0459823272140137,0.298430148952161,0.00668907428847262,0.00296496016009812
318.113553113553,3181.13553113553,1.05947183229758e-05,0.00967420719464682,0.0460133415670573,0.298631435371515,0.00670306398734006,0.00297114320730675
318.131868131868,3181.31868131868,1.06168873817835e-05,0.00969445011774088,0.0460444207714199,0.298833142682763,0.00671710238487582,0.00297734773286506
318.150183150183,3181.50183150183,1.06391336723436e-05,0.00971476356238663,0.0460755650528668,0.299035272351145,0.00673118972024135,0.00298357384214528
318.168498168498,3181.68498168498,1.06614575743651e-05,0.00973514787530231,0.0461067746382722,0.299237825849099,0.00674532623411954,0.00298982164118277
318.186813186813,3181.86813186813,1.06838594699787e-05,0.00975560340541762,0.0461380497556266,0.299440804656307,0.00675951216872828,0.00299609123668935
318.205128205128,3182.05128205128,1.07063397437681e-05,0.00977613050390211,0.0461693906340438,0.299644210259743,0.00677374776783834,0.00300238273606377
318.223443223443,3182.23443223443,1.07288987827507e-05,0.00979672952414757,0.0462007975037683,0.299848044153716,0.00678803327676687,0.0030086962473807
318.241758241758,3182.41758241758,1.07515369764161e-05,0.00981740082180314,0.0462322705961822,0.300052307839922,0.00680236894239779,0.00301503187940535
318.260073260073,3182.60073260073,1.07742547167532e-05,0.00983814475480026,0.0462638101438126,0.300257002827486,0.00681675501320294,0.00302138974159732
318.278388278388,3182.78388278388,1.07970523982759e-05,0.00985896168337589,0.0462954163803391,0.300462130633013,0.00683119173925677,0.00302776994411912
318.296703296703,3182.96703296703,1.08199304180338e-05,0.00987985197008234,0.0463270895406009,0.300667692780633,0.00684567937224294,0.0030341725978394
318.315018315018,3183.15018315018,1.08428891756195e-05,0.00990081597979403,0.0463588298606045,0.300873690802056,0.00686021816545607,0.00304059781433796
318.333333333333,3183.33333333333,1.08659290732071e-05,0.00992185407974268,0.0463906375775312,0.30108012623661,0.00687480837383296,0.00304704570590972
318.351648351648,3183.51648351648,1.0889050515575e-05,0.00994296663953777,0.0464225129297445,0.301287000631302,0.00688945025395901,0.00305351638557875
318.369963369963,3183.69963369963,1.09122539101275e-05,0.00996415403118678,0.046454456156798,0.301494315540859,0.00690414406408825,0.00306000996709853
318.388278388278,3183.88278388278,1.09355396669024e-05,0.00998541662910185,0.0464864674994429,0.301702072527781,0.00691889006414518,0.00306652656495666
318.406593406593,3184.06593406593,1.0958908198585e-05,0.0100067548101125,0.0465185471996359,0.301910273162395,0.00693368851572921,0.00307306629438324
318.424908424908,3184.24908424908,1.09823599205793e-05,0.0100281689535307,0.046550695500547,0.302118919022897,0.00694853968216584,0.00307962927136481
318.443223443223,3184.43223443223,1.10058952509656e-05,0.0100496594411124,0.0465829126465674,0.302328011695413,0.0069634438284817,0.00308621561263072
318.461538461538,3184.61538461538,1.10295146105428e-05,0.0100712266570957,0.0466151988833175,0.302537552774045,0.00697840122141858,0.00309282543567715
318.479853479853,3184.79853479854,1.10532184228865e-05,0.0100928709882545,0.0466475544576545,0.302747543860922,0.00699341212947974,0.00309945885877476
318.498168498169,3184.98168498169,1.10770071143318e-05,0.010114592823882,0.0466799796176814,0.302957986566259,0.00700847682292076,0.00310611600096123
318.516483516484,3185.16483516484,1.11008811139982e-05,0.0101363925558142,0.0467124746127541,0.303168882508403,0.00702359557375835,0.00311279698205585
318.534798534799,3185.34798534799,1.11248408538181e-05,0.0101582705784554,0.0467450396934904,0.303380233313888,0.00703876865578898,0.00311950192266645
318.553113553114,3185.53113553114,1.11488867685499e-05,0.0101802272887906,0.0467776751117779,0.303592040617493,0.00705399634460062,0.00312623094418996
318.571428571429,3185.71428571429,1.11730192958374e-05,0.0102022630864393,0.0468103811207823,0.303804306062288,0.00706927891760928,0.00313298416883
318.589743589744,3185.89743589744,1.11972388761867e-05,0.0102243783736346,0.0468431579749562,0.304017031299699,0.00708461665404292,0.00313976171959171
318.608058608059,3186.08058608059,1.12215459529969e-05,0.0102465735552515,0.0468760059300469,0.304230217989552,0.007100009834963,0.00314656372028852
318.626373626374,3186.26373626374,1.12459409726037e-05,0.0102688490388461,0.0469089252431058,0.304443867800137,0.00711545874329022,0.00315339029555593
318.644688644689,3186.44688644689,1.12704243842939e-05,0.0102912052346696,0.046941916172496,0.30465798240826,0.00713096366381488,0.0031602415708547
318.663003663004,3186.63003663004,1.12949966403289e-05,0.010313642555689,0.046974978977902,0.304872563499299,0.00714652488321139,0.00316711767247763
318.681318681319,3186.81318681319,1.13196581959473e-05,0.01033616141759,0.0470081139203377,0.305087612767262,0.00716214269004211,0.00317401872754785
318.699633699634,3186.99633699634,1.13444095094206e-05,0.0103587622388275,0.0470413212621554,0.305303131914843,0.00717781737479143,0.00318094486403608
318.717948717949,3187.17948717949,1.13692510420843e-05,0.0103814454406546,0.0470746012670551,0.305519122653483,0.00719354922988621,0.00318789621076839
318.736263736264,3187.36263736264,1.13941832583193e-05,0.0104042114471049,0.0471079542000928,0.305735586703424,0.00720933854968117,0.0031948728974237
318.754578754579,3187.54578754579,1.14192066256083e-05,0.0104270606850441,0.0471413803276901,0.305952525793769,0.00722518563050251,0.00320187505454163
318.772893772894,3187.72893772894,1.14443216145651e-05,0.0104499935841976,0.0471748799176428,0.306169941662541,0.00724109077066104,0.00320890281353653
318.791208791209,3187.91208791209,1.1469528698951e-05,0.0104730105771641,0.0472084532391306,0.306387836056746,0.00725705427046162,0.00321595630670246
318.809523809524,3188.09523809524,1.14948283556992e-05,0.0104961120994391,0.0472421005627261,0.306606210732428,0.00727307643222215,0.00322303566721692
318.827838827839,3188.27838827839,1.15202210649458e-05,0.0105192985894425,0.047275822160404,0.306825067454731,0.00728915756029532,0.00323014102914721
318.846153846154,3188.46153846154,1.15457073100497e-05,0.0105425704885371,0.047309618305551,0.307044407997964,0.00730529796107288,0.00323727252746426
318.864468864469,3188.64468864469,1.15712875776362e-05,0.0105659282410684,0.0473434892729748,0.307264234145657,0.00732149794302038,0.00324443029804805
318.882783882784,3188.82783882784,1.15969623576181e-05,0.0105893722943835,0.0473774353389138,0.307484547690627,0.00733775781669285,0.00325161447769067
318.901098901099,3189.01098901099,1.16227321432183e-05,0.0106129030988521,0.047411456781047,0.307705350435041,0.00735407789474035,0.0032588252041117
318.919413919414,3189.19413919414,1.16485974309908e-05,0.0106365211078857,0.0474455538785038,0.307926644190477,0.00737045849192812,0.00326606261595754
318.937728937729,3189.37728937729,1.16745587208701e-05,0.0106602267779824,0.0474797269118731,0.308148430777987,0.00738689992516293,0.00327332685281946
318.956043956044,3189.56043956044,1.17006165161799e-05,0.0106840205687353,0.0475139761632143,0.308370712028165,0.00740340251349904,0.0032806180552363
318.974358974359,3189.74358974359,1.17267713236706e-05,0.0107079029428663,0.0475483019160665,0.308593489781211,0.00741996657816847,0.00328793636469779
318.992673992674,3189.92673992674,1.17530236535459e-05,0.0107318743662504,0.0475827044554586,0.308816765886993,0.00743659244258939,0.00329528192366105
319.010989010989,3190.10989010989,1.17793740195063e-05,0.010755935307956,0.0476171840679201,0.309040542205117,0.00745328043239392,0.00330265487556205
319.029304029304,3190.29304029304,1.18058229387457e-05,0.0107800862402409,0.0476517410414908,0.30926482060499,0.00747003087543013,0.00331005536481077
319.047619047619,3190.47619047619,1.18323709320104e-05,0.0108043276386071,0.047686375665731,0.309489602965892,0.00748684410179743,0.00331748353680969
319.065934065934,3190.65934065934,1.1859018523605e-05,0.0108286599818054,0.0477210882317327,0.309714891177038,0.0075037204438463,0.00332493953795913
319.084249084249,3190.84249084249,1.18857662414379e-05,0.0108530837518775,0.047755879032129,0.30994068713765,0.00752066023621323,0.00333242351566432
319.102564102564,3191.02564102564,1.19126146170691e-05,0.0108775994341995,0.0477907483611057,0.310166992757023,0.00753766381585021,0.00333993561834925
319.120879120879,3191.20879120879,1.19395641856875e-05,0.0109022075174606,0.0478256965144115,0.310393809954597,0.00755473152199944,0.00334747599546119
319.139194139194,3191.39194139194,1.19666154861673e-05,0.0109269084937159,0.0478607237893687,0.310621140660027,0.00757186369624104,0.00335504479747484
319.157509157509,3191.57509157509,1.1993769061142e-05,0.0109517028584524,0.0478958304848843,0.31084898681325,0.00758906068254228,0.0033626421759101
319.175824175824,3191.75824175824,1.20210254569764e-05,0.0109765911105647,0.0479310169014608,0.311077350364558,0.00760632282722911,0.0033702682833356
319.194139194139,3191.94139194139,1.20483852238121e-05,0.011001573752396,0.0479662833412073,0.311306233274672,0.00762365047902003,0.00337792327337593
319.212454212454,3192.12454212454,1.20758489156193e-05,0.0110266512897852,0.0480016301078505,0.311535637514811,0.00764104398905874,0.00338560730072644
319.230769230769,3192.30769230769,1.21034170902026e-05,0.0110518242320727,0.0480370575067463,0.311765565066765,0.00765850371091795,0.00339332052115476
319.249084249084,3192.49084249084,1.21310903092563e-05,0.0110770930921507,0.0480725658448907,0.31199601792297,0.00767603000063962,0.00340106309151106
319.267399267399,3192.67399267399,1.21588691383942e-05,0.01110245838649,0.0481081554309314,0.312226998086585,0.0076936232167492,0.00340883516974079
319.285714285714,3192.85714285714,1.21867541471677e-05,0.0111279206351573,0.0481438265751793,0.312458507571558,0.00771128372026371,0.00341663691489359
319.304029304029,3193.04029304029,1.22147459091192e-05,0.0111534803618633,0.0481795795896201,0.312690548402711,0.00772901187473238,0.00342446848713091
319.322344322344,3193.22344322344,1.22428450018191e-05,0.0111791380939967,0.0482154147879263,0.31292312261581,0.00774680804626174,0.00343233004773492
319.340659340659,3193.40659340659,1.22710520068708e-05,0.0112048943626291,0.0482513324854686,0.313156232257644,0.00776467260351108,0.00344022175911798
319.358974358974,3193.58974358974,1.22993675099716e-05,0.0112307497025699,0.048287332999328,0.313389879386103,0.00778260591773821,0.00344814378483168
319.377289377289,3193.77289377289,1.23277921009493e-05,0.0112567046524004,0.0483234166483078,0.313624066070253,0.00780060836282212,0.00345609628957832
319.395604395604,3193.95604395604,1.23563263738033e-05,0.011282759754511,0.048359583752946,0.313858794390421,0.00781868031528192,0.00346407943922906
319.413919413919,3194.13919413919,1.23849709267237e-05,0.0113089155551186,0.0483958346355272,0.314094066438267,0.00783682215429842,0.00347209340082021
319.432234432234,3194.32234432234,1.2413726362123e-05,0.0113351726042958,0.0484321696200951,0.314329884316869,0.00785503426173378,0.00348013834256207
319.450549450549,3194.50549450549,1.24425932866869e-05,0.0113615314560171,0.0484685890324651,0.314566250140802,0.00787331702215046,0.00348821443386663
319.468864468864,3194.68864468864,1.24715723114372e-05,0.0113879926682161,0.0485050932002365,0.314803166036222,0.00789167082286548,0.00349632184535059
319.48717948718,3194.87179487179,1.25006640517444e-05,0.0114145568027976,0.0485416824528057,0.315040634140945,0.00791009605395715,0.00350446074884046
319.505494505494,3195.05494505494,1.252986912734e-05,0.0114412244256484,0.0485783571213787,0.315278656604533,0.00792859310826384,0.00351263131738453
319.52380952381,3195.2380952381,1.25591881623877e-05,0.0114679961067022,0.0486151175389838,0.315517235588376,0.00794716238143246,0.00352083372526977
319.542124542125,3195.42124542125,1.25886217855306e-05,0.0114948724199834,0.0486519640404851,0.315756373265776,0.00796580427195225,0.00352906814803118
319.56043956044,3195.6043956044,1.26181706299004e-05,0.0115218539436144,0.0486888969625955,0.315996071822035,0.00798451918115663,0.00353733476245782
319.578754578755,3195.78754578755,1.26478353331833e-05,0.0115489412598769,0.0487259166438896,0.316236333454539,0.00800330751326279,0.00354563374661415
319.59706959707,3195.9706959707,1.26776165376518e-05,0.0115761349552402,0.0487630234248174,0.316477160372844,0.00802216967539625,0.00355396527984397
319.615384615385,3196.15384615385,1.27075148901918e-05,0.0116034356203861,0.0488002176477181,0.316718554798766,0.00804110607760658,0.00356232954277954
319.6336996337,3196.336996337,1.27375310423493e-05,0.0116308438502517,0.0488374996568328,0.316960518966468,0.00806011713289025,0.00357072671736142
319.652014652015,3196.52014652015,1.27676656503782e-05,0.0116583602440731,0.0488748697983192,0.317203055122549,0.00807920325723094,0.00357915698684214
319.67032967033,3196.7032967033,1.27979193752997e-05,0.0116859854054391,0.0489123284202647,0.317446165526134,0.00809836486963134,0.00358762053580776
319.688644688645,3196.88644688645,1.28282928829034e-05,0.0117137199422931,0.048949875872701,0.317689852448963,0.00811760239211405,0.00359611755017906
319.70695970696,3197.0695970696,1.28587868437982e-05,0.0117415644669788,0.0489875125076175,0.317934118175487,0.00813691624975562,0.00360464821722317
319.725274725275,3197.25274725275,1.28894019334783e-05,0.0117695195963007,0.0490252386789762,0.318178965002956,0.00815630687072436,0.00361321272557631
319.74358974359,3197.4358974359,1.29201388323575e-05,0.0117975859515557,0.0490630547427257,0.318424395241513,0.00817577468630682,0.00362181126524884
319.761904761905,3197.61904761905,1.29509982258139e-05,0.0118257641585732,0.0491009610568155,0.318670411214289,0.00819532013093913,0.00363044402763411
319.78021978022,3197.8021978022,1.29819808042222e-05,0.0118540548477458,0.049138957981211,0.318917015257496,0.00821494364221698,0.00363911120552887
319.798534798535,3197.98534798535,1.30130872630083e-05,0.0118824586540779,0.0491770458779079,0.319164209720526,0.00823464566093701,0.00364781299314089
319.81684981685,3198.1684981685,1.30443183026956e-05,0.0119109762172286,0.0492152251109474,0.319411996966044,0.00825442663113207,0.00365654958609653
319.835164835165,3198.35164835165,1.30756746289528e-05,0.0119396081815553,0.0492534960464308,0.319660379370086,0.0082742870000919,0.00366532118146341
319.85347985348,3198.5347985348,1.310715695264e-05,0.0119683551961558,0.0492918590525351,0.319909359322159,0.00829422721839521,0.00367412797776062
319.871794871795,3198.71794871795,1.31387659898389e-05,0.0119972179148958,0.0493303144995278,0.320158939225338,0.00831424773993372,0.00368297017496208
319.89010989011,3198.9010989011,1.31705024619358e-05,0.0120261969964846,0.0493688627597824,0.320409121496368,0.00833434902196213,0.00369184797452248
319.908424908425,3199.08424908425,1.32023670956573e-05,0.0120552931045081,0.0494075042077946,0.320659908565764,0.00835453152511935,0.00370076157938871
319.92673992674,3199.2673992674,1.32343606230942e-05,0.01208450690745,0.0494462392201972,0.320911302877913,0.00837479571344374,0.00370971119400626
319.945054945055,3199.45054945055,1.3266483781773e-05,0.0121138390787576,0.0494850681757762,0.321163306891176,0.00839514205442268,0.00371869702433489
319.96336996337,3199.6336996337,1.32987373147082e-05,0.0121432902968893,0.049523991455487,0.321415923077993,0.00841557101902144,0.00372771927786791
319.981684981685,3199.81684981685,1.3331121970467e-05,0.0121728612453739,0.0495630094424703,0.321669153924989,0.00843608308172526,0.00373677816364868
320,3200,1.33636385031785e-05,0.0122025526128188,0.0496021225220685,0.321923001933076,0.00845667872054487,0.00374587389227396
320.018315018315,3200.18315018315,1.33962876726026e-05,0.012232365092973,0.0496413310818424,0.322177469617564,0.00847735841706032,0.00375500667591263
320.03663003663,3200.3663003663,1.34290702442179e-05,0.012262299384807,0.049680635511587,0.322432559508264,0.00849812265648066,0.00376417672832633
320.054945054945,3200.54945054945,1.3461986989244e-05,0.0122923561925341,0.0497200362033493,0.322688274149603,0.00851897192764854,0.00377338426488551
320.07326007326,3200.7326007326,1.34950386846749e-05,0.0123225362256398,0.0497595335514445,0.322944616100727,0.00853990672306519,0.00378262950257459
320.091575091575,3200.91575091575,1.35282261133615e-05,0.0123528401989578,0.0497991279524732,0.323201587935616,0.00856092753894911,0.00379191266000873
320.10989010989,3201.0989010989,1.35615500640589e-05,0.0123832688327131,0.0498388198053388,0.323459192243195,0.00858203487525555,0.00380123395745755
320.128205128205,3201.28205128205,1.35950113314847e-05,0.0124138228525751,0.0498786095112645,0.323717431627447,0.00860322923571628,0.00381059361685883
320.14652014652,3201.4652014652,1.36286107163775e-05,0.0124445029897111,0.0499184974738115,0.323976308707523,0.00862451112788168,0.00381999186182946
320.164835164835,3201.64835164835,1.36623490255283e-05,0.0124753099808148,0.0499584840988959,0.324235826117865,0.00864588106313504,0.00382942891767977
320.18315018315,3201.8315018315,1.36962270718561e-05,0.0125062445681756,0.0499985697948073,0.324495986508312,0.0086673395567389,0.00383890501143671
320.201465201465,3202.01465201465,1.3730245674473e-05,0.0125373074997378,0.0500387549722263,0.324756792544226,0.00868888712788164,0.00384842037185617
320.21978021978,3202.1978021978,1.37644056587231e-05,0.0125684995291366,0.0500790400442429,0.325018246906606,0.0087105242996941,0.00385797522944245
320.238095238095,3202.38095238095,1.37987078562483e-05,0.0125998214157573,0.0501194254263749,0.325280352292204,0.00873225159930051,0.00386756981645679
320.25641025641,3202.5641025641,1.38331531050572e-05,0.0126312739247991,0.0501599115365864,0.325543111413653,0.00875406955786196,0.00387720436693711
320.274725274725,3202.74725274725,1.38677422495671e-05,0.0126628578273129,0.0502004987953067,0.325806526999582,0.00877597871058971,0.00388687911672319
320.29304029304,3202.9304029304,1.3902476140671e-05,0.0126945739002627,0.0502411876254489,0.326070601794742,0.00879797959679928,0.00389659430346347
320.311355311355,3203.11355311355,1.39373556358048e-05,0.0127264229265873,0.0502819784524289,0.326335338560127,0.00882007275995639,0.00390635016663089
320.32967032967,3203.2967032967,1.39723815990107e-05,0.0127584056952571,0.0503228717041851,0.326600740073103,0.00884225874770662,0.0039161469475505
320.347985347985,3203.47985347985,1.40075549009851e-05,0.0127905230013192,0.0503638678111975,0.32686680912753,0.00886453811191565,0.00392598488940353
320.3663003663,3203.663003663,1.40428764191679e-05,0.0128227756459779,0.0504049672065075,0.327133548533891,0.00888691140871873,0.00393586423725916
320.384615384615,3203.84615384615,1.40783470377788e-05,0.0128551644366284,0.0504461703257374,0.327400961119424,0.0089093791985473,0.00394578523808112
320.40293040293,3204.0293040293,1.41139676478984e-05,0.0128876901869308,0.0504874776071109,0.327669049728244,0.00893194204618099,0.0039557481407498
320.421245421245,3204.21245421245,1.41497391475452e-05,0.01292035371688,0.0505288894914728,0.32793781722148,0.00895460052079753,0.00396575319608245
320.43956043956,3204.3956043956,1.41856624417119e-05,0.0129531558528395,0.0505704064223098,0.32820726647741,0.00897735519599321,0.00397580065684626
320.457875457875,3204.57875457875,1.42217384424485e-05,0.0129860974276168,0.0506120288457706,0.328477400391584,0.00900020664983723,0.00398589077777954
320.47619047619,3204.7619047619,1.42579680689632e-05,0.0130191792805555,0.0506537572106873,0.32874822187697,0.00902315546493306,0.00399602381562244
320.494505494506,3204.94505494506,1.42943522476431e-05,0.0130524022575546,0.050695591968596,0.329019733864085,0.00904620222843666,0.00400620002911791
320.51282051282,3205.12820512821,1.43308919121315e-05,0.0130857672111388,0.0507375335737578,0.329291939301133,0.00906934753210199,0.00401641967903681
320.531135531136,3205.31135531136,1.43675880034278e-05,0.0131192750005497,0.050779582483181,0.329564841154143,0.00909259197234825,0.00402668302820142
320.549450549451,3205.49450549451,1.44044414699476e-05,0.0131529264918007,0.0508217391566417,0.329838442407112,0.00911593615028523,0.00403699034151551
320.567765567766,3205.67765567766,1.44414532675782e-05,0.0131867225577281,0.0508640040567063,0.330112746062146,0.00913938067176204,0.00404734188596605
320.586080586081,3205.86080586081,1.44786243597685e-05,0.0132206640780723,0.0509063776487534,0.330387755139599,0.0091629261474238,0.00405773793064851
320.604395604396,3206.04395604396,1.45159557175933e-05,0.0132547519395373,0.050948860400996,0.330663472678223,0.00918657319273989,0.00406817874679744
320.622710622711,3206.22710622711,1.4553448319827e-05,0.0132889870358578,0.050991452784504,0.330939901735311,0.0092103224280562,0.00407866460780161
320.641025641026,3206.41025641026,1.45911031530541e-05,0.0133233702678998,0.0510341552732265,0.331217045386844,0.00923417447867531,0.00408919578922448
320.659340659341,3206.59340659341,1.46289212116982e-05,0.0133579025436875,0.0510769683440156,0.331494906727643,0.00925812997485817,0.00409977256882936
320.677655677656,3206.77655677656,1.46669034981011e-05,0.0133925847784753,0.0511198924766488,0.331773488871512,0.00928218955188021,0.0041103952265951
320.695970695971,3206.95970695971,1.47050510226419e-05,0.0134274178948566,0.0511629281538525,0.332052794951397,0.00930635385010956,0.00412106404474702
320.714285714286,3207.14285714286,1.47433648037887e-05,0.0134624028228108,0.0512060758613258,0.332332828119537,0.0093306235150356,0.00413177930777519
320.732600732601,3207.32600732601,1.47818458681771e-05,0.0134975404997754,0.051249336087764,0.332613591547616,0.00935499919732094,0.00414254130245446
320.750915750916,3207.50915750916,1.4820495250693e-05,0.0135328318707214,0.0512927093248832,0.332895088426923,0.00937948155285355,0.00415335031786785
320.769230769231,3207.69230769231,1.48593139945507e-05,0.0135682778882243,0.051336196067444,0.333177321968507,0.00940407124278945,0.00416420664543487
320.787545787546,3207.87545787546,1.48983031514097e-05,0.0136038795125715,0.0513797968132765,0.333460295403336,0.00942876893363864,0.00417511057893287
320.805860805861,3208.05860805861,1.49374637814211e-05,0.0136396377118038,0.0514235120633048,0.333744011982463,0.00945357529728804,0.00418606241451574
320.824175824176,3208.24175824176,1.49767969533055e-05,0.0136755534617872,0.0514673423215723,0.33402847497718,0.00947849101104537,0.00419706245074185
320.842490842491,3208.42490842491,1.50163037444664e-05,0.013711627746316,0.0515112880952667,0.334313687679191,0.00950351675771897,0.00420811098859708
320.860805860806,3208.60805860806,1.50559852410892e-05,0.0137478615572038,0.0515553498947457,0.334599653400769,0.00952865322568441,0.00421920833151934
320.879120879121,3208.79120879121,1.50958425381938e-05,0.0137842558943304,0.051599528233563,0.334886375474933,0.00955390110890429,0.00423035478542613
320.897435897436,3208.97435897436,1.51358767397446e-05,0.0138208117657437,0.0516438236284939,0.33517385725561,0.00957926110700595,0.00424155065873771
320.915750915751,3209.15750915751,1.51760889587403e-05,0.0138575301877405,0.0516882365995622,0.335462102117807,0.00960473392534256,0.00425279626239794
320.934065934066,3209.34065934066,1.52164803172936e-05,0.0138944121849401,0.0517327676700663,0.335751113457788,0.00963032027503728,0.00426409190990283
320.952380952381,3209.52380952381,1.52570519467501e-05,0.0139314587903921,0.0517774173666063,0.336040894693241,0.00965602087305698,0.00427543791733513
320.970695970696,3209.70695970696,1.52978049877752e-05,0.0139686710456565,0.0518221862191113,0.336331449263464,0.00968183644227895,0.00428683460337756
320.989010989011,3209.89010989011,1.53387405904248e-05,0.0140060500008677,0.0518670747608666,0.336622780629532,0.00970776771152068,0.00429828228934701
321.007326007326,3210.07326007326,1.53798599142691e-05,0.0140435967148479,0.0519120835285414,0.336914892274487,0.00973381541562525,0.00430978129922264
321.025641025641,3210.25641025641,1.54211641284857e-05,0.0140813122551919,0.051957213062217,0.337207787703513,0.0097599802955225,0.0043213319596694
321.043956043956,3210.43956043956,1.54626544119667e-05,0.0141191976983649,0.0520024639054149,0.337501470444121,0.00978626309829599,0.00433293460006893
321.062271062271,3210.62271062271,1.55043319533992e-05,0.0141572541297764,0.0520478366051256,0.337795944046338,0.00981266457722461,0.00434458955255178
321.080586080586,3210.80586080586,1.55461979513728e-05,0.0141954826438775,0.0520933317118373,0.33809121208289,0.00983918549185929,0.00435629715201823
321.098901098901,3210.98901098901,1.55882536145015e-05,0.0142338843442732,0.0521389497795652,0.338387278149394,0.00986582660809934,0.00436805773617383
321.117216117216,3211.17216117216,1.56305001615271e-05,0.014272460343816,0.0521846913658808,0.338684145864547,0.00989258869825597,0.00437987164556006
321.135531135531,3211.35531135531,1.56729388214046e-05,0.0143112117646846,0.052230557031942,0.338981818870325,0.00991947254110263,0.00439173922358199
321.153846153846,3211.53846153846,1.57155708334007e-05,0.0143501397384733,0.052276547342523,0.33928030083217,0.00994647892193535,0.0044036608165379
321.172161172161,3211.72161172161,1.57583974472491e-05,0.0143892454063338,0.0523226628660448,0.339579595439195,0.0099736086326786,0.00441563677365524
321.190476190476,3211.90476190476,1.58014199232262e-05,0.0144285299190449,0.052368904174606,0.339879706404381,0.0100008624719306,0.00442766744711438
321.208791208791,3212.08791208791,1.58446395322573e-05,0.0144679944371088,0.0524152718440138,0.340180637464775,0.0100282412450186,0.00443975319209017
321.227106227106,3212.27106227106,1.58880575560711e-05,0.0145076401308924,0.0524617664538154,0.340482392381702,0.0100557457641079,0.00445189436678457
321.245421245421,3212.45421245421,1.59316752872779e-05,0.0145474681806991,0.0525083885873299,0.340784974940963,0.0100833768482512,0.00446409133244784
321.263736263736,3212.63736263736,1.5975494029486e-05,0.0145874797768744,0.0525551388316801,0.341088388953047,0.0101111353234501,0.00447634445342434
321.282051282051,3212.82051282051,1.60195150974298e-05,0.0146276761199234,0.0526020177778253,0.341392638253343,0.0101390220227439,0.00448865409717959
321.300366300366,3213.00366300366,1.60637398170846e-05,0.0146680584206154,0.0526490260205938,0.341697726702349,0.0101670377862841,0.00450102063433124
321.318681318681,3213.18681318681,1.61081695258132e-05,0.0147086279001179,0.052696164158716,0.342003658185887,0.0101951834614226,0.00451344443869533
321.336996336996,3213.36996336996,1.61528055724616e-05,0.0147493857900837,0.0527434327948582,0.342310436615327,0.010223459902764,0.00452592588731965
321.355311355311,3213.55311355311,1.61976493174861e-05,0.0147903333327673,0.0527908325356561,0.342618065927796,0.0102518679722626,0.00453846536050471
321.373626373626,3213.73626373626,1.62427021330931e-05,0.0148314717811524,0.0528383639917493,0.342926550086412,0.0102804085392998,0.00455106324185255
321.391941391941,3213.91941391941,1.62879654033593e-05,0.0148728023990616,0.0528860277778157,0.343235893080498,0.0103090824807552,0.00456371991830643
321.410256410256,3214.10256410256,1.63334405243589e-05,0.0149143264612727,0.0529338245126065,0.343546098925815,0.0103378906810937,0.00457643578017896
321.428571428571,3214.28571428571,1.63791289043173e-05,0.0149560452536587,0.052981754818982,0.34385717166479,0.0103668340324658,0.00458921122119291
321.446886446886,3214.46886446886,1.64250319637227e-05,0.0149979600732904,0.0530298193239464,0.34416911536675,0.0103959134347675,0.00460204663852292
321.465201465201,3214.65201465201,1.64711511354546e-05,0.0150400722285529,0.0530780186586852,0.344481934128152,0.0104251297957289,0.00461494243282405
321.483516483516,3214.83516483516,1.65174878649596e-05,0.0150823830393068,0.0531263534586005,0.344795632072825,0.0104544840310214,0.00462789900828539
321.501831501831,3215.01831501831,1.65640436103707e-05,0.0151248938369966,0.0531748243633491,0.345110213352208,0.0104839770643341,0.00464091677266248
321.520146520147,3215.20146520146,1.66108198426316e-05,0.0151676059647645,0.053223432016879,0.34542568214559,0.0105136098274521,0.00465399613731242
321.538461538462,3215.38461538462,1.66578180456651e-05,0.0152105207776045,0.0532721770674677,0.345742042660363,0.0105433832603625,0.004667137517242
321.556776556777,3215.56776556777,1.67050397165165e-05,0.0152536396424924,0.0533210601677603,0.34605929913226,0.0105732983113423,0.00468034133115004
321.575091575092,3215.75091575092,1.67524863654826e-05,0.0152969639385045,0.0533700819748079,0.346377455825615,0.0106033559370452,0.00469360800145934
321.593406593407,3215.93406593407,1.68001595162585e-05,0.0153404950569513,0.0534192431501073,0.346696517033608,0.0106335571025892,0.0047069379543621
321.611721611722,3216.11721611722,1.68480607061204e-05,0.0153842344015443,0.0534685443596398,0.34701648707853,0.0106639027816777,0.00472033161986654
321.630036630037,3216.30036630037,1.68961914860537e-05,0.0154281833885131,0.0535179862739114,0.347337370312036,0.0106943939566769,0.00473378943183617
321.648351648352,3216.48351648352,1.69445534208798e-05,0.0154723434467213,0.0535675695679934,0.347659171115409,0.0107250316186966,0.00474731182802467
321.666666666667,3216.66666666667,1.69931480894474e-05,0.0155167160178408,0.0536172949215632,0.347981893899827,0.0107558167677176,0.00476089925012323
321.684981684982,3216.84981684982,1.70419770847738e-05,0.0155613025564814,0.0536671630189452,0.348305543106628,0.0107867504126804,0.00477455214380101
321.703296703297,3217.03296703297,1.70910420141742e-05,0.0156061045303084,0.053717174549153,0.348630123207583,0.0108178335715638,0.00478827095874463
321.721611721612,3217.21611721612,1.71403444994451e-05,0.0156511234202101,0.0537673302059312,0.348955638705166,0.0108490672715155,0.00480205614869457
321.739926739927,3217.39926739927,1.71898861770056e-05,0.0156963607204271,0.0538176306877984,0.349282094132838,0.01088045254894,0.00481590817148713
321.758241758242,3217.58241758242,1.72396686980533e-05,0.0157418179386943,0.0538680766980899,0.349609494055318,0.010911990449596,0.00482982748909838
321.776556776557,3217.76556776557,1.72896937287123e-05,0.0157874965963765,0.0539186689450015,0.349937843068872,0.0109436820287016,0.00484381456767492
321.794871794872,3217.94871794872,1.73399629501659e-05,0.0158333982285889,0.0539694081416331,0.350267145801595,0.0109755283510321,0.00485786987755681
321.813186813187,3218.13186813187,1.73904780588294e-05,0.0158795243843557,0.0540202950060339,0.350597406913698,0.0110075304910303,0.00487199389332542
321.831501831502,3218.31501831502,1.74412407664987e-05,0.0159258766267451,0.054071330261246,0.350928631097804,0.0110396895329056,0.00488618709383946
321.849816849817,3218.49816849817,1.74922528004729e-05,0.0159724565329816,0.0541225146353508,0.351260823079237,0.0110720065707317,0.00490044996224996
321.868131868132,3218.68131868132,1.7543515903716e-05,0.0160192656945937,0.054173848861514,0.35159398761632,0.0111044827085606,0.00491478298603305
321.886446886447,3218.86446886447,1.75950318349837e-05,0.0160663057175293,0.054225333678032,0.351928129500673,0.0111371190605109,0.00492918665701834
321.904761904762,3219.04761904762,1.76468023689529e-05,0.0161135782222743,0.0542769698283782,0.352263253557518,0.0111699167508701,0.00494366147140419
321.923076923077,3219.23076923077,1.76988292963475e-05,0.0161610848439676,0.0543287580612499,0.352599364645979,0.0112028769141951,0.00495820792977258
321.941391941392,3219.41391941392,1.77511144240833e-05,0.0162088272325329,0.0543806991306157,0.352936467659391,0.0112360006954201,0.00497282653711279
321.959706959707,3219.59706959707,1.78036595753755e-05,0.0162568070527771,0.0544327937957627,0.353274567525609,0.0112692892499443,0.00498751780283278
321.978021978022,3219.78021978022,1.78564665898389e-05,0.0163050259844821,0.054485042821345,0.353613669207317,0.0113027437437198,0.00500228224076232
321.996336996337,3219.96336996337,1.79095373236027e-05,0.0163534857225093,0.0545374469774313,0.353953777702344,0.0113363653533571,0.00501712036915214
322.014652014652,3220.14652014652,1.79628736494101e-05,0.0164021879768904,0.0545900070395541,0.354294898043975,0.0113701552662069,0.0050320327106835
322.032967032967,3220.32967032967,1.80164774566908e-05,0.016451134472894,0.0546427237887579,0.354637035301272,0.0114041146804357,0.00504701979245838
322.051282051282,3220.51282051282,1.80703506516652e-05,0.0165003269511207,0.0546955980116485,0.354980194579391,0.0114382448051285,0.00506208214599216
322.069597069597,3220.69597069597,1.81244951574222e-05,0.0165497671675735,0.0547486305004426,0.3553243810199,0.0114725468603683,0.00507722030720524
322.087912087912,3220.87912087912,1.81789129139636e-05,0.0165994568936994,0.0548018220530168,0.355669599801104,0.0115070220772926,0.00509243481640679
322.106227106227,3221.06227106227,1.82336058782634e-05,0.0166493979164426,0.0548551734729577,0.356015856138362,0.0115416716981739,0.00510772621826866
322.124542124542,3221.24542124542,1.82885760243324e-05,0.0166995920383041,0.0549086855696113,0.356363155284418,0.0115764969764938,0.0051230950618103
322.142857142857,3221.42857142857,1.83438253432394e-05,0.0167500410773607,0.0549623591581335,0.356711502529718,0.0116114991769893,0.00513854190037138
322.161172161172,3221.61172161172,1.83993558431712e-05,0.01680074686732,0.0550161950595396,0.357060903202738,0.0116466795757314,0.00515406729158861
322.179487179487,3221.79487179487,1.84551695494443e-05,0.0168517112575309,0.055070194100755,0.357411362670311,0.0116820394601706,0.00516967179736026
322.197802197802,3221.97802197802,1.85112685045206e-05,0.0169029361129982,0.055124357114665,0.35776288633795,0.0117175801291754,0.00518535598382289
322.216117216117,3222.16117216117,1.85676547680378e-05,0.0169544233144101,0.0551786849401656,0.358115479650179,0.0117533028930861,0.00520112042132397
322.234432234432,3222.34432234432,1.86243304168175e-05,0.0170061747581457,0.0552331784222131,0.358469148090854,0.0117892090737549,0.00521696568439077
322.252747252747,3222.52747252747,1.86812975448778e-05,0.0170581923562865,0.0552878384118753,0.358823897183493,0.0118253000045772,0.00523289235170927
322.271062271062,3222.71062271062,1.87385582634626e-05,0.0171104780366431,0.0553426657663813,0.359179732491604,0.0118615770305362,0.00524890100610686
322.289377289377,3222.89377289377,1.879611470103e-05,0.0171630337427448,0.0553976613491723,0.359536659619012,0.0118980415082119,0.00526499223453285
322.307692307692,3223.07692307692,1.88539690032963e-05,0.0172158614338796,0.0554528260299519,0.359894684210185,0.0119346948058167,0.00528116662806284
322.326007326007,3223.26007326007,1.89121233332799e-05,0.0172689630851342,0.055508160684737,0.360253811950564,0.0119715383032347,0.00529742478189951
322.344322344322,3223.44322344322,1.8970579871326e-05,0.0173223406874168,0.0555636661959083,0.360614048566892,0.0120085733920358,0.00531376729538097
322.362637362637,3223.62637362637,1.90293408151691e-05,0.0173759962475139,0.055619343452261,0.360975399827547,0.0120458014754902,0.00533019477202369
322.380952380952,3223.80952380952,1.9088408380043e-05,0.0174299317881912,0.0556751933490564,0.361337871542865,0.0120832239686217,0.00534670781956954
322.399267399267,3223.99267399267,1.91477847987514e-05,0.0174841493482575,0.0557312167880727,0.361701469565485,0.012120842298217,0.00536330705004049
322.417582417582,3224.17582417582,1.92074723218143e-05,0.0175386509826986,0.0557874146776572,0.362066199790674,0.0121586579028667,0.00537999307983186
322.435897435897,3224.35897435897,1.92674732176581e-05,0.0175934387628512,0.055843787932778,0.362432068156673,0.012196672233023,0.00539676652982823
322.454212454212,3224.54212454212,1.93277897728059e-05,0.017648514776576,0.0559003374750769,0.362799080645034,0.0122348867510462,0.00541362802552983
322.472527472527,3224.72527472527,1.93884242921232e-05,0.0177038811284829,0.0559570642329228,0.363167243280969,0.0122733029312586,0.0054305781972243
322.490842490843,3224.90842490843,1.94493790991197e-05,0.0177595399402056,0.056013969141466,0.363536562133701,0.012311922260027,0.00544761768017858
322.509157509157,3225.09157509157,1.95106565363063e-05,0.0178154933507285,0.0560710531426927,0.363907043316821,0.0123507462358656,0.00546474711486289
322.527472527473,3225.27472527473,1.95722589656136e-05,0.0178717435167683,0.0561283171854819,0.364278692988654,0.0123897763695517,0.00548196714721656
322.545787545788,3225.45787545788,1.96341887688586e-05,0.0179282926132003,0.0561857622256627,0.36465151735263,0.0124290141842559,0.00549927842894439
322.564102564103,3225.64102564103,1.96964483482762e-05,0.0179851428335437,0.0562433892260733,0.365025522657672,0.0124684612157025,0.00551668161784117
322.582417582418,3225.82417582418,1.975904012714e-05,0.0180422963905285,0.0563011991566214,0.365400715198582,0.0125081190123556,0.00553417737817292
322.600732600733,3226.00732600733,1.98219665504524e-05,0.0180997555167255,0.0563591929943473,0.365777101316455,0.0125479891356446,0.00555176638108097
322.619047619048,3226.19047619048,1.9885230085722e-05,0.0181575224652566,0.0564173717234881,0.366154687399093,0.012588073160235,0.0055694493050216
322.637362637363,3226.37362637363,1.99488332237699e-05,0.0182155995105302,0.0564757363355453,0.366533479881447,0.012628372674278,0.00558722683625224
322.655677655678,3226.55677655678,2.00127784797096e-05,0.018273988949137,0.0565342878293541,0.36691348524606,0.0126688892797803,0.0056050996693567
322.673992673993,3226.73992673993,2.00770683939415e-05,0.0183326931007571,0.0565930272111561,0.367294710023547,0.012709624592983,0.00562306850777414
322.692307692308,3226.92307692308,2.01417055332343e-05,0.0183917143091485,0.0566519554946747,0.367677160793081,0.0127505802447526,0.00564113406439593
322.710622710623,3227.10622710623,2.02066924919151e-05,0.0184510549432326,0.0567110737011943,0.368060844182904,0.0127917578810558,0.00565929706217685
322.728937728938,3227.28937728938,2.02720318931426e-05,0.0185107173982578,0.056770382859643,0.368445766870868,0.0128331591635066,0.0056775582347512
322.747252747253,3227.47252747253,2.03377263902274e-05,0.0185707040970045,0.0568298840066784,0.368831935584991,0.0128747857699104,0.00569591832709411
322.765567765568,3227.65567765568,2.04037786680547e-05,0.0186310174910845,0.0568895781867785,0.369219357104044,0.0129166393949063,0.0057143780961782
322.783882783883,3227.83882783883,2.04701914445359e-05,0.0186916600622662,0.0569494664523359,0.369608038258167,0.0129587217506251,0.00573293831164111
322.802197802198,3228.02197802198,2.0536967472173e-05,0.0187526343239033,0.0570095498637572,0.369997985929509,0.0130010345674408,0.00575159975646241
322.820512820513,3228.20512820513,2.0604109539619e-05,0.0188139428223596,0.0570698294895663,0.370389207052904,0.0130435795947494,0.00577036322761021
322.838827838828,3228.38827838828,2.06716204733384e-05,0.0188755881385252,0.0571303064065129,0.370781708616571,0.0130863586018216,0.00578922953670369
322.857142857143,3228.57142857143,2.07395031392481e-05,0.0189375728893148,0.0571909816996855,0.371175497662849,0.0131293733786847,0.00580819951063014
322.875457875458,3228.75457875458,2.08077604443791e-05,0.018999899729185,0.0572518564626299,0.371570581288964,0.0131726257370571,0.00582727399212793
322.893772893773,3228.93772893773,2.08763953385739e-05,0.0190625713516842,0.0573129317974715,0.371966966647826,0.0132161175113418,0.00584645384034237
322.912087912088,3229.12087912088,2.09454108161765e-05,0.019125590490996,0.0573742088150438,0.372364660948864,0.01325985055967,0.00586573993132606
322.930402930403,3229.30402930403,2.10148099176557e-05,0.0191889599234212,0.0574356886350208,0.372763671458877,0.0133038267649432,0.005885133158478
322.948717948718,3229.48717948718,2.10845957312182e-05,0.0192526824688509,0.057497372386055,0.373164005502942,0.0133480480359382,0.00590463443291273
322.967032967033,3229.67032967033,2.11547713943645e-05,0.0193167609921871,0.0575592612059193,0.373565670465322,0.013392516308422,0.00592424468376502
322.985347985348,3229.85347985348,2.12253400953651e-05,0.0193811984046907,0.0576213562416537,0.373968673790429,0.0134372335462916,0.00594396485839908
323.003663003663,3230.03663003663,2.12963050746418e-05,0.0194459976652428,0.0576836586497166,0.374373022983799,0.013482201742721,0.00596379592252186
323.021978021978,3230.21978021978,2.13676696260571e-05,0.0195111617815221,0.0577461695961389,0.374778725613097,0.0135274229212985,0.00598373886022363
323.040293040293,3230.40293040293,2.1439437098041e-05,0.0195766938110337,0.0578088902566831,0.375185789309145,0.013572899137141,0.00600379467389263
323.058608058608,3230.58608058608,2.15116108946204e-05,0.0196425968620491,0.0578718218170045,0.375594221766969,0.0136186324780286,0.0060239643840205
323.076923076923,3230.76923076923,2.15841944762602e-05,0.0197088740943745,0.0579349654728154,0.376004030746869,0.0136646250654616,0.00604424902891289
323.095238095238,3230.95238095238,2.16571913605516e-05,0.0197755287199785,0.0579983224300519,0.376415224075499,0.0137108790556869,0.00606464966429161
323.113553113553,3231.13553113553,2.17306051227095e-05,0.0198425640034474,0.0580618939050423,0.376827809646955,0.0137573966406896,0.00608516736275779
323.131868131868,3231.31868131868,2.18044393958541e-05,0.0199099832622415,0.058125681124676,0.37724179542388,0.0138041800490749,0.00610580321316652
323.150183150183,3231.50183150183,2.18786978710875e-05,0.0199777898667653,0.0581896853265742,0.377657189438566,0.0138512315468759,0.00612655831988932
323.168498168498,3231.68498168498,2.19533842973922e-05,0.0200459872402747,0.0582539077592594,0.378073999794056,0.0138985534383012,0.00614743380197347
323.186813186813,3231.86813186813,2.20285024812626e-05,0.0201145788585409,0.0583183496823248,0.378492234665242,0.0139461480663413,0.00616843079219957
323.205128205128,3232.05128205128,2.21040562861278e-05,0.020183568249323,0.0583830123666025,0.378911902299958,0.0139940178132635,0.00618955043605946
323.223443223443,3232.23443223443,2.21800496315554e-05,0.0202529589916409,0.0584478970943287,0.379333011020052,0.0140421651009856,0.00621079389065532
323.241758241758,3232.41758241758,2.22564864922215e-05,0.0203227547148353,0.0585130051593075,0.37975556922245,0.0140905923913042,0.00623216232353108
323.260073260073,3232.60073260073,2.23333708966381e-05,0.0203929590974048,0.0585783378670707,0.38017958538019,0.0141393021859661,0.00625365691143876
323.278388278388,3232.78388278388,2.24107069257051e-05,0.0204635758656849,0.0586438965350333,0.380605068043434,0.0141882970265975,0.00627527883908738
323.296703296703,3232.96703296703,2.24884987110336e-05,0.0205346087923156,0.0587096824926449,0.381032025840451,0.0142375794944587,0.00629702929785687
323.315018315018,3233.15018315018,2.25667504330983e-05,0.0206060616945556,0.0587756970815359,0.381460467478562,0.014287152210047,0.0063189094845086
323.333333333333,3233.33333333333,2.2645466319188e-05,0.02067793843241,0.0588419416556576,0.381890401745055,0.0143370178325084,0.00634092059990157
323.351648351648,3233.51648351648,2.2724650641217e-05,0.0207502429066323,0.0589084175814166,0.382321837508053,0.0143871790588792,0.0063630638477531
323.369963369963,3233.69963369963,2.28043077134091e-05,0.0208229790566095,0.058975126237802,0.38275478371734,0.0144376386231781,0.00638534043343138
323.388278388278,3233.88278388278,2.28844418898548e-05,0.0208961508581312,0.0590420690165061,0.383189249405146,0.0144883992953153,0.00640775156281584
323.406593406593,3234.06593406593,2.29650575620014e-05,0.0209697623210986,0.0591092473220376,0.383625243686879,0.0145394638798387,0.00643029844125992
323.424908424908,3234.24908424908,2.30461591560773e-05,0.0210438174871718,0.0591766625718271,0.384062775761815,0.0145908352145359,0.00645298227263597
323.443223443223,3234.43223443223,2.31277511304738e-05,0.0211183204273794,0.0592443161963255,0.38450185491373,0.0146425161688789,0.00647580425850044
323.461538461538,3234.61538461538,2.32098379731836e-05,0.0211932752397793,0.0593122096390943,0.384942490511491,0.0146945096423671,0.00649876559741214
323.479853479853,3234.79853479854,2.32924241992409e-05,0.0212686860471218,0.0593803443568887,0.385384692009591,0.014746818562739,0.00652186748438282
323.498168498169,3234.98168498169,2.33755143482347e-05,0.0213445569945784,0.0594487218197328,0.385828468948644,0.0147994458840878,0.00654511111049059
323.516483516484,3235.16483516484,2.34591129819566e-05,0.0214208922475942,0.0595173435109883,0.386273830955822,0.0148523945849155,0.00656849766267869
323.534798534799,3235.34798534799,2.3543224682167e-05,0.0214976959898479,0.0595862109274162,0.38672078774526,0.0149056676661278,0.00659202832372014
323.553113553114,3235.53113553114,2.36278540485488e-05,0.021574972421384,0.0596553255792315,0.387169349118417,0.0149592681490034,0.00661570427238059
323.571428571429,3235.71428571429,2.37130056968729e-05,0.0216527257569367,0.0597246889901539,0.38761952496439,0.0150131990731679,0.00663952668376886
323.589743589744,3235.89743589744,2.37986842574083e-05,0.021730960224479,0.0597943026974513,0.388071325260212,0.0150674634945962,0.00666349672988285
323.608058608059,3236.08058608059,2.38848943735912e-05,0.0218096800640069,0.0598641682519808,0.388524760071108,0.0151220644836596,0.00668761558034733
323.626373626374,3236.26373626374,2.39716407010008e-05,0.0218888895266045,0.059934287218225,0.388979839550736,0.0151770051232585,0.00671188440334598
323.644688644689,3236.44688644689,2.40589279067087e-05,0.0219685928738495,0.0600046611743267,0.389436573941409,0.015232288507121,0.00673630436672849
323.663003663004,3236.63003663004,2.41467606689081e-05,0.0220487943774754,0.0600752917121217,0.389894973574307,0.0152879177381805,0.00676087663929496
323.681318681319,3236.81318681319,2.4235143676933e-05,0.0221294983193881,0.0601461804371706,0.39035504886969,0.0153438959271403,0.00678560239224781
323.699633699634,3236.99633699634,2.43240816317098e-05,0.022210708992079,0.0602173289687921,0.390816810337105,0.0154002261912895,0.00681048280078951
323.717948717949,3237.17948717949,2.44135792465542e-05,0.0222924306993521,0.0602887389400979,0.391280268575622,0.0154569116535007,0.00683551904585139
323.736263736264,3237.36263736264,2.45036412484166e-05,0.0223746677574617,0.0603604119980302,0.391745434274065,0.0155139554415034,0.00686071231595826
323.754578754579,3237.54578754579,2.45942723795404e-05,0.0224574244966263,0.0604323498034036,0.3922123182113,0.0155713606874576,0.00688606380916868
323.772893772894,3237.72893772894,2.46854773994894e-05,0.0225407052628799,0.0605045540309528,0.392680931256529,0.0156291305277802,0.00691157473509967
323.791208791209,3237.91208791209,2.4777261087635e-05,0.0226245144203432,0.0605770263693865,0.39315128436965,0.0156872681033178,0.00693724631702547
323.809523809524,3238.09523809524,2.48696282460392e-05,0.0227088563538559,0.0606497685214492,0.393623388601655,0.0157457765598583,0.00696307979399764
323.827838827839,3238.27838827839,2.49625837026989e-05,0.0227937354719396,0.0607227822039922,0.39409725509509,0.0158046590489718,0.00698907642296779
323.846153846154,3238.46153846154,2.50561323151933e-05,0.0228791562101277,0.0607960691480546,0.39457289508458,0.0158639187291975,0.00701523748093016
323.864468864469,3238.64468864469,2.51502789746697e-05,0.022965123034605,0.0608696310989556,0.39505031989743,0.0159235587675867,0.00704156426701824
323.882783882784,3238.82783882784,2.52450286101543e-05,0.0230516404461446,0.0609434698163985,0.395529540954302,0.0159835823416044,0.00706805810454015
323.901098901099,3239.01098901099,2.53403861931366e-05,0.0231387129842933,0.0610175870745888,0.396010569769975,0.016043992641336,0.00709472034295729
323.919413919414,3239.19413919414,2.54363567424316e-05,0.0232263452318114,0.061091984662365,0.3964934179542,0.0161047928720476,0.00712155235976378
323.937728937729,3239.37728937729,2.55329453292771e-05,0.0233145418193276,0.0611666643833447,0.396978097212646,0.0161659862570719,0.00714855556225571
323.956043956044,3239.56043956044,2.56301570826465e-05,0.0234033074301896,0.0612416280560861,0.397464619347946,0.0162275760409992,0.00717573138919045
323.974358974359,3239.74358974359,2.57279971946084e-05,0.0234926468053587,0.0613168775142646,0.397952996260846,0.0162895654930732,0.0072030813122855
323.992673992674,3239.92673992674,2.58264709258466e-05,0.0235825647484495,0.0613924146068657,0.398443239951459,0.0163519579108798,0.00723060683756963
324.010989010989,3240.10989010989,2.59255836112572e-05,0.0236730661308412,0.0614682411983947,0.39893536252062,0.016414756624252,0.0072583095065892
324.029304029304,3240.29304029304,2.60253406655417e-05,0.0237641558967846,0.0615443591691018,0.399429376171349,0.0164779649993442,0.00728619089744042
324.047619047619,3240.47619047619,2.61257475887163e-05,0.0238558390684326,0.0616207704152244,0.39992529321043,0.0165415864428161,0.00731425262561657
324.065934065934,3240.65934065934,2.6226809971621e-05,0.023948120750871,0.0616974768492453,0.400423126050075,0.016605624406172,0.00734249634469904
324.084249084249,3240.84249084249,2.63285335012367e-05,0.0240410061369731,0.0617744804001666,0.400922887209712,0.0166700823901076,0.0073709237468655
324.102564102564,3241.02564102564,2.6430923965849e-05,0.0241345005121155,0.0618517830137994,0.40142458931786,0.0167349639489015,0.00739953656321399
324.120879120879,3241.20879120879,2.65339872600213e-05,0.0242286092587183,0.0619293866530678,0.401928245114104,0.0168002726947736,0.0074283365639447
324.139194139194,3241.39194139194,2.66377293893453e-05,0.0243233378605838,0.0620072932983281,0.402433867451163,0.0168660123022149,0.00745732555836882
324.157509157509,3241.57509157509,2.67421564748209e-05,0.0244186919068951,0.0620855049477002,0.402941469297048,0.0169321865121437,0.0074865053947514
324.175824175824,3241.75824175824,2.68472747569946e-05,0.0245146770959952,0.0621640236174126,0.403451063737293,0.0169987991359553,0.00751587796003994
324.194139194139,3241.94139194139,2.69530905997581e-05,0.0246112992388559,0.0622428513421587,0.403962663977274,0.0170658540594037,0.00754544517945214
324.212454212454,3242.12454212454,2.70596104937498e-05,0.0247085642621828,0.0623219901754632,0.404476283344581,0.0171333552462456,0.00757520901593728
324.230769230769,3242.30769230769,2.71668410593663e-05,0.0248064782111666,0.0624014421900585,0.404991935291465,0.0172013067416068,0.00760517146955978
324.249084249084,3242.49084249084,2.72747890494241e-05,0.0249050472519121,0.0624812094782691,0.405509633397336,0.0172697126751258,0.00763533457678631
324.267399267399,3242.67399267399,2.73834613513794e-05,0.0250042776734661,0.0625612941524035,0.406029391371296,0.0173385772637734,0.00766570040969277
324.285714285714,3242.85714285714,2.74928649891466e-05,0.0251041758894775,0.0626416983451518,0.406551223054728,0.0174079048143333,0.0076962710751442
324.304029304029,3243.04029304029,2.76030071245182e-05,0.0252047484394938,0.0627224242099875,0.407075142423905,0.0174776997255643,0.00772704871392944
324.322344322344,3243.22344322344,2.77138950581679e-05,0.0253060019898772,0.0628034739215741,0.407601163592619,0.017547966490015,0.00775803549986219
324.340659340659,3243.40659340659,2.78255362302935e-05,0.0254079433343916,0.062884849676173,0.40812930081484,0.0176187096954865,0.0077892336389051
324.358974358974,3243.58974358974,2.79379382208718e-05,0.0255105793944355,0.0629665536920531,0.408659568487365,0.0176899340261411,0.0078206453682944
324.377289377289,3243.77289377289,2.80511087495552e-05,0.0256139172189473,0.0630485882099003,0.409191981152484,0.0177616442632594,0.00785227295568786
324.395604395604,3243.95604395604,2.81650556752717e-05,0.02571796398404,0.0631309554932272,0.40972655350063,0.0178338452856741,0.00788411869836585
324.413919413919,3244.13919413919,2.82797869955141e-05,0.0258227269923527,0.0632136578287799,0.410263300373027,0.0179065420698727,0.00791618492248001
324.432234432234,3244.32234432234,2.83953108453551e-05,0.0259282136721506,0.0632966975269428,0.410802236764314,0.0179797396897753,0.0079484739823753
324.450549450549,3244.50549450549,2.85116354962889e-05,0.0260344315762678,0.0633800769221406,0.411343377825153,0.0180534433162793,0.00798098825998858
324.468864468864,3244.68864468864,2.86287693548463e-05,0.0261413883808424,0.0634637983732359,0.41188673886481,0.0181276582165169,0.00801373016432544
324.48717948718,3244.87179487179,2.87467209610349e-05,0.0262490918838921,0.0635478642639231,0.412432335353714,0.0182023897528506,0.0080467021310415
324.505494505494,3245.05494505494,2.88654989867274e-05,0.0263575500038431,0.0636322770031167,0.412980182925973,0.018277643381728,0.00807990662211505
324.52380952381,3245.2380952381,2.89851122340025e-05,0.0264667707780146,0.063717039025336,0.413530297381873,0.0183534246523863,0.0081133461256283
324.542124542125,3245.42124542125,2.91055696333768e-05,0.0265767623610044,0.0638021527910834,0.414082694690336,0.0184297392053472,0.00814702315565721
324.56043956044,3245.6043956044,2.92268802421547e-05,0.0266875330231825,0.0638876207872187,0.414637390991343,0.0185065927709074,0.0081809402522751
324.578754578755,3245.78754578755,2.93490532427898e-05,0.0267990911491944,0.0639734455273283,0.415194402598334,0.01858399116754,0.00821509998165439
324.59706959707,3245.9706959707,2.94720979413318e-05,0.0269114452365435,0.064059629552089,0.415753746000571,0.0186619403002584,0.00824950493628509
324.615384615385,3246.15384615385,2.95960237660589e-05,0.0270246038943416,0.0641461754296288,0.416315437865474,0.0187404461590384,0.00828415773530323
324.6336996337,3246.336996337,2.9720840266251e-05,0.0271385758421894,0.0642330857558824,0.416879495040932,0.0188195148172718,0.00831906102491767
324.652014652015,3246.52014652015,2.98465571111632e-05,0.0272533699092389,0.0643203631549444,0.417445934557597,0.0188991524303011,0.00835421747893788
324.67032967033,3246.7032967033,2.99731840892845e-05,0.0273689950335163,0.0644080102794195,0.418014773631152,0.0189793652341034,0.00838962979941288
324.688644688645,3246.88644688645,3.01007311077745e-05,0.0274854602614078,0.0644960298107711,0.418586029664577,0.0190601595440754,0.00842530071733245
324.70695970696,3247.0695970696,3.02292081922365e-05,0.0276027747474526,0.0645844244596678,0.419159720250398,0.0191415417540205,0.00846123299343206
324.725274725275,3247.25274725275,3.03586254867703e-05,0.0277209477543909,0.064673196966331,0.41973586317294,0.0192235183353154,0.00849742941907552
324.74358974359,3247.4358974359,3.0488993254346e-05,0.0278399886535053,0.064762350100882,0.420314476410582,0.0193060958363018,0.00853389281720355
324.761904761905,3247.61904761905,3.06203218775053e-05,0.0279599069252611,0.064851886663691,0.420895578138022,0.0193892808819166,0.00857062604334454
324.78021978022,3247.8021978022,3.07526218593819e-05,0.0280807121602381,0.0649418094857291,0.421479186728559,0.0194730801735462,0.00860763198669197
324.798534798535,3247.98534798535,3.08859038250374e-05,0.0282024140603505,0.0650321214289227,0.4220653207564,0.0195575004891281,0.00864491357122235
324.81684981685,3248.1684981685,3.10201785231729e-05,0.0283250224404095,0.0651228253865137,0.422653998998988,0.0196425486835452,0.00868247375686424
324.835164835165,3248.35164835165,3.11554568281355e-05,0.0284485472299559,0.065213924283424,0.423245240439374,0.0197282316892534,0.00872031554070242
324.85347985348,3248.5347985348,3.12917497422519e-05,0.0285729984753906,0.0653054210766267,0.423839064268625,0.0198145565171816,0.00875844195820902
324.871794871795,3248.71794871795,3.1429068398469e-05,0.028698386342386,0.0653973187555251,0.424435489888285,0.0199015302578885,0.00879685608449749
324.89010989011,3248.9010989011,3.15674240633015e-05,0.0288247211185771,0.0654896203423395,0.425034536912881,0.0199891600829626,0.00883556103561458
324.908424908425,3249.08424908425,3.17068281400591e-05,0.0289520132165093,0.0655823288925027,0.425636225172494,0.0200774532466879,0.00887455996982137
324.92673992674,3249.2673992674,3.18472921723526e-05,0.0290802731768384,0.0656754474950663,0.426240574715393,0.0201664170879353,0.00891385608890312
324.945054945055,3249.45054945055,3.1988827847818e-05,0.0292095116717323,0.0657689792731163,0.426847605810738,0.0202560590322537,0.00895345263947857
324.96336996337,3249.6336996337,3.21314470020703e-05,0.029339739508481,0.0658629273842018,0.427457338951354,0.0203463865941816,0.00899335291429942
324.981684981685,3249.81684981685,3.22751616229283e-05,0.0294709676333538,0.0659572950207736,0.428069794856583,0.0204374073797803,0.00903356025357345
325,3250,3.24199838547769e-05,0.0296032071355836,0.0660520854106372,0.428684994475222,0.020529129089307,0.00907407804627665
325.018315018315,3250.18315018315,3.25659260030721e-05,0.0297364692514794,0.0661473018174175,0.429302958988543,0.0206215595200336,0.00911490973144578
325.03663003663,3250.3663003663,3.2713000539051e-05,0.0298707653687277,0.0662429475410381,0.429923709813395,0.0207147065692481,0.00915605879947959
325.054945054945,3250.54945054945,3.2861220104572e-05,0.0300061070308125,0.0663390259182137,0.43054726860541,0.0208085782373778,0.00919752879343474
325.07326007326,3250.7326007326,3.30105975170218e-05,0.0301425059414948,0.0664355403229572,0.431173657262286,0.0209031826311832,0.00923932331031156
325.091575091575,3250.91575091575,3.31611457743638e-05,0.0302799739694234,0.0665324941671017,0.43180289792718,0.0209985279670885,0.00928144600233495
325.10989010989,3251.0989010989,3.33128780602183e-05,0.0304185231527737,0.0666298909008366,0.432435012992185,0.0210946225745499,0.00932390057822379
325.128205128205,3251.28205128205,3.34658077490415e-05,0.0305581657039758,0.0667277340132597,0.433070025101913,0.0211914748995196,0.00936669080445624
325.14652014652,3251.4652014652,3.36199484113632e-05,0.0306989140144983,0.0668260270329435,0.433707957157171,0.0212890935079569,0.00940982050654141
325.164835164835,3251.64835164835,3.37753138190415e-05,0.0308407806596455,0.0669247735285179,0.434348832318744,0.0213874870893551,0.00945329357029047
325.18315018315,3251.8315018315,3.39319179505398e-05,0.0309837784033767,0.0670239771092674,0.434992674011268,0.0214866644603097,0.00949711394306694
325.201465201465,3252.01465201465,3.40897749962697e-05,0.031127920203184,0.0671236414257451,0.435639505927218,0.0215866345681298,0.00954128563505427
325.21978021978,3252.1978021978,3.42488993638949e-05,0.0312732192149364,0.0672237701704008,0.436289352030981,0.0216874064943982,0.00958581272053822
325.238095238095,3252.38095238095,3.44093056837031e-05,0.0314196887977841,0.0673243670782258,0.436942236563045,0.0217889894586078,0.00963069933917624
325.25641025641,3252.5641025641,3.45710088139643e-05,0.0315673425190517,0.067425435927413,0.43759818404428,0.0218913928217705,0.00967594969728123
325.274725274725,3252.74725274725,3.47340238463079e-05,0.0317161941591481,0.0675269805400334,0.438257219280329,0.021994626090012,0.00972156806913612
325.29304029304,3252.9304029304,3.48983661110822e-05,0.0318662577164601,0.0676290047827267,0.438919367366093,0.0220986989181632,0.0097675587982969
325.311355311355,3253.11355311355,3.50640511828062e-05,0.0320175474123307,0.06773151256741,0.439584653690323,0.0222036211134013,0.0098139262989294
325.32967032967,3253.2967032967,3.52310948855779e-05,0.0321700776959976,0.0678345078520002,0.44025310394032,0.0223094026388249,0.00986067505717275
325.347985347985,3253.47985347985,3.53995132985095e-05,0.032323863249556,0.0679379946411541,0.440924744106727,0.0224160536170476,0.00990780963250847
325.3663003663,3253.663003663,3.55693227612447e-05,0.0324789189929965,0.0680419769870233,0.441599600488434,0.0225235843338276,0.00995533465916893
325.384615384615,3253.84615384615,3.57405398794989e-05,0.0326352600892642,0.0681464589900257,0.442277699697587,0.0226320052416877,0.0100032548475766
325.40293040293,3254.0293040293,3.59131815306338e-05,0.0327929019493487,0.0682514447996335,0.442959068664697,0.0227413269635389,0.0100515749858097
325.421245421245,3254.21245421245,3.60872648693288e-05,0.0329518602374628,0.0683569386151777,0.443643734643864,0.022851560296357,0.0101002999411057
325.43956043956,3254.3956043956,3.62628073332894e-05,0.033112150876255,0.0684629446866683,0.444331725218102,0.0229627162148502,0.0101494346614047
325.457875457875,3254.57875457875,3.64398266491102e-05,0.0332737900521632,0.068569467315633,0.445023068304779,0.023074805875222,0.0101989841769412
325.47619047619,3254.7619047619,3.6618340838169e-05,0.0334367942207963,0.0686765108559718,0.445717792161164,0.0231878406189341,0.0102489536018622
325.494505494506,3254.94505494506,3.67983682226302e-05,0.0336011801124166,0.0687840797148297,0.446415925390092,0.0233018319765217,0.0102993481358949
325.51282051282,3255.12820512821,3.69799274316539e-05,0.0337669647376089,0.068892178353487,0.447117496945744,0.0234167916715229,0.010350173066086
325.531135531136,3255.31135531136,3.71630374076839e-05,0.0339341653930222,0.0690008112882683,0.447822536139541,0.0235327316244483,0.0104014337685739
325.549450549451,3255.49450549451,3.73477174128743e-05,0.0341027996672383,0.0691099830914692,0.448531072646165,0.0236496639568279,0.0104531357104104
325.567765567766,3255.67765567766,3.75339870357058e-05,0.0342728854468133,0.0692196983923034,0.449243136509699,0.0237676009953664,0.0105052844514469
325.586080586081,3255.86080586081,3.77218661977914e-05,0.0344444409224914,0.0693299618778684,0.449958758149899,0.0238865552762007,0.0105578856462907
325.604395604396,3256.04395604396,3.79113751608899e-05,0.0346174845956093,0.0694407782941318,0.450677968368597,0.024006539549294,0.0106109450463153
325.622710622711,3256.22710622711,3.81025345340488e-05,0.0347920352846189,0.0695521524469385,0.451400798356232,0.0241275667828948,0.0106644685017241
325.641025641026,3256.41025641026,3.82953652810072e-05,0.0349681121318464,0.0696640892030388,0.452127279698526,0.0242496501681557,0.0107184619636908
325.659340659341,3256.59340659341,3.8489888727872e-05,0.0351457346105022,0.0697765934911392,0.452857444383303,0.0243728031239191,0.0107729314865831
325.677655677656,3256.77655677656,3.86861265709488e-05,0.0353249225318308,0.069889670302975,0.453591324807453,0.0244970393016014,0.0108278832302293
325.695970695971,3256.95970695971,3.8884100884878e-05,0.0355056960525403,0.0700033246944074,0.454328953784046,0.0246223725902529,0.0108833234622873
325.714285714286,3257.14285714286,3.90838341310189e-05,0.035688075682458,0.0701175617865437,0.455070364549609,0.0247488171217852,0.0109392585606728
325.732600732601,3257.32600732601,3.92853491661062e-05,0.0358720822924349,0.0702323867668833,0.455815590771559,0.0248763872763642,0.0109956950160707
325.750915750916,3257.50915750916,3.9488669251185e-05,0.0360577371225043,0.0703478048904889,0.456564666555807,0.0250050976879672,0.0110526394345371
325.769230769231,3257.69230769231,3.96938180608087e-05,0.0362450617902806,0.0704638214811849,0.457317626454535,0.0251349632501055,0.0111100985401752
325.787545787546,3257.87545787546,3.99008196925811e-05,0.0364340782996722,0.0705804419327823,0.458074505474144,0.0252659991217747,0.0111680791778975
325.805860805861,3258.05860805861,4.01096986769812e-05,0.0366248090498528,0.070697671710333,0.458835339083397,0.0253982207335696,0.0112265883162832
325.824175824176,3258.24175824176,4.03204799874606e-05,0.0368172768444817,0.0708155163514124,0.459600163221741,0.0255316437939619,0.0112856330505198
325.842490842491,3258.42490842491,4.05331890509227e-05,0.0370115049012719,0.0709339814674329,0.460369014307836,0.025666284295822,0.0113452206054499
325.860805860806,3258.60805860806,4.07478517584788e-05,0.0372075168618125,0.0710530727449879,0.46114192924827,0.0258021585231243,0.0114053583386882
325.879120879121,3258.79120879121,4.09644944765359e-05,0.0374053368016924,0.0711727959472283,0.4619189454465,0.0259392830578274,0.011466053743865
325.897435897436,3258.97435897436,4.11831440582352e-05,0.0376049892409456,0.0712931569152714,0.462700100811994,0.0260776747869944,0.0115273144539512
325.915750915751,3259.15750915751,4.14038278552072e-05,0.0378064991547842,0.0714141615696446,0.463485433769598,0.0262173509100985,0.0115891482446858
325.934065934066,3259.34065934066,4.16265737296628e-05,0.0380098919846402,0.0715358159117631,0.464274983269129,0.0263583289465227,0.0116515630381176
325.952380952381,3259.52380952381,4.18514100668136e-05,0.0382151936495052,0.0716581260254444,0.465068788795205,0.0265006267432697,0.0117145669062355
325.970695970696,3259.70695970696,4.20783657876677e-05,0.0384224305576155,0.0717810980784592,0.465866890377305,0.0266442624829022,0.0117781680747132
325.989010989011,3259.89010989011,4.23074703621403e-05,0.0386316296184232,0.0719047383241202,0.466669328600089,0.0267892546916496,0.0118423749267736
326.007326007326,3260.07326007326,4.25387538225131e-05,0.0388428182548864,0.0720290531029102,0.467476144613958,0.0269356222477463,0.0119071960071401
326.025641025641,3260.25641025641,4.27722467772553e-05,0.0390560244160892,0.07215404884415,0.468287380145883,0.027083384389966,0.0119726400261232
326.043956043956,3260.43956043956,4.30079804251901e-05,0.0392712765901773,0.0722797320677072,0.46910307751049,0.0272325607263618,0.0120387158638155
326.062271062271,3260.62271062271,4.3245986570002e-05,0.039488603817605,0.0724061093857472,0.469923279621429,0.027383171243214,0.012105432574391
326.080586080586,3260.80586080586,4.3486297635102e-05,0.0397080357047087,0.0725331875045271,0.470748030003017,0.0275352363141864,0.0121727993905224
326.098901098901,3260.98901098901,4.3728946678875e-05,0.03992960243763,0.0726609732262337,0.471577372802161,0.027688776709682,0.012240825727948
326.117216117216,3261.17216117216,4.39739674102913e-05,0.0401533347965701,0.0727894734508667,0.472411352800589,0.027843813606432,0.012309521190138
326.135531135531,3261.35531135531,4.42213942048282e-05,0.0403792641703286,0.0729186951781685,0.473250015427364,0.0280003685972614,0.0123788955730672
326.153846153846,3261.53846153846,4.44712621208544e-05,0.0406074225712641,0.0730486455096005,0.47409340677172,0.0281584637011119,0.0124489588701522
326.172161172161,3261.72161172161,4.47236069163867e-05,0.0408378426505951,0.0731793316503689,0.474941573596204,0.0283181213732852,0.01251972127731
326.190476190476,3261.90476190476,4.4978465066208e-05,0.0410705577140309,0.0733107609114992,0.475794563350142,0.0284793645158989,0.012591193198132
326.208791208791,3262.08791208791,4.52358737794301e-05,0.0413056017378081,0.0734429407119624,0.476652424183437,0.0286422164885865,0.0126633852492216
326.227106227106,3262.27106227106,4.54958710174909e-05,0.0415430093851243,0.0735758785808524,0.477515204960704,0.0288067011194709,0.0127363082656534
326.245421245421,3262.45421245421,4.57584955125948e-05,0.0417828160229766,0.0737095821596176,0.478382955275746,0.0289728427163905,0.0128099733065861
326.263736263736,3262.63736263736,4.60237867866401e-05,0.0420250577394439,0.0738440592043467,0.479255725466397,0.029140666078395,0.0128843916610489
326.282051282051,3262.82051282051,4.62917851706341e-05,0.042269771361416,0.0739793175881105,0.480133566629716,0.0293101965075603,0.0129595748538556
326.300366300366,3263.00366300366,4.6562531824618e-05,0.0425169944727862,0.0741153653033622,0.481016530637566,0.0294814598210884,0.0130355346516978
326.318681318681,3263.18681318681,4.68360687582171e-05,0.0427667654332172,0.0742522104643957,0.481904670152571,0.0296544823637906,0.0131122830694267
326.336996336996,3263.36996336996,4.71124388517367e-05,0.0430191233974035,0.0743898613098664,0.48279803864447,0.0298292910209069,0.0131898323764966
326.355311355311,3263.55311355311,4.73916858778811e-05,0.0432741083349031,0.0745283262053727,0.48369669040688,0.0300059132312979,0.0132681951036052
326.373626373626,3263.73626373626,4.7673854524201e-05,0.0435317610506352,0.0746676136461046,0.484600680574479,0.0301843770010831,0.0133473840495521
326.391941391941,3263.91941391941,4.79589904162511e-05,0.0437921232060255,0.0748077322595569,0.485510065140617,0.0303647109177305,0.0134274122882951
326.410256410256,3264.10256410256,4.82471401415063e-05,0.0440552373408444,0.0749486908083124,0.48642490097538,0.0305469441646052,0.0135082931762391
326.428571428571,3264.28571428571,4.85383512741594e-05,0.0443211468958501,0.0750904981928967,0.487345245844117,0.0307311065360748,0.0135900403597753
326.446886446886,3264.46886446886,4.88326724007456e-05,0.0445898962361872,0.0752331634547057,0.488271158426441,0.0309172284531292,0.013672667783058
326.465201465201,3264.65201465201,4.91301531467669e-05,0.0448615306756972,0.0753766957790109,0.48920269833573,0.0311053409796277,0.0137561896960695
326.483516483516,3264.83516483516,4.94308442043323e-05,0.0451360965021578,0.0755211044980429,0.490139926139145,0.0312954758391877,0.0138406206629701
326.501831501831,3265.01831501831,4.97347973608872e-05,0.0454136410035158,0.0756663990941587,0.491082903378182,0.0314876654327577,0.0139259755707581
326.520146520147,3265.20146520146,5.00420655290679e-05,0.0456942124951479,0.0758125892030934,0.492031692589778,0.0316819428568948,0.0140122696382532
326.538461538462,3265.38461538462,5.03527027778267e-05,0.0459778603482816,0.0759596846173028,0.492986357328002,0.031878341922851,0.0140995184254306
326.556776556777,3265.56776556777,5.06667643648332e-05,0.046264635019581,0.0761076952893969,0.493946962186342,0.0320768971764577,0.0141877378431233
326.575091575092,3265.75091575092,5.0984306770282e-05,0.0465545880820174,0.0762566313356727,0.494913572820631,0.0322776439188916,0.0142769441631258
326.593406593407,3265.93406593407,5.13053877321402e-05,0.0468477722570546,0.0764065030397464,0.495886255972622,0.032480618228351,0.0143671540287036
326.611721611722,3266.11721611722,5.16300662829716e-05,0.047144241448273,0.0765573208562914,0.496865079494248,0.0326858569827195,0.0144583844655535
326.630036630037,3266.30036630037,5.1958402788343e-05,0.04744405077644,0.0767090954148874,0.4978501123726,0.0328933978832152,0.0145506528932248
326.648351648352,3266.48351648352,5.2290458986977e-05,0.047747256616173,0.0768618375239833,0.498841424755651,0.0331032794791221,0.0146439771370508
326.666666666667,3266.66666666667,5.26262980326672e-05,0.0480539166342136,0.077015558174981,0.499839087978758,0.0333155411936327,0.0147383754405809
326.684981684982,3266.84981684982,5.29659845380737e-05,0.048364089829418,0.0771702685464446,0.500843174591978,0.0335302233508437,0.0148338664785743
326.703296703297,3267.03296703297,5.33095846204874e-05,0.0486778365745447,0.0773259800084405,0.501853758388242,0.0337473672039599,0.0149304693705848
326.721611721612,3267.21611721612,5.36571659496373e-05,0.0489952186599084,0.0774827041270148,0.502870914432408,0.0339670149647663,0.0150282036951421
326.739926739927,3267.39926739927,5.40087977976092e-05,0.0493162993389614,0.0776404526688138,0.503894719091249,0.0341892098343856,0.0151270895045758
326.758241758242,3267.58241758242,5.43645510910119e-05,0.0496411433759277,0.0777992376058535,0.504925250064411,0.0344139960354028,0.0152271473405249
326.776556776557,3267.76556776557,5.47244984654173e-05,0.0499698170955126,0.0779590711204461,0.505962586416384,0.0346414188453702,0.0153283982501424
326.794871794872,3267.94871794872,5.50887143222032e-05,0.0503023884348074,0.0781199656102886,0.507006808609528,0.0348715246317636,0.0154308638030438
326.813186813187,3268.13186813187,5.5457274887898e-05,0.0506389269974773,0.0782819336937223,0.508057998538207,0.0351043608884454,0.0155345661090319
326.831501831502,3268.31501831502,5.58302582760903e-05,0.0509795041102929,0.0784449882151689,0.509116239564073,0.0353399762736608,0.0156395278366321
326.849816849817,3268.49816849817,5.62077445520078e-05,0.0513241928820975,0.0786091422507533,0.510181616552552,0.0355784206496291,0.0157457722324684
326.868131868132,3268.68131868132,5.65898157998994e-05,0.0516730682653349,0.0787744091141178,0.511254215910588,0.0358197451237952,0.0158533231415397
326.886446886447,3268.86446886447,5.69765561932978e-05,0.0520262071202076,0.0789408023624397,0.512334125625688,0.0360640020917905,0.0159622050284171
326.904761904762,3269.04761904762,5.73680520682267e-05,0.0523836882815235,0.0791083358026579,0.513421435306342,0.03631124528213,0.0160724429993935
326.923076923077,3269.23076923077,5.77643919996002e-05,0.0527455926284568,0.0792770234979187,0.51451623622385,0.0365615298027905,0.0161840628256663
326.941391941392,3269.41391941392,5.81656668808477e-05,0.0531120031572556,0.0794468797742502,0.515618621355646,0.0368149121896788,0.0162970909675768
326.959706959707,3269.59706959707,5.85719700069018e-05,0.0534830050570189,0.0796179192274755,0.516728685430157,0.0370714504570649,0.016411554599954
326.978021978022,3269.78021978022,5.89833971607169e-05,0.0538586857886981,0.0797901567303726,0.517846524973282,0.0373312041500768,0.0165274816386213
326.996336996337,3269.96336996337,5.94000467035077e-05,0.0542391351674958,0.0799636074400946,0.518972238356541,0.037594234399377,0.0166449007681188
327.014652014652,3270.14652014652,5.98220196688444e-05,0.0546244454487851,0.0801382868058593,0.520105925846985,0.0378606039780729,0.0167638414707122
327.032967032967,3270.32967032967,6.02494198608186e-05,0.0550147114177466,0.0803142105769198,0.521247689658926,0.0381303773609914,0.0168843340567552
327.051282051282,3270.51282051282,6.0682353956497e-05,0.0554100304829205,0.0804913948108296,0.52239763400758,0.0384036207864576,0.017006409696463
327.069597069597,3270.69597069597,6.11209316128483e-05,0.0558105027738434,0.080669855882014,0.52355586516469,0.0386804023206789,0.0171301004531645
327.087912087912,3270.87912087912,6.15652655784268e-05,0.0562162312430283,0.0808496104906613,0.52472249151624,0.0389607919248614,0.0172554393181668
327.106227106227,3271.06227106227,6.2015471810146e-05,0.0566273217725922,0.081030675671949,0.525897623622326,0.0392448615253083,0.0173824602472838
327.124542124542,3271.24542124542,6.24716695953309e-05,0.0570438832857045,0.0812130688056189,0.527081374279304,0.039532685086582,0.0175111981991225
327.142857142857,3271.42857142857,6.29339816794371e-05,0.0574660278632091,0.0813968076259187,0.52827385858431,0.0398243386879424,0.0176416891752667
327.161172161172,3271.61172161172,6.34025343998573e-05,0.0578938708658051,0.0815819102319259,0.529475194002264,0.0401199006033299,0.0177739702624752
327.179487179487,3271.79487179487,6.38774578261018e-05,0.058327531062048,0.0817683950982725,0.530685500435475,0.0404194513850453,0.0179080796770027
327.197802197802,3271.97802197802,6.43588859068392e-05,0.0587671307626153,0.0819562810862909,0.531904900295978,0.040723073951409,0.0180440568112062
327.216117216117,3272.16117216117,6.48469566242708e-05,0.0592127959612674,0.0821455874556007,0.533133518580733,0.0410308536786768,0.0181819422825907
327.234432234432,3272.34432234432,6.53418121563951e-05,0.059664656483015,0.0823363338761583,0.534371482949829,0.0413428784975323,0.0183217779854827
327.252747252747,3272.52747252747,6.58435990476655e-05,0.0601228461399482,0.0825285404407944,0.535618923807856,0.0416592389944454,0.0184636071455028
327.271062271062,3272.71062271062,6.63524683886274e-05,0.0605875028952667,0.0827222276782643,0.5368759743886,0.041980028518219,0.0186074743770477
327.289377289377,3272.89377289377,6.68685760052886e-05,0.0610587690361974,0.0829174165668379,0.53814277084324,0.0423053432921781,0.0187534257440193
327.307692307692,3273.07692307692,6.7392082658972e-05,0.0615367913564819,0.0831141285484589,0.539419452332252,0.0426352825324289,0.018901508824053
327.326007326007,3273.26007326007,6.79231542573102e-05,0.06202172134904,0.083312385543506,0.540706161121204,0.0429699485725264,0.0190517727765135
327.344322344322,3273.44322344322,6.84619620773676e-05,0.0625137154097057,0.083512209966189,0.542003042680677,0.0433094469951363,0.0192042684145694
327.362637362637,3273.62637362637,6.9008683001843e-05,0.063012935052908,0.0837136247406165,0.543310245790555,0.0436538867712506,0.0193590482816574
327.380952380952,3273.80952380952,6.95634997692943e-05,0.0635195471401542,0.0839166533175763,0.544627922648919,0.0440033804074494,0.0195161667327048
327.399267399267,3273.99267399267,7.01266012395582e-05,0.0640337241223897,0.0841213196920694,0.545956228985856,0.0443580441018622,0.0196756800205275
327.417582417582,3274.17582417582,7.06981826756863e-05,0.0645556442974382,0.0843276484216451,0.547295324182448,0.0447179979096225,0.0198376463878157
327.435897435897,3274.35897435897,7.12784460435762e-05,0.0650854920835994,0.0845356646455869,0.548645371395293,0.0450833659184397,0.0200021261651598
327.454212454212,3274.54212454212,7.18676003308381e-05,0.0656234583108115,0.0847453941050034,0.5500065376869,0.0454542764351459,0.0201691818756656
327.472527472527,3274.72527472527,7.24658618864842e-05,0.0661697405308268,0.0849568631638822,0.551378994162324,0.0458308621841042,0.0203388783467226
327.490842490843,3274.90842490843,7.30734547831997e-05,0.0667245433480074,0.0851700988311709,0.552762916112484,0.0462132605184966,0.0205112828295108
327.509157509157,3275.09157509157,7.36906112040822e-05,0.0672880787724628,0.0853851287839536,0.55415848316457,0.0466016136455289,0.0206864651269339
327.527472527473,3275.27472527473,7.43175718558136e-05,0.0678605665973242,0.0856019813917978,0.555565879440065,0.0469960688666101,0.0208644977307142
327.545787545788,3275.45787545788,7.4954586410612e-05,0.0684422348022977,0.0858206857423511,0.556985293720868,0.0473967788338921,0.0210454559684057
327.564102564103,3275.64102564103,7.56019139794417e-05,0.0690333199857599,0.086041271668278,0.558416919624114,0.0478039018245272,0.0212294181612327
327.582417582418,3275.82417582418,7.62598236189479e-05,0.0696340678276478,0.0862637697756288,0.559860955786294,0.0482176020340111,0.0214164657936367
327.600732600733,3276.00732600733,7.69285948751751e-05,0.0702447335859375,0.0864882114737456,0.56131760605735,0.048638049890386,0.0216066836955516
327.619047619048,3276.19047619048,7.76085183671012e-05,0.0708655826294781,0.0867146290068175,0.562787079705466,0.0490654223909981,0.02180016023848
327.637362637363,3276.37362637363,7.82998964133155e-05,0.0714968910102212,0.086943055487205,0.56426959163335,0.0494999034636926,0.0219969875465286
327.655677655678,3276.55677655678,7.90030437054773e-05,0.0721389460781673,0.0871735249306666,0.565765362606861,0.0499416843545493,0.022197261723618
327.673992673993,3276.73992673993,7.97182880325038e-05,0.0727920471426331,0.0874060722936288,0.567274619496888,0.0503909640444214,0.0224010830982116
327.692307692308,3276.92307692308,8.04459710595967e-05,0.0734565061835929,0.087640733512655,0.568797595535516,0.0508479496966754,0.0226085564869174
327.710622710623,3277.10622710623,8.11864491665497e-05,0.0741326486171513,0.0878775455462801,0.57033453058753,0.051312857138707,0.0228197914784443
327.728937728938,3277.28937728938,8.19400943500418e-05,0.0748208141194412,0.0881165464193903,0.571885671438449,0.0517859113800089,0.0230349027394324
327.747252747253,3277.47252747253,8.27072951949631e-05,0.0755213575135568,0.088357775270344,0.573451272100342,0.0522673471697888,0.0232540103437681
327.765567765568,3277.65567765568,8.34884579199607e-05,0.076234649724259,0.0886012724010426,0.575031594136798,0.0527574095973049,0.0234772401269541
327.783882783883,3277.83882783883,8.428400750264e-05,0.0769610788054138,0.0888470793301767,0.576626907008492,0.0532563547381574,0.0237047240672564
327.802197802198,3278.02197802198,8.50943888901758e-05,0.077701051045422,0.0890952388498894,0.578237488440942,0.0537644503501384,0.0239366006952835
327.820512820513,3278.20512820513,8.59200683010226e-05,0.0784549921558301,0.0893457950861153,0.579863624816115,0.0542819766222402,0.0241730155335898
327.838827838828,3278.38827838828,8.67615346235944e-05,0.0792233485484888,0.0895987935628706,0.581505611589671,0.0548092269805389,0.0244141215679499
327.857142857143,3278.57142857143,8.76193009179268e-05,0.0800065887067439,0.0898542812707877,0.583163753735767,0.0553465089549426,0.0246600797518013
327.875457875458,3278.75457875458,8.84939060258846e-05,0.0808052046557429,0.0901123067402033,0.584838366221402,0.0558941451105967,0.0249110595451461
327.893772893773,3278.93772893773,8.93859162955807e-05,0.0816197135370294,0.0903729201191281,0.58652977451245,0.0564524740478884,0.025167239489141
327.912087912088,3279.12087912088,9.02959274251507e-05,0.0824506592921236,0.0906361732564399,0.588238315113591,0.0570218514749035,0.0254288078172201
327.930402930403,3279.30402930403,9.12245664304598e-05,0.0832986144592664,0.0909021197906569,0.58996433614446,0.057602651355958,0.0256959631033084
327.948717948718,3279.48717948718,9.21724937405995e-05,0.084164182086852,0.0911708152446617,0.591708197954416,0.0581952671396065,0.0259689149472455
327.967032967033,3279.67032967033,9.31404054240283e-05,0.0850479977661517,0.0914423171267553,0.593470273778392,0.0588001130691695,0.0262478846969822
327.985347985348,3279.85347985348,9.41290355469113e-05,0.0859507317847521,0.0917166850384268,0.595250950436334,0.0594176255782364,0.0265331062065157
328.003663003663,3280.03663003663,9.51391586636137e-05,0.0868730914006646,0.0919939807892295,0.597050629078755,0.060048264772947,0.0268248266277176
328.021978021978,3280.21978021978,9.61715924373427e-05,0.0878158232352756,0.0922742685191479,0.598869725980912,0.0606925160019462,0.0271233072333294
328.040293040293,3280.40293040293,9.72272003866343e-05,0.0887797157812074,0.0925576148288337,0.600708673388055,0.0613508915138765,0.0274288242673309
328.058608058608,3280.58608058608,9.83068947503724e-05,0.0897656020184133,0.092844088918073,0.602567920414085,0.0620239322007662,0.0277416698176471
328.076923076923,3280.76923076923,9.94116394610246e-05,0.0907743621290867,0.0931337627328177,0.604447933995813,0.0627122094242549,0.0280621527048319
328.095238095238,3280.95238095238,0.000100542453211723,0.091806926298262,0.0934267111210828,0.606349199904742,0.0634163269195476,0.0283905993787144
328.113553113553,3281.13553113553,0.000101700412598424,0.0928642775829714,0.0937230119979615,0.608272223818039,0.0641369227697278,0.0287273548132436
328.131868131868,3281.31868131868,0.000102886655313451,0.0939474548283186,0.0940227465199472,0.610217532449896,0.0648746714405044,0.0290727833878142
328.150183150183,3281.50183150183,0.000104102383361003,0.0950575556036135,0.0943259992686764,0.612185674744047,0.0656302858624242,0.0294272697411893
328.168498168498,3281.68498168498,0.000105348866258821,0.0961957391258618,0.0946328584441099,0.614177223127532,0.0664045195441333,0.0297912195817284
328.186813186813,3281.86813186813,0.000106627444183229,0.0973632291315561,0.094943416067057,0.6161927748251,0.0671981686964782,0.0301650604350778
328.205128205128,3282.05128205128,0.000107939531007032,0.0985613166506283,0.0952577681908087,0.618232953232732,0.0680120743428607,0.0305492423077676
328.223443223443,3282.23443223443,0.000109286617171262,0.0997913626286826,0.0955760151214891,0.62029840934774,0.068847124386492,0.0309442382421906
328.241758241758,3282.41758241758,0.000110670272322704,0.101054800335371,0.0958982616465456,0.622389823251703,0.0697042555999835,0.0313505447353877
328.260073260073,3282.60073260073,0.000112092147639502,0.102353137487935,0.0962246172705889,0.62450790564108,0.0705844554969921,0.0317686819909425
328.278388278388,3282.78388278388,0.000113553977756766,0.103687958009506,0.096555196457547,0.626653399398828,0.0714887640395079,0.0321991939699985
328.296703296703,3282.96703296703,0.000115057582193389,0.105060923331967,0.0968901188778288,0.62882708119851,0.0724182751277892,0.0326426482041782
328.315018315018,3283.15018315018,0.000116604866170292,0.10647377314309,0.0972295096588841,0.63102976313046,0.0733741378131436,0.0330996353299467
328.333333333333,3283.33333333333,0.000118197820698933,0.107928325467365,0.0975734996372087,0.633262294337323,0.0743575571664613,0.0335707683009038
328.351648351648,3283.51648351648,0.000119838521807593,0.109426475959507,0.0979222256094746,0.635525562643914,0.075369794727984,0.0340566812315225
328.369963369963,3283.69963369963,0.000121529128761962,0.11097019627964,0.0982758305800571,0.637820496163699,0.0764121684564112,0.0345580278232291
328.388278388278,3283.88278388278,0.000123271881125794,0.112561531409345,0.0986344640017955,0.640148064861353,0.0774860520878255,0.0350754793215193
328.406593406593,3284.06593406593,0.000125069094497445,0.114202595758609,0.0989982820063573,0.64250928204785,0.0785928738076081,0.0356097219510012
328.424908424908,3284.24908424908,0.000126923154749223,0.1158955679057,0.0993674476200784,0.644905205781289,0.0797341141315614,0.0361614537741383
328.443223443223,3284.43223443223,0.000128836510589122,0.11764268380515,0.0997421309606361,0.647336940143321,0.0809113028860119,0.0367313809191377
328.461538461538,3284.61538461538,0.000130811664258618,0.119446228293778,0.100122509409367,0.649805636357514,0.0821260151709321,0.0373202131228464
328.479853479853,3284.79853479854,0.000132851160176948,0.121308524721591,0.100508767753496,0.652312493712425,0.0833798661854943,0.0379286585360969
328.498168498169,3284.98168498169,0.000134957571341319,0.123231922533598,0.100901098291974,0.65485876024851,0.0846745047919892,0.0385574177416089
328.516483516484,3285.16483516484,0.000137133483295069,0.125218782630882,0.101299700898073,0.657445733164372,0.0860116056923318,0.0392071769385503
328.534798534799,3285.34798534799,0.000139381475481487,0.127271460344474,0.10170478303134,0.660074758894323,0.0873928600912199,0.039878600253254
328.553113553114,3285.53113553114,0.000141704099811221,0.129392285864908,0.102116559690973,0.662747232805821,0.0888199647223132,0.0405723211425944
328.571428571429,3285.71428571429,0.000144103856285755,0.131583541983628,0.102535253302225,0.665464598462191,0.090294609118482,0.0412889328651458
328.589743589744,3285.89743589744,0.000146583165539,0.133847439020275,0.102961093526971,0.668228346393198,0.091818461014643,0.0420289780056324
328.608058608059,3286.08058608059,0.000149144338184051,0.136186086832719,0.103394316989221,0.671040012313612,0.0933931497822715,0.042792937050447
328.626373626374,3286.26373626374,0.000151789540883072,0.138601463834925,0.103835166906074,0.673901174728026,0.0950202478088364,0.0435812160260889
328.644688644689,3286.44688644689,0.000154520759094949,0.141095382981241,0.104283892614389,0.67681345185893,0.0967012497529683,0.0443941332282723
328.663003663004,3286.63003663004,0.000157339756498659,0.143669454715222,0.104740748983408,0.679778497834558,0.098437549627917,0.0452319050873048
328.681318681319,3286.81318681319,0.000160248031139768,0.146325046926297,0.1052059957036,0.682797998073423,0.100230415691447,0.0460946312348492
328.699633699634,3286.99633699634,0.000163246768403313,0.149063242008551,0.105679896442227,0.685873663803844,0.102080963150242,0.0469822788583095
328.717948717949,3287.17948717949,0.000166336790978511,0.151884791172701,0.106162717856511,0.689007225659279,0.103990124721044,0.0478946664516575
328.736263736264,3287.36263736264,0.000169518506048672,0.154790066224358,0.106654728455856,0.692200426294061,0.105958619129082,0.0488314470952751
328.754578754579,3287.54578754579,0.000172791850013158,0.157779009088757,0.107156197305388,0.695455011969215,0.107986917666701,0.0497920914220559
328.772893772894,3287.72893772894,0.000176156231126316,0.160851079433455,0.107667392564062,0.698772723064599,0.11007520898132,0.0507758704521354
328.791208791209,3287.91208791209,0.000179610470520264,0.164005200815285,0.108188579851827,0.702155283481686,0.112223362311441,0.0517818385038445
328.809523809524,3288.09523809524,0.000183152742163309,0.167239705855426,0.10872002044187,0.705604388910989,0.114430889442045,0.0528088164133815
328.827838827839,3288.27838827839,0.000186780512392049,0.170552281025197,0.109261969275647,0.709121693949416,0.116696905705594,0.0538553753196032
328.846153846154,3288.46153846154,0.000190490479741422,0.173939911703907,0.109814672800445,0.712708798065837,0.119020090411239,0.0549198212926682
328.864468864469,3288.64468864469,0.000194278515881689,0.177398828247473,0.110378366631462,0.716367230427704,0.121398647141947,0.0560001811055255
328.882783882784,3288.82783882784,0.000198139608552488,0.180924453880581,0.110953273042862,0.720098433617771,0.123830264415924,0.0570941894646568
328.901098901099,3289.01098901099,0.000202067807459473,0.184511355294047,0.111539598295028,0.723903746287655,0.126312077263775,0.0581992780302718
328.919413919414,3289.19413919414,0.000206056174166988,0.18815319689101,0.112137529808128,0.727784384814,0.128840630325155,0.0593125665658555
328.937728937729,3289.37728937729,0.000210096737077949,0.191842699678345,0.112747233195272,0.731741424043338,0.13141184311663,0.0604308565617147
328.956043956044,3289.56043956044,0.000214180452637386,0.195571605840987,0.113368849171784,0.735775777232946,0.134020978164748,0.0615506276762385
328.974358974359,3289.74358974359,0.000218297173926923,0.199330650065053,0.114002490360522,0.739888175317044,0.136662612733402,0.0626680373316507
328.992673992674,3289.92673992674,0.000222435627831065,0.203109538688014,0.114648238016633,0.744079145650097,0.13933061490083,0.0637789237871843
329.010989010989,3290.10989010989,0.000226583401950412,0.206896937748935,0.115306138698589,0.7483489904015,0.1420181247574,0.0648788129915341
329.029304029304,3290.29304029304,0.000230726942410145,0.210680470987372,0.115976200915798,0.752697764798198,0.144717541499503,0.0659629294878688
329.047619047619,3290.47619047619,0.000234851563662062,0.214446728793769,0.116658391786367,0.75712525543324,0.147420517185585,0.0670262116081835
329.065934065934,3290.65934065934,0.000238941471303591,0.218181289045864,0.117352633741756,0.761630958878639,0.150117957896528,0.0680633311493357
329.084249084249,3290.84249084249,0.0002429797988368,0.221868750673927,0.118058801317929,0.766214060859571,0.152800033003091,0.0690687176708354
329.102564102564,3291.02564102564,0.000246948659163349,0.225492780681631,0.118776718075129,0.77087341626343,0.15545619318712,0.0700365874945111
329.120879120879,3291.20879120879,0.000250829211457597,0.22903617520896,0.11950615369058,0.775607530271117,0.15807519778986,0.0709609774191002
329.139194139194,3291.39194139194,0.000254601743879985,0.232480935059116,0.120246821270011,0.780414540908595,0.160645151969981,0.0718357830891349
329.157509157509,3291.57509157509,0.000258245772387287,0.235808355923755,0.120998374925025,0.785292203323709,0.1631535540456,0.0726548018781552
329.175824175824,3291.75824175824,0.00026174015566718,0.238999133331577,0.121760407663719,0.790237876096131,0.165587353269239,0.0734117800623386
329.194139194139,3291.94139194139,0.000265063225974042,0.242033482116599,0.122532449641746,0.795248509886534,0.167933018143299,0.0741004639732998
329.212454212454,3292.12454212454,0.000268192935373805,0.244891269956666,0.12331396681993,0.800320638724396,0.170176615227101,0.0747146547295651
329.230769230769,3292.30769230769,0.000271107016622019,0.247552164273801,0.12410436007274,0.805450374221882,0.172303898217043,0.0752482660567587
329.249084249084,3292.49084249084,0.000273783157605691,0.24999579151984,0.124902964789195,0.810633402983701,0.174300406901258,0.0756953846185827
329.267399267399,3292.67399267399,0.000276199187980019,0.252201907597426,0.125709051004239,0.815864987459717,0.176151575401302,0.0760503321961242
329.285714285714,3292.85714285714,0.000278333276332732,0.254150577893932,0.126521824094138,0.821139970458161,0.177842848919897,0.0763077289740348
329.304029304029,3293.04029304029,0.00028016413591648,0.255822365139003,0.127340426064153,0.826452783502774,0.179359808018415,0.0764625571205879
329.322344322344,3293.22344322344,0.000281671236710491,0.257198523041461,0.128163937450571,0.831797459177163,0.180688299254793,0.0765102237866687
329.340659340659,3293.40659340659,0.000282835021313402,0.258261193424504,0.128991379852199,0.837167647554488,0.181814570825985,0.076446622598519
329.358974358974,3293.58974358974,0.00028363712193627,0.258993604365506,0.12982171909876,0.842556636760681,0.182725411683175,0.0762681926823305
329.377289377289,3293.77289377289,0.000284060575565637,0.259380266664864,0.130653869055286,0.847957377665353,0.183408292427479,0.0759719742373852
329.395604395604,3293.95604395604,0.000284090034207413,0.259407165823061,0.131486696052746,0.853362512637025,0.183851506153017,0.0755556596700441
329.413919413919,3294.13919413919,0.000283711967009511,0.259061946602077,0.13231902392588,0.858764408239224,0.184044307287355,0.0750176393147224
329.432234432234,3294.32234432234,0.000282914851000995,0.258334087192372,0.133149639629697,0.864155191682144,0.183977046391258,0.074357040801114
329.450549450549,3294.50549450549,0.000281689347181921,0.257215060003338,0.133977299396474,0.869526790782191,0.183641298823422,0.0735737611799167
329.468864468864,3294.68864468864,0.000280028458756144,0.25569847614822,0.134800735385525,0.874870977119728,0.183029985155591,0.0726684909926294
329.48717948718,3294.87179487179,0.000277927668421405,0.253780210805884,0.135618662768776,0.880179412025155,0.182137481241654,0.0716427295642299
329.505494505494,3295.05494505494,0.000275385051818911,0.251458506813458,0.136429787186295,0.885443694966128,0.180959715903379,0.0704987909100789
329.52380952381,3295.2380952381,0.000272401364498831,0.248734054075919,0.1372328124978,0.890655413855634,0.179494254296647,0.0692397997792719
329.542124542125,3295.42124542125,0.000268980100077401,0.245610042670272,0.138026448748788,0.895806196753022,0.177740365166156,0.0678696775041166
329.56043956044,3295.6043956044,0.000265127517642766,0.242092187870273,0.138809420263644,0.900887764389133,0.175699070382966,0.0663931174873071
329.578754578755,3295.78754578755,0.000260852636906065,0.238188725718801,0.139580473772981,0.905891982913581,0.173373175386564,0.0648155503322368
329.59706959707,3295.9706959707,0.000256167200085615,0.233910378223694,0.140338386478726,0.910810916238019,0.170767279419049,0.0631430988046454
329.615384615385,3296.15384615385,0.000251085600047922,0.229270287742161,0.141081973958255,0.91563687733481,0.167887764739969,0.0613825230021928
329.6336996337,3296.336996337,0.000245624774800014,0.224283920640032,0.141810097808294,0.920362477846748,0.164742764341424,0.0595411562986071
329.652014652015,3296.52014652015,0.000239804069023573,0.218968940856354,0.142521672930427,0.924980675370776,0.1613421080394,0.0576268328169545
329.67032967033,3296.7032967033,0.000233645063950427,0.213345054559983,0.143215674362971,0.92948481779757,0.157697247191776,0.0556478073682071
329.688644688645,3296.88644688645,0.000227171377488609,0.207433827641473,0.143891143568678,0.933868684119374,0.153821158679213,0.0536126689622604
329.70695970696,3297.0695970696,0.000220408437104997,0.201258478328578,0.144547194094207,0.938126521160604,0.149728229174019,0.0515302491545596
329.725274725275,3297.25274725275,0.000213383228540938,0.194843647734458,0.145183016525542,0.942253075739001,0.1454341211058,0.0494095266286579
329.74358974359,3297.4358974359,0.000206124023966995,0.188215151631418,0.145797882673332,0.946243621828951,0.140955622102272,0.0472595295291461
329.761904761905,3297.61904761905,0.000198660093658632,0.181399717177354,0.146391148933487,0.950093982372085,0.136310480030355,0.0450892371469998
329.78021978022,3297.8021978022,0.000191021405682873,0.174424708694826,0.146962258780958,0.953800545462192,0.131517226077446,0.0429074826173799
329.798534798535,3297.98534798535,0.000183238318414679,0.167317846902829,0.147510744368374,0.95736027472054,0.126594988587337,0.0407228583154915
329.81684981685,3298.1684981685,0.000175341270940368,0.160106926219193,0.148036227215756,0.960770713772181,0.121563300591765,0.0385436256274286
329.835164835165,3298.35164835165,0.000167360476543968,0.152819534878055,0.148538417992642,0.964029984831932,0.116441904149456,0.0363776307285989
329.85347985348,3298.5347985348,0.000159325624504302,0.145482782635997,0.149017115409347,0.96713678150852,0.111250554714168,0.0342322279218299
329.871794871795,3298.71794871795,0.000151265595350609,0.138123040767389,0.149472204249372,0.970090356034731,0.106008828796452,0.0321142119709368
329.89010989011,3298.9010989011,0.00014320819452998,0.130765698871848,0.149903652589903,0.972890501228135,0.100735938157303,0.0300297607145455
329.908424908425,3299.08424908425,0.00013517990913109,0.123434942734785,0.150311508271488,0.975537527578926,0.095450553673606,0.0279843890611788
329.92673992674,3299.2673992674,0.000127205691888515,0.116153557098274,0.150695894691089,0.9780322359464,0.0901706418451224,0.0259829152531511
329.945054945055,3299.45054945055,0.000119308776166408,0.108942756719687,0.151057006004413,0.98037588642155,0.0849133166723866,0.0240294400473008
329.96336996337,3299.6336996337,0.000111510524997986,0.101822048527228,0.15139510183342,0.982570163978253,0.0796947093278551,0.022127339199373
329.981684981685,3299.81684981685,0.000103830316549318,0.0948091270350765,0.151710501582974,0.984617141587736,0.074529857673785,0.0202792693612915
330,3300,9.6285467597075e-05,0.0879198044696973,0.152003578476461,0.986519241509094,0.0694326172572394,0.0184871872124579
330.018315018315,3300.18315018315,8.88911957758498e-05,0.0811679762972634,0.152274753423659,0.988279195491149,0.0644155949436031,0.0167523813536602
330.03663003663,3300.3663003663,8.1660620480317e-05,0.0745656220474307,0.152524488835139,0.989900004627229,0.0594901058454397,0.015075516201991
330.054945054945,3300.54945054945,7.46048014209886e-05,0.0681228405192185,0.152753282495815,0.991384899593874,0.0546661536750545,0.013456686844164
330.07326007326,3300.7326007326,6.77328129502893e-05,0.0618479176493393,0.152961661606039,0.99273730197693,0.0499524341088192,0.0118954835405201
330.091575091575,3300.91575091575,6.10518514209029e-05,0.0557474245428274,0.153150177091833,0.993960787344328,0.045356360212996,0.0103910643298315
330.10989010989,3301.0989010989,5.45673720328456e-05,0.0498263424302959,0.15331939827657,0.99505905066475,0.0408841084582748,0.0089422339720211
330.128205128205,3301.28205128205,4.82832508904589e-05,0.0440882106447748,0.153469907994903,0.99603587459652,0.0365406833565691,0.00754752728820573
330.14652014652,3301.4652014652,4.22019673473773e-05,0.0385352931238263,0.153602298216157,0.996895101082918,0.0323299983033456,0.00620529482048075
330.164835164835,3301.64835164835,3.63248011850023e-05,0.0331687584563701,0.153717166229064,0.997640606590766,0.0282549698142222,0.0049137886421479
330.18315018315,3301.8315018315,3.06520387651776e-05,0.0279888681239978,0.153815111423065,0.998276281220691,0.0243176220176876,0.00367124610631028
330.201465201465,3302.01465201465,2.51831820353586e-05,0.0229951673469443,0.153896732683658,0.998806011802685,0.0205191980172781,0.00247596932966617
330.21978021978,3302.1978021978,1.99171541557306e-05,0.0181866728455068,0.153962626401063,0.999233668972115,0.0168602745751143,0.00132639827039258
330.238095238095,3302.38095238095,1.48524955700031e-05,0.0135620518754316,0.154013385073121,0.999563098102403,0.0133408765009139,0.000221175374517729
330.25641025641,3302.5641025641,9.9875445591392e-06,0.00911978709441905,0.154049596465415,0.999798113854127,0.00996058716138381,-0.000840800066964767
330.274725274725,3302.74725274725,5.32059669959104e-06,0.00485832216599602,0.154071843274541,0.999942497989585,0.00671865165577066,-0.00186032948977464
330.29304029304,3302.9304029304,8.50038190455414e-07,0.000776183502679335,0.154080703224743,1,0.00361406943428122,-0.00283788593160189
330.311355311355,3303.11355311355,-3.42555129203224e-06,-0.00312792581593635,0.15407674951428,0.999974340002483,0.000645673463193714,-0.00377359927913006
330.32967032967,3303.2967032967,-7.50732972154868e-06,-0.00685506315418421,0.154060551516252,0.999869213288432,-0.00218780654180031,-0.00466725661238391
330.347985347985,3303.47985347985,-1.13961603855153e-05,-0.0104060167936522,0.154032675629606,0.99968829584671,-0.00488769879310379,-0.00551831800054838
330.3663003663,3303.663003663,-1.50926175866137e-05,-0.0137813111393282,0.153993686170068,0.99943525014584,-0.00745536342848392,-0.00632594771084423
330.384615384615,3303.84615384615,-1.85970307529185e-05,-0.0169812469972698,0.153944146187887,0.999113730441269,-0.0098921866101249,-0.00708906038714487
330.40293040293,3304.0293040293,-2.1909566148218e-05,-0.0200059761856082,0.153884618099926,0.998727386877704,-0.0121995948384912,-0.00780638134711694
330.421245421245,3304.21245421245,-2.50303441753642e-05,-0.0228556086461183,0.153815664027742,0.998279867683277,-0.0143790889010214,-0.00847651974509682
330.43956043956,3304.3956043956,-2.79595890778436e-05,-0.0255303491391236,0.153737845740941,0.997774818801926,-0.0164322961764107,-0.00909805296271288
330.457875457875,3304.57875457875,-3.06978067004034e-05,-0.0280306595595743,0.153651724116193,0.99721588038235,-0.0183610393295338,-0.00966962023004048
330.47619047619,3304.7619047619,-3.324598489958e-05,-0.0303574419351148,0.153557858036667,0.996606679635195,-0.0201674187790227,-0.0101900231560921
330.494505494506,3304.94505494506,-3.56058102311099e-05,-0.0325122362868333,0.15345680267399,0.995950819682834,-0.0218539057190568,-0.0106583305677764
330.51282051282,3305.12820512821,-3.77798937124082e-05,-0.0344974267766009,0.153349107114914,0.99525186415614,-0.0234234419475272,-0.0110739848290737
330.531135531136,3305.31135531136,-3.97719977917941e-05,-0.0363164489563116,0.153235311317062,0.994513317436981,-0.0248795423121355,-0.0114369066441761
330.549450549451,3305.49450549451,-4.15872561755645e-05,-0.0379739904955077,0.153115942402111,0.993738600600591,-0.0262263952497213,-0.0117475952457864
330.567765567766,3305.67765567766,-4.3232377889959e-05,-0.0394761775136327,0.152991510319817,0.99293102327462,-0.0274689566763062,-0.0120072208373265
330.586080586081,3305.86080586081,-4.47158269022015e-05,-0.0408307385948845,0.152862502941847,0.992093751797596,-0.0286130323963832,-0.0122177061985013
330.604395604396,3306.04395604396,-4.60479688044327e-05,-0.0420471387276665,0.152729380669764,0.991229774224177,-0.0296653442484724,-0.012381794479194
330.622710622711,3306.22710622711,-4.72411764810891e-05,-0.0431366757911657,0.152592570666023,0.990341862883703,-0.030633575394129,-0.0125031003970367
330.641025641026,3306.41025641026,-4.83098873334456e-05,-0.0441125328080006,0.152452460839759,0.989432535347347,-0.0315263904908375,-0.0125861423171631
330.659340659341,3306.59340659341,-4.92706055181182e-05,-0.044989779988233,0.152309393739851,0.988504014793415,-0.0323534269628074,-0.0126363530254256
330.677655677656,3306.77655677656,-5.01418437568337e-05,-0.0457853215949367,0.152163660525461,0.987558190875561,-0.0331252541914217,-0.012660067403515
330.695970695971,3306.95970695971,-5.09440005739902e-05,-0.0465177838478445,0.15201549519852,0.986596582290967,-0.0338532981788397,-0.0126644856690048
330.714285714286,3307.14285714286,-5.16991702930238e-05,-0.0472073414279843,0.151865069292711,0.985620302311316,-0.034549730080431,-0.0126576113475534
330.732600732601,3307.32600732601,-5.24308847429806e-05,-0.0478754816258079,0.151712487219111,0.984630028575495,-0.0352273179373214,-0.0126481636884865
330.750915750916,3307.50915750916,-5.31637873594294e-05,-0.0485447067575085,0.151557782469244,0.983625978447032,-0.0358992419493297,-0.0126454648081788
330.769230769231,3307.69230769231,-5.39232421714199e-05,-0.0492381771247419,0.151400914871721,0.98260789120937,-0.0365788746882141,-0.0126593024365279
330.787545787546,3307.87545787546,-5.47348820082825e-05,-0.0499792984750104,0.151241769088625,0.981575018307279,-0.0372795287370085,-0.0126997697380019
330.805860805861,3308.05860805861,-5.56241020932547e-05,-0.0507912595938829,0.15108015452242,0.980526122742664,-0.0380141753263875,-0.0127770842674954
330.824175824176,3308.24175824176,-5.66155069714734e-05,-0.0516965272860755,0.150915806783381,0.97945948859835,-0.0387951385962797,-0.0129013886897958
330.842490842491,3308.42490842491,-5.77323204035043e-05,-0.0527163075397705,0.150748390841693,0.978372941495544,-0.0396337711128871,-0.0130825364268834
330.860805860806,3308.60805860806,-5.89957693981356e-05,-0.0538699830770828,0.150577505957738,0.977263880591879,-0.0405401171898196,-0.0133298658872632
330.879120879121,3308.79120879121,-6.04244549183924e-05,-0.0551745387356304,0.150402692449131,0.976129322500253,-0.0415225713713499,-0.0136519673642805
330.897435897436,3308.97435897436,-6.20337229334196e-05,-0.0566439871659232,0.150223440314502,0.974965957258033,-0.0425875401107188,-0.0140564470552044
330.915750915751,3309.15750915751,-6.38350503704578e-05,-0.0582888081342654,0.150039199692352,0.97377021620614,-0.0437391151943574,-0.014549692939908
330.934065934066,3309.34065934066,-6.58354611159658e-05,-0.0601154152640155,0.149849393089542,0.97253835135326,-0.0449787678048672,-0.0151366474591483
330.952380952381,3309.52380952381,-6.80369874970529e-05,-0.062125664305647,0.149653429268871,0.971266525507652,-0.0463050722645877,-0.0158205920410593
330.970695970696,3309.70695970696,-7.04361926257253e-05,-0.0643164169816196,0.149450718639713,0.969950912164023,-0.0477134684460691,-0.0166029485355505
330.989010989011,3309.89010989011,-7.30237685968732e-05,-0.0666791740945189,0.14924068995088,0.968587803841971,-0.0491960715677573,-0.0174831025267615
331.007326007326,3310.07326007326,-7.57842247913245e-05,-0.0691997909115752,0.149022808041701,0.967173727292351,-0.0507415376089651,-0.0184582533026102
331.025641025641,3310.25641025641,-7.86956794511013e-05,-0.0718582868486894,0.148796592366815,0.96570556372513,-0.0523349918800712,-0.0195232949686183
331.043956043956,3310.43956043956,-8.1729766274959e-05,-0.074628760181321,0.148561635973365,0.964180671973389,-0.05395802737788,-0.020670732803441
331.062271062271,3310.62271062271,-8.4851666046545e-05,-0.0774794169246671,0.148317624577125,0.962597012299381,-0.0555887784535532,-0.0218906384711139
331.080586080586,3310.80586080586,-8.80202712804601e-05,-0.0803727211746216,0.148064355357445,0.960953268375713,-0.0572020740381594,-0.0231706471364622
331.098901098901,3310.98901098901,-9.11884895849795e-05,-0.0832656721131402,0.147801755070642,0.95924896484317,-0.0587696732290818,-0.0244959988840583
331.117216117216,3311.17216117216,-9.4303688932964e-05,-0.0861102105922496,0.147529897068251,0.957484577760937,-0.060260584464177,-0.0258496261280726
331.135531135531,3311.35531135531,-9.73082853489842e-05,-0.0888537557605848,0.147249016800972,0.955661635228873,-0.0616414678287966,-0.0272122879317881
331.153846153846,3311.53846153846,-0.000100140470709576,-0.0914398696294728,0.146959525391712,0.953782805477957,-0.0628771182850579,-0.0285627513444149
331.172161172161,3311.72161172161,-0.00010273507546854,-0.0938090448412385,0.146662020872023,0.951851969795993,-0.0639310258179584,-0.0298780190232801
331.190476190476,3311.90476190476,-0.000105024558215758,-0.0958996082512277,0.146357296695737,0.949874277781948,-0.0647660066952737,-0.031133601555954
331.208791208791,3312.08791208791,-0.000106940111114319,-0.0976487303201741,0.146046347171532,0.947856182603919,-0.0653448982754707,-0.0323038320447035
331.227106227106,3312.27106227106,-0.000108412867495238,-0.0989935277883002,0.145730369492474,0.945805454171058,-0.0656313081080934,-0.0333622196802068
331.245421245421,3312.45421245421,-0.000109375195279498,-0.0998722447197268,0.145410762084756,0.943731168416717,-0.0655904064918167,-0.0342818382279101
331.263736263736,3312.63736263736,-0.000109762057499974,-0.100225494816858,0.145089119049456,0.941643671224867,-0.0651897502231522,-0.0350357445937059
331.282051282051,3312.82051282051,-0.000109512419064495,-0.0999975459582902,0.144767220529402,0.939554515910046,-0.0644001240181333,-0.0355974219401569
331.300366300366,3313.00366300366,-0.000108570677084776,-0.0991376262550981,0.144447018897341,0.937476373577099,-0.0631963850516092,-0.0359412412034889
331.318681318681,3313.18681318681,-0.000106888090639385,-0.097601229590326,0.144130620730525,0.935422916134383,-0.0615582952630592,-0.0360429343272668
331.336996336996,3313.36996336996,-0.000104424184779866,-0.0953513976394941,0.143820264609513,0.933408672205604,-0.0594713255471343,-0.0358800720923598
331.355311355311,3313.55311355311,-0.000101148102959632,-0.0923599547951077,0.143518294854097,0.93144885667325,-0.0569274157018611,-0.0354325390932466
331.373626373626,3313.73626373626,-9.70398818895358e-05,-0.0886086722577197,0.143227131385656,0.929559175082062,-0.0539256740616378,-0.0346829981960819
331.391941391941,3313.91941391941,-9.2091623117063e-05,-0.0840903378236822,0.142949235981393,0.927755604625498,-0.0504730011037414,-0.0336173367199408
331.410256410256,3314.10256410256,-8.63085363963546e-05,-0.0788097086030434,0.14268707526058,0.926054153922545,-0.0465846219900415,-0.0322250866130018
331.428571428571,3314.28571428571,-7.97098311613642e-05,-0.0727843250379834,0.14244308081458,0.92447060425738,-0.0422845139857934,-0.03049981105219
331.446886446886,3314.46886446886,-7.2329434124112e-05,-0.0660451661532873,0.142219606959779,0.923020235391429,-0.0376057159752987,-0.0284394501779886
331.465201465201,3314.65201465201,-6.42165131752946e-05,-0.0586371279383926,0.142018886654183,0.921717539457447,-0.0325905088553571,-0.0260466190830355
331.483516483516,3314.83516483516,-5.54357903366218e-05,-0.0506193091091867,0.141842986173146,0.920575926800214,-0.027290457409142,-0.0233288517000447
331.501831501831,3315.01831501831,-4.60676294675625e-05,-0.0420650911944432,0.141693759186245,0.919607427930609,-0.0217663063193784,-0.0202987848750648
331.520146520147,3315.20146520146,-3.6207887719686e-05,-0.0330620028963982,0.14157280091468,0.91882239600232,-0.0160877252382345,-0.0169742776581638
331.538461538462,3315.38461538462,-2.5967523307414e-05,-0.0237113619399352,0.14148140307585,0.918229214397373,-0.0103329002546421,-0.0133784616852931
331.556776556777,3315.56776556777,-1.54719559691442e-05,-0.0141276910993809,0.141420510338112,0.917834014112955,-0.00458797164823323,-0.00953971945114768
331.575091575092,3315.75091575092,-4.86018046382553e-06,-0.00443790871801265,0.141390679013698,0.917640405674063,0.00105367955210318,-0.00549158827011583
331.593406593407,3315.93406593407,5.71636248190514e-06,0.00521970224821633,0.14139203871081,0.917649230251597,0.00649229102503169,-0.00127258877681536
331.611721611722,3316.11721611722,1.60951492600654e-05,0.0146967388866742,0.141424257647005,0.917858334542538,0.0116227168005742,0.00307402208610001
331.630036630037,3316.30036630037,2.6104157926516e-05,0.0238361252016717,0.141486512294968,0.918262373767826,0.0163355526783289,0.00750057252334279
331.648351648352,3316.48351648352,3.55636576853761e-05,0.0324737461213773,0.141577461989026,0.918852646865978,0.0205183765357597,0.0119553695856176
331.666666666667,3316.66666666667,4.42881830327646e-05,0.0404402501201242,0.141695229066635,0.919616967609226,0.0240570883307636,0.0163831617893607
331.684981684982,3316.84981684982,5.20886687737524e-05,0.0475629987366262,0.141837385054223,0.920539574948193,0.026837332497387,0.0207256662392392
331.703296703297,3317.03296703297,5.87747189403412e-05,0.0536681383593675,0.142000943332093,0.921601085406326,0.0287459835773012,0.0249221547820663
331.721611721612,3317.21611721612,6.4156979833263e-05,0.0585827670891236,0.142182358629538,0.922778489803166,0.0296726743612623,0.0289100927278613
331.739926739927,3317.39926739927,6.80495850421612e-05,0.0621371673260961,0.142377533610195,0.924045195993961,0.0295113445687488,0.0326258227573473
331.758241758242,3317.58241758242,7.02726384155762e-05,0.064167073009623,0.142581832710194,0.925371118680733,0.0281617871988707,0.0360052858107522
331.776556776557,3317.76556776557,7.06546995952521e-05,0.0645159391994112,0.142790103289489,0.92672281668662,0.0255311691647475,0.0389847700346637
331.794871794872,3317.94871794872,6.90352359300659e-05,0.0630371809574637,0.142996704051325,0.928063677401249,0.021535502692591,0.0415016782648726
331.813186813187,3318.13186813187,6.52670043666189e-05,0.0595963482905736,0.143195540577933,0.929354147411097,0.016101044235294,0.0434953040552795
331.831501831502,3318.31501831502,5.92183272879434e-05,0.0540732042551424,0.143380107723821,0.930552007636456,0.00916559831969969,0.0449076059354427
331.849816849817,3318.49816849817,5.07752272418915e-05,0.0463636742119032,0.143543538503364,0.931612690617016,0.00067970481194885,0.0456839693999544
331.868131868132,3318.68131868132,3.98433870575059e-05,0.0363816356396114,0.14367865900837,0.932489636932665,-0.00939231046751019,0.0457739461071216
331.886446886447,3318.86446886447,2.63499039721748e-05,0.0240605198566776,0.143778048795742,0.933134687125792,-0.0210714400388066,0.0451319598954842
331.904761904762,3319.04761904762,1.02448090556537e-05,0.00935469943160794,0.143834106096828,0.933498504916812,-0.0343632700837269,0.0437179695153349
331.923076923077,3319.23076923077,-8.49767362065356e-06,-0.00775936204933446,0.14383911712008,0.933531026985744,-0.0492574404663883,0.0414980784170538
331.941391941392,3319.41391941392,-2.98781500082872e-05,-0.0272822178902177,0.143785328648688,0.933181934138515,-0.0657273004244055,0.0384450825341878
331.959706959707,3319.59706959707,-5.38713792334705e-05,-0.0491908202444407,0.143665023076092,0.932401138295311,-0.0837297679847207,0.03453894774028
331.978021978022,3319.78021978022,-8.04259104756933e-05,-0.0734381885427448,0.143470594975787,0.931139279436703,-0.103205398077855,0.0297672095351102
331.996336996337,3319.96336996337,-0.000109464042582582,-0.0999533726169032,0.143194628268527,0.929348226426917,-0.124078661133487,0.0241252885165834
332.014652014652,3320.14652014652,-0.000140882110660382,-0.128641714390088,0.142829973030469,0.926981575506812,-0.146258430695164,0.0176167163050756
332.032967032967,3320.32967032967,-0.000174551099010133,-0.159385407558719,0.14236982098049,0.923995140214465,-0.169638675350276,0.0102532677915561
332.051282051282,3320.51282051282,-0.000210317574893995,-0.19204435022947,0.141807778693878,0.92034742654982,-0.194099347090965,0.00205499686149523
332.069597069597,3320.69597069597,-0.000248004932798185,-0.226457281075708,0.141137937613009,0.916000087351265,-0.219507455159465,-0.00694982591624357
332.087912087912,3320.87912087912,-0.000287414934190932,-0.262443185315178,0.140354939962814,0.910918350094054,-0.245718311542003,-0.0167248737731748
332.106227106227,3321.06227106227,-0.000328329523336846,-0.299802952759211,0.139454039729666,0.905071412649627,-0.27257693161137,-0.0272260211478411
332.124542124542,3321.24542124542,-0.000370512895599684,-0.338321266413159,0.138431157925542,0.898432801955905,-0.299919571026665,-0.0384016953864937
332.142857142857,3321.42857142857,-0.000413713790914338,-0.377768696682435,0.137282931434347,0.890980691035048,-0.327575377922267,-0.0501933187601675
332.161172161172,3321.61172161172,-0.000457667981800356,-0.41790397321756,0.13600675482257,0.882698170349013,-0.355368137693142,-0.0625358355244182
332.179487179487,3321.79487179487,-0.000502100922480141,-0.458476403866472,0.134600814590815,0.873573470095643,-0.38311808634002,-0.0753583175264518
332.197802197802,3321.97802197802,-0.000546730523401092,-0.499228408135181,0.133064115444603,0.863600130708874,-0.410643767397834,-0.0885846407373471
332.216117216117,3322.16117216117,-0.000591270013779874,-0.539898131022848,0.131396498270412,0.852777119525189,-0.437763906948864,-0.102134224073984
332.234432234432,3322.34432234432,-0.000635430853714148,-0.580222102117702,0.129598649614688,0.841108892303373,-0.464299281124527,-0.115922820993175
332.252747252747,3322.52747252747,-0.000678925656957105,-0.619937904429337,0.127672102577431,0.828605399023963,-0.490074550825009,-0.129863353604328
332.271062271062,3322.71062271062,-0.000721471085625977,-0.658786817593469,0.125619229146307,0.815282034136865,-0.514920039124137,-0.143866778469333
332.289377289377,3322.89377289377,-0.000762790678908563,-0.696516400809232,0.123443224110146,0.801159532158232,-0.538673427960412,-0.15784297284882
332.307692307692,3323.07692307692,-0.000802617579221384,-0.732882982137894,0.121148080800334,0.786263810229544,-0.561181352218644,-0.17170162991925
332.326007326007,3323.26007326007,-0.000840697121228836,-0.767654022577776,0.118738559013357,0.770625759931565,-0.582300871148695,-0.185353151429081
332.344322344322,3323.44322344322,-0.000876789251612882,-0.800610325594749,0.116220145565965,0.754280991283156,-0.60190079920999,-0.198709526384759
332.362637362637,3323.62637362637,-0.000910670750437397,-0.831548065485646,0.113599008024565,0.737269532440213,-0.619862880829953,-0.211685184655692
332.380952380952,3323.80952380952,-0.000942137228321613,-0.860280611029355,0.11088194223137,0.719635489134786,-0.63608279617388,-0.224197814855475
332.399267399267,3323.99267399267,-0.000971004877357096,-0.886640124277194,0.108076314320161,0.701426668351326,-0.650470987791873,-0.236169136485321
332.417582417582,3324.17582417582,-0.000997111957702243,-0.910478917986181,0.105189997973622,0.682694171120128,-0.662953300883382,-0.247525617102799
332.435897435897,3324.35897435897,-0.00102032000599214,-0.931670559037448,0.102231307721078,0.663491959612641,-0.673471432847535,-0.258199126189913
332.454212454212,3324.54212454212,-0.00104051475603223,-0.950110709136419,0.0992089291098634,0.643876403946294,-0.681983190714289,-0.26812751842213
332.472527472527,3324.72527472527,-0.00105760676662414,-0.965717698090593,0.0961318466050569,0.623905814246179,-0.68846255792542,-0.277255140165173
332.490842490843,3324.90842490843,-0.00107153175572331,-0.97843282893427,0.0930092700809839,0.603639963567146,-0.692899574705644,-0.285533254228626
332.509157509157,3325.09157509157,-0.00108225064437703,-0.988220418049074,0.0898505607638669,0.583139607253808,-0.69530003888628,-0.292920379162794
332.527472527473,3325.27472527473,-0.00108974931796586,-0.995067577149671,0.0866651574687507,0.562466004210408,-0.695685036474224,-0.299382540675447
332.545787545788,3325.45787545788,-0.00109403811610639,-0.998983747505751,0.0834625039459006,0.541680445371293,-0.694090313460561,-0.304893434045191
332.564102564103,3325.64102564103,-0.0010951510661089,-1,0.0802519781131131,0.520843794411149,-0.690565502304146,-0.309434497695853
332.582417582418,3325.82417582418,-0.0010931448780686,-0.998168117529737,0.0770428239017139,0.500016045418348,-0.68517321818009,-0.312994899349647
332.600732600733,3326.00732600733,-0.00108809772245843,-0.993559478807308,0.073844086386573,0.47925590188191,-0.677988041432174,-0.315571437375134
332.619047619048,3326.19047619048,-0.00108010781345202,-0.986263764769612,0.0706645508054416,0.458620380920575,-0.669095403699397,-0.317168361070215
332.637362637363,3326.37362637363,-0.00106929182311085,-0.976387510546899,0.0675126860016241,0.438164446219783,-0.658590395893927,-0.317797114652972
332.655677655678,3326.55677655678,-0.00105578315300315,-0.964052527250305,0.0643965927478012,0.41794067264784,-0.646576516591249,-0.317476010659056
332.673992673993,3326.73992673993,-0.00103973009077932,-0.949394218711312,0.0613239573291243,0.397998945005313,-0.633164379460235,-0.316229839251077
332.692307692308,3326.92307692308,-0.00102129387971034,-0.93255981874631,0.0583020106818949,0.378386192830749,-0.618470398123787,-0.314089420622523
332.710622710623,3327.10622710623,-0.00100064672921441,-0.913706574536543,0.055337493301628,0.359146162650313,-0.602615466317387,-0.311091108219157
332.728937728938,3327.28937728938,-0.000977969793972886,-0.892999901326526,0.052436626052391,0.340319228527318,-0.585723650426413,-0.307276250900113
332.747252747253,3327.47252747253,-0.000953451148397045,-0.870611532877088,0.0496050869292896,0.321942241248311,-0.56792091045992,-0.302690622417167
332.765567765568,3327.65567765568,-0.000927283781984964,-0.846717690993652,0.0468479937490012,0.304048415982815,-0.549333864288522,-0.29738382670513
332.783882783883,3327.83882783883,-0.000899663639545078,-0.82149729602292,0.044169892670412,0.286667257781045,-0.530088608570155,-0.291408687452765
332.802197802198,3328.02197802198,-0.000870787728401295,-0.795130238511503,0.0415747523796211,0.269824523833981,-0.51030960824334,-0.284820630268163
332.820512820513,3328.20512820513,-0.000840852312583174,-0.767795730292027,0.0390659637116592,0.253542221018277,-0.490118664818445,-0.277677065473582
332.838827838828,3328.38827838828,-0.000810051211692969,-0.739670751151349,0.0366463444258717,0.237838636889002,-0.469633971978481,-0.270036779172867
332.857142857143,3328.57142857143,-0.000778574219680292,-0.710928604988339,0.034318148803566,0.222728401969385,-0.448969265246652,-0.261959339741687
332.875457875458,3328.75457875458,-0.000746605656195468,-0.68173759703141,0.0320830816955716,0.208222580920955,-0.428233070721057,-0.253504526310354
332.893772893773,3328.93772893773,-0.000714323060584827,-0.652259841304667,0.0299423166140306,0.194328789961171,-0.407528056149133,-0.244731785155534
332.912087912088,3329.12087912088,-0.000681896035982815,-0.622650205149879,0.0278965174370889,0.181051337729157,-0.386950485944237,-0.235699719205642
332.930402930403,3329.30402930403,-0.000649485248391845,-0.593055395270246,0.0259458632771312,0.168391386683163,-0.36658978015966,-0.226465615110586
332.948717948718,3329.48717948718,-0.000617241583163105,-0.563613187499494,0.0240900760526,0.156347132044576,-0.346528175954228,-0.217085011545266
332.967032967033,3329.67032967033,-0.000585305458937116,-0.534451800349993,0.0223284502999445,0.144913995280617,-0.326840488727196,-0.207611311622797
332.985347985348,3329.85347985348,-0.000553806296903814,-0.50568941038564,0.0206598847654588,0.13408482913869,-0.307593968883363,-0.198095441502277
333.003663003663,3330.03663003663,-0.000522862141226557,-0.477433805624917,0.0190829153261674,0.123850131306404,-0.288848249124264,-0.188585556500653
333.021978021978,3330.21978021978,-0.0004925794246639,-0.449782171526388,0.0175957488039532,0.114198263868825,-0.270655376255167,-0.179126795271221
333.040293040293,3330.40293040293,-0.00046305287183439,-0.422821002658226,0.0161962972571414,0.105115675864468,-0.253059920754588,-0.169761081903639
333.058608058608,3330.58608058608,-0.000434365531214276,-0.396626131915835,0.0148822123580979,0.096587126399538,-0.23609915677407,-0.160526975141765
333.076923076923,3330.76923076923,-0.000406588925841794,-0.371262868132353,0.0136509194933737,0.0885959059614518,-0.219803304818134,-0.151459563314219
333.095238095238,3330.95238095238,-0.000379783311825982,-0.346786232127192,0.0124996512538065,0.0811240537731353,-0.204195829092436,-0.142590403034756
333.113553113553,3331.13553113553,-0.000353998033119136,-0.323241280654458,0.0114254800150998,0.0741525692444081,-0.189293781394172,-0.133947499260286
333.131868131868,3331.31868131868,-0.000329271960602302,-0.300663507338959,0.0104253493440189,0.0676616158015095,-0.17510818344229,-0.12555532389667
333.150183150183,3331.50183150183,-0.000305634003341564,-0.279079309512513,0.00949610400084762,0.0616307156062013,-0.161644439694446,-0.117434869818067
333.168498168498,3331.68498168498,-0.000283103679884537,-0.25850650987394,0.0086345183444895,0.0560389339078701,-0.148902772959304,-0.109603736914636
333.186813186813,3331.86813186813,-0.000261691737664409,-0.238954922076829,0.00783732298202326,0.050865052001948,-0.136878675472382,-0.102076246604448
333.205128205128,3332.05128205128,-0.000241400808943734,-0.220426949682328,0.00710122953909724,0.0460877279923844,-0.125563368546227,-0.0948635811361011
333.223443223443,3332.23443223443,-0.000222226092241473,-0.202918208381103,0.00642295346082495,0.0416856447718596,-0.114944264416109,-0.0879739439649938
333.241758241758,3332.41758241758,-0.000204156048822915,-0.18641816196946,0.00579923478441615,0.0376376448383505,-0.105005424465491,-0.0814127375039685
333.260073260073,3332.60073260073,-0.00018717310457081,-0.170910763239122,0.00522685685431644,0.0339228517583576,-0.0957280086165206,-0.0751827546226013
333.278388278388,3332.78388278388,-0.000171254348375414,-0.156375091688387,0.00470266297786385,0.0305207782638721,-0.0870907112955844,-0.0692843803928024
333.296703296703,3332.96703296703,-0.000156372219060292,-0.142785980765089,0.00422357104419815,0.0274114211306372,-0.0790701800197356,-0.0637158007453534
333.315018315018,3333.15018315018,-0.00014249517377814,-0.130114628189542,0.0037865861512346,0.0245753431285388,-0.0716414132839906,-0.0584732149055511
333.333333333333,3333.33333333333,-0.000129588331748048,-0.118329183761359,0.00338881130485589,0.0219937424604881,-0.0647781350516317,-0.053551048709727
333.351648351648,3333.51648351648,-0.000117614088144464,-0.107395309911307,0.00302745627105312,0.0196485102137499,-0.0584531437500969,-0.0489421661612106
333.369963369963,3333.69963369963,-0.000106532693872416,-0.0972767111033634,0.00269984467557972,0.017522276437444,-0.052638634245575,-0.0446380768577883
333.388278388278,3333.88278388278,-9.63027978593926e-05,-0.0879356290101228,0.00240341945683712,0.0155984455323486,-0.0473064918035273,-0.0406291372065955
333.406593406593,3334.06593406593,-8.68819493492607e-05,-0.0793333011654315,0.00213574678628833,0.0138612216947967,-0.0424285575345895,-0.0369047436308421
333.424908424908,3334.24908424908,-7.82270584873862e-05,-0.0714303815320466,0.00189451857683637,0.0122956251963169,-0.0379768652716358,-0.0334535162604108
333.443223443223,3334.43223443223,-7.02948142309031e-05,-0.0641873221022031,0.00167755370346708,0.0108875003057339,-0.0339238502218258,-0.0302634718803773
333.461538461538,3334.61538461538,-6.30420592972178e-05,-0.0575647152691071,0.00148279806222976,0.0096235156719589,-0.0302425300854964,-0.0273221851836106
333.479853479853,3334.79853479854,-5.64261224732822e-05,-0.0515235972638603,0.00130832359350976,0.00849115798492585,-0.026906659631617,-0.0246169376322433
333.498168498169,3334.98168498169,-5.04051091451756e-05,-0.0460257134426818,0.00115232639374741,0.00747871972044818,-0.0238908599677834,-0.0221348534748984
333.516483516484,3335.16483516484,-4.49381513714041e-05,-0.0410337466328464,0.00101312403649153,0.00657528175357422,-0.0211707239430169,-0.0198630226898295
333.534798534799,3335.34798534799,-3.99856192140395e-05,-0.0365115101025372,0.000889152219157635,0.00577069159569394,-0.0187228992758772,-0.01778861082666
333.553113553114,3335.53113553114,-3.55092953619447e-05,-0.0324241070121131,0.000778960846304667,0.00505553797459291,-0.0165251511118859,-0.0158989559002272
333.571428571429,3335.71428571429,-3.14725153322008e-05,-0.0287380584342793,0.000681209653852112,0.00442112243515982,-0.0145564057859793,-0.0141816526483
333.589743589744,3335.89743589744,-2.78402757232303e-05,-0.0254214022017506,0.000594663471627569,0.0038594285928212,-0.0127967776012174,-0.0126246246005333
333.608058608059,3336.08058608059,-2.4579313121071e-05,-0.0224437649578354,0.000518187214146794,0.00336308962317601,-0.0112275804385418,-0.0112161845192936
333.626373626374,3336.26373626374,-2.1658156333525e-05,-0.0197764098522745,0.000450740681748426,0.00292535452081222,-0.00983132598768852,-0.00994508386458598
333.644688644689,3336.44688644689,-1.90471546507502e-05,-0.0173922623464407,0.000391373246290236,0.00254005360891544,-0.0085917103403184,-0.00880055200612227
333.663003663004,3336.63003663004,-1.67184848116071e-05,-0.0152659165744214,0.000339218487696718,0.00220156372989765,-0.00749359061743951,-0.00777232595698189
333.681318681319,3336.81318681319,-1.46461392979237e-05,-0.0133736246543245,0.000293488839846804,0.00190477349664429,-0.00652295321756604,-0.00685067143675845
333.699633699634,3336.99633699634,-1.28058984898321e-05,-0.0116932712628695,0.000253470296711698,0.00164504893479092,-0.00566687517373169,-0.00602639608913782
333.717948717949,3337.17948717949,-1.11752891000633e-05,-0.0102043356810758,0.000218517222374727,0.00141819979920521,-0.00491347999976659,-0.00529085568130923
333.736263736264,3337.36263736264,-9.73353116873579e-06,-0.00888784339435407,0.00018804730166429,0.0012204468030627,-0.00425188929209623,-0.00463595410225784
333.754578754579,3337.54578754579,-8.46147574794388e-06,-0.00772630919130429,0.000161536661654453,0.0010483899558716,-0.00367217123575333,-0.00405413795555096
333.772893772894,3337.72893772894,-7.34153524189301e-06,-0.00670367355617676,0.000138515188280021,0.000898978167811075,-0.00316528704464672,-0.00353838651153003
333.791208791209,3337.91208791209,-6.3576081977285e-06,-0.00580523399417147,0.000118562056797064,0.000769480241949109,-0.0027230362485094,-0.00308219774566206
333.809523809524,3338.09523809524,-5.4950001683642e-06,-0.005017572770018,0.000101301489813654,0.000657457343415,-0.00233800162435078,-0.00267957114566722
333.827838827839,3338.27838827839,-4.74034209471527e-06,-0.00432848238148352,8.63987521198732e-05,0.000560737005424045,-0.00200349445998943,-0.0023249879214941
333.846153846154,3338.46153846154,-4.0815074839147e-06,-0.00372688993347411,7.35563875594666e-05,0.000477388706178067,-0.00171350073271742,-0.00201338920075669
333.864468864469,3338.64468864469,-3.50752949443644e-06,-0.00320278142713113,6.25106996930702e-05,0.000405701027998892,-0.00146262868807888,-0.00174015273905225
333.882783882784,3338.82783882784,-3.00851888069627e-06,-0.00274712683373045,5.30284749871768e-05,0.000344160390479457,-0.0012460582129869,-0.00150106862074355
333.901098901099,3339.01098901099,-2.57558360042417e-06,-0.00235180668688502,4.49039446991134e-05,0.000291431332797179,-0.00105949231443767,-0.00129231437244735
333.919413919414,3339.19413919414,-2.20075074848846e-06,-0.00200954079906783,3.79559794886503e-05,0.000246338306447677,-0.000899110939816595,-0.00111042985925123
333.937728937729,3339.37728937729,-1.87689135221481e-06,-0.00171381959101172,3.20255090405882e-05,0.000207848928323463,-0.000761527307569285,-0.00095229228344244
333.956043956044,3339.56043956044,-1.59764844614687e-06,-0.00145883841562001,2.69731575978795e-05,0.000175058635074739,-0.000643746857813334,-0.000815091557806671
333.974358974359,3339.74358974359,-1.35736873822039e-06,-0.0012394351612542,2.26770852444963e-05,0.000147176672807752,-0.000543128880613337,-0.000696306280640865
333.992673992674,3339.92673992674,-1.15103808520077e-06,-0.00105103133332138,1.90310240135399e-05,0.000123513351219465,-0.000457350835281826,-0.000593680498039557
334.010989010989,3340.10989010989,-9.74220912387821e-07,-0.000889576737435187,1.59424973878717e-05,0.000103468487969048,-0.000384375336542876,-0.000505201400892311
334.029304029304,3340.29304029304,-8.23003640403468e-07,-0.000751497821508426,1.33312114811332e-05,8.65209672731584e-05,-0.000322419752179858,-0.000429078069328567
334.047619047619,3340.47619047619,-6.93942120337866e-07,-0.000633649677942113,1.11276061030091e-05,7.22193361668291e-05,-0.000269928331545318,-0.000363721346396795
334.065934065934,3340.65934065934,-5.84013026674442e-07,-0.000533271659725864,9.27155399226333e-06,6.01733623887983e-05,-0.000225546764419347,-0.000307724895306517
334.084249084249,3340.84249084249,-4.90569114370481e-07,-0.000447946524960694,7.71119672183568e-06,5.00464792829256e-05,-0.000188099054431415,-0.00025984747052928
334.102564102564,3341.02564102564,-4.11298212047364e-07,-0.000375562992883455,6.40190611125597e-06,4.15490452553175e-05,-0.000156566580486545,-0.00021899641239691
334.120879120879,3341.20879120879,-3.44185796105503e-07,-0.000314281569691024,5.30536040390681e-06,3.44323480674176e-05,-0.000130069212391222,-0.000184212357299802
334.139194139194,3341.39194139194,-2.87480970121643e-07,-0.000262503483782443,4.38872495682056e-06,2.84832874264544e-05,-0.000107848342816733,-0.00015465514096571
334.157509157509,3341.57509157509,-2.39665659512374e-07,-0.000218842556912183,3.62392773196948e-06,2.351967284757e-05,-8.92516965679942e-05,-0.000129590860344188
334.175824175824,3341.75824175824,-1.99426822191441e-07,-0.000182099829295706,2.98702045240519e-06,1.93860774898483e-05,-7.37197791064566e-05,-0.000108380050189249
334.194139194139,3341.94139194139,-1.65631470965762e-07,-0.000151240752158746,2.45761688211597e-06,1.59501925333978e-05,-6.07738290090254e-05,-9.04669231497203e-05
334.212454212454,3342.12454212454,-1.37304302541395e-07,-0.000125374760423912,2.01840029113575e-06,1.30996305760086e-05,-5.00051435657146e-05,-7.53696168581972e-05
334.230769230769,3342.30769230769,-1.13607730079285e-07,-0.000103737040117156,1.65469276835066e-06,1.07391304278844e-05,-4.10656521454816e-05,-6.26713879716743e-05
334.249084249084,3342.49084249084,-9.38241207710321e-08,-8.56723092133688e-05,1.3540796348959e-06,8.78811951501048e-06,-3.36596182479531e-05,-5.20126909654157e-05
334.267399267399,3342.67399267399,-7.73400467336339e-08,-7.06204368758232e-05,1.10608278458395e-06,7.17859382411187e-06,-2.75363581780524e-05,-4.30840786977707e-05
334.285714285714,3342.85714285714,-6.36323658653107e-08,-5.81037336624236e-05,9.01877328276373e-07,5.85327889476784e-06,-2.24838716667398e-05,-3.56198619956838e-05
334.304029304029,3343.04029304029,-5.22559586022438e-08,-4.77157537616346e-05,7.34046444203752e-07,4.7640387721561e-06,-1.83232871523118e-05,-2.93924666093228e-05
334.322344322344,3343.22344322344,-4.28329568819549e-08,-3.91114597862207e-05,5.96369831336938e-07,3.87050304714063e-06,-1.49040320333506e-05,-2.42074277528701e-05
334.340659340659,3343.40659340659,-3.50433123767656e-08,-3.19986104759733e-05,4.83641627188595e-07,3.13888512361703e-06,-1.20996456994782e-05,-1.98989647764951e-05
334.358974358974,3343.58974358974,-2.8616562022966e-08,-2.61302416703491e-05,3.91514083807501e-07,2.54096765924308e-06,-9.80416033261792e-06,-1.63260813377312e-05
334.377289377289,3343.77289377289,-2.33246599053072e-08,-2.12981209872537e-05,3.16363695478825e-07,2.0532337201069e-06,-7.92898145396123e-06,-1.33691395332925e-05
334.395604395604,3343.95604395604,-1.89757553522551e-08,-1.73270665020457e-05,2.55176838901976e-07,1.65612457343068e-06,-6.40020681597585e-06,-1.09268596860699e-05
334.413919413919,3344.13919413919,-1.54088076892928e-08,-1.40700293924205e-05,2.05452323858884e-07,1.33340723113919e-06,-5.15632848105839e-06,-8.9137009113621e-06
334.432234432234,3344.32234432234,-1.24889382243082e-08,-1.14038497617335e-05,1.65118556773797e-07,1.07163683263409e-06,-4.1462687726387e-06,-7.25758098909485e-06
334.450549450549,3344.50549450549,-1.01034295939312e-08,-9.22560357798764e-06,1.32463297454536e-07,8.59700758642856e-07,-3.32770614289483e-06,-5.89789743509282e-06
334.468864468864,3344.68864468864,-8.15829170792848e-09,-7.44946698259182e-06,1.06074238526395e-07,6.88432985483426e-07,-2.66565202182548e-06,-4.78381496076634e-06
334.48717948718,3344.87179487179,-6.57532203679849e-09,-6.00403199182446e-06,8.47888605492998e-08,5.50288639490608e-07,-2.13124427742959e-06,-3.87278771439487e-06
334.505494505494,3345.05494505494,-5.28959575541399e-09,-4.8300147067455e-06,6.76522153770224e-08,4.3907000656886e-07,-1.70072699394826e-06,-3.12928771279724e-06
334.52380952381,3345.2380952381,-4.24732854279807e-09,-3.87830380140061e-06,5.3881469000323e-08,3.49696411508009e-07,-1.3545900551765e-06,-2.52371374622411e-06
334.542124542125,3345.42124542125,-3.4040614904241e-09,-3.10830313348351e-06,4.2836191109975e-08,2.78011394116588e-07,-1.07684540333296e-06,-2.03145773015055e-06
334.56043956044,3345.6043956044,-2.72312354972585e-09,-2.48652778050171e-06,3.39935183508288e-08,2.20621516123572e-07,-8.54419829576476e-07,-1.63210795092524e-06
334.578754578755,3345.78754578755,-2.17433240902593e-09,-1.9854177896675e-06,2.69274402415226e-08,1.74761924614571e-07,-6.766468255609e-07,-1.3087709641066e-06
334.59706959707,3345.9706959707,-1.7328995960768e-09,-1.58233840947061e-06,2.12915630390294e-08,1.38184487696512e-07,-5.34842389647174e-07,-1.04749601982343e-06
334.615384615385,3346.15384615385,-1.37851007342797e-09,-1.25873965344878e-06,1.68048010210159e-08,1.09064929412376e-07,-4.21951852511251e-07,-8.36787800937524e-07
334.6336996337,3346.336996337,-1.09455044363948e-09,-9.99451561991759e-07,1.32395247898271e-08,8.59259109852054e-08,-3.32256546757276e-07,-6.67195015234483e-07
334.652014652015,3346.52014652015,-8.67463303071253e-10,-7.92094652433087e-07,1.0411767210272e-08,6.75734663222906e-08,-2.61130751537914e-07,-5.30963900895173e-07
334.67032967033,3346.7032967033,-6.8620855398623e-10,-6.26588034493129e-07,8.173148097129e-09,5.30445923861576e-08,-2.04840847659372e-07,-4.21747186833757e-07
334.688644688645,3346.88644688645,-5.4181499490406e-10,-4.94739960240502e-07,6.40423106217588e-09,4.15641344317766e-08,-1.6037971287075e-07,-3.34360247369752e-07
334.70695970696,3347.0695970696,-4.27007952218167e-10,-3.89907808550411e-07,5.0090706773996e-09,3.25093965212071e-08,-1.25330520218794e-07,-2.64577288331617e-07
334.725274725275,3347.25274725275,-3.35900868424841e-10,-3.0671646937103e-07,3.91074690059165e-09,2.53811594751578e-08,-9.7755013465403e-08,-2.08961455905627e-07
334.74358974359,3347.4358974359,-2.63740414064507e-10,-2.4082560134976e-07,3.04771587955104e-09,1.97799972077336e-08,-7.61020308441108e-08,-1.64723570505649e-07
334.761904761905,3347.61904761905,-2.06696340610429e-10,-1.88737743136047e-07,2.37083487870176e-09,1.53869681866889e-08,-5.91328317806749e-08,-1.29604911355372e-07
334.78021978022,3347.8021978022,-1.61688667767299e-10,-1.4764051533254e-07,1.84094168965242e-09,1.19479055528921e-08,-4.58602632053905e-08,-1.0178025212715e-07
334.798534798535,3347.98534798535,-1.26245882162408e-10,-1.15277139446125e-07,1.42689001400441e-09,9.26066654773207e-09,-3.54993219428802e-08,-7.97778175032452e-08
334.81684981685,3348.1684981685,-9.83888461421727e-11,-8.98404331484157e-08,1.10395799698996e-09,7.1648037287299e-09,-2.74270735321824e-08,-6.24133596162333e-08
334.835164835165,3348.35164835165,-7.65359739463585e-11,-6.98862251198758e-08,8.52562073767693e-10,5.53321769647003e-09,-2.11502199531334e-08,-4.87360051667424e-08
334.85347985348,3348.5347985348,-5.94260187537243e-11,-5.42628506630291e-08,6.57219964274209e-10,4.26542682191414e-09,-1.62789590871215e-08,-3.79838915759076e-08
334.871794871795,3348.71794871795,-4.60552376780981e-11,-4.2053776052772e-08,5.05715847266043e-10,3.28214913796443e-09,-1.25058969763782e-08,-2.95478790763938e-08
334.89010989011,3348.9010989011,-3.56264736592388e-11,-3.25311043944107e-08,3.88430505586397e-10,2.52095491165971e-09,-9.58913576984896e-09,-2.29419686245618e-08
334.908424908425,3349.08424908425,-2.75079534365165e-11,-2.51179533927251e-08,2.97804265004869e-10,1.93278106065294e-09,-7.33873163743105e-09,-1.7779221755294e-08
334.92673992674,3349.2673992674,-2.11999792453426e-11,-1.93580410058557e-08,2.27907739908635e-10,1.47914524751492e-09,-5.60582490362607e-09,-1.37522161022296e-08
334.945054945055,3349.45054945055,-1.63081370863254e-11,-1.48912214862454e-08,1.74099611533052e-10,1.12992482438966e-09,-4.27400592517791e-09,-1.06172155610675e-08
334.96336996337,3349.6336996337,-1.25217598039251e-11,-1.14338196723994e-08,1.32753726917352e-10,8.6158567646019e-10,-3.25243428440473e-09,-8.18138538799467e-09
334.981684981685,3349.81684981685,-9.59662130789758e-12,-8.76282880497449e-09,1.01042916500732e-10,6.55779175367275e-10,-2.47035561209281e-09,-6.29247319288168e-09
335,3350,-7.34113381934389e-12,-6.70330701081006e-09,7.67670645349514e-11,4.98226338070243e-10,-1.87278200011237e-09,-4.83052501069768e-09
335.018315018315,3350.18315018315,-5.6053179021385e-12,-5.11830566175162e-09,5.82175584938699e-11,3.77838089231418e-10,-1.41707505895127e-09,-3.70123060280035e-09
335.03663003663,3350.3663003663,-4.2719880495352e-12,-3.90082079243523e-09,4.40699570335044e-11,2.86018664966916e-10,-1.07023136893554e-09,-2.83058942349968e-09
335.054945054945,3350.54945054945,-3.24976220952505e-12,-2.96740998579451e-09,3.3299730053489e-11,2.16118756966717e-10,-8.06751964741447e-10,-2.16065802105306e-09
335.07326007326,3350.7326007326,-2.46754905158624e-12,-2.25315860792932e-09,2.51158699988529e-11,1.63004642847578e-10,-6.06989440664752e-10,-1.64616916726457e-09
335.091575091575,3350.91575091575,-1.87013613384059e-12,-1.70765129278944e-09,1.89088372076137e-11,1.22720345973715e-10,-4.55828784488754e-10,-1.25182250830069e-09
335.10989010989,3351.0989010989,-1.4147209482446e-12,-1.29180438391129e-09,1.42098760482673e-11,9.22235929020959e-11,-3.4166050189306e-10,-9.50143882018234e-10
335.128205128205,3351.28205128205,-1.06821968542319e-12,-9.75408524431797e-10,1.06592225876629e-11,6.91794777968747e-11,-2.55602976222741e-10,-7.19805548209056e-10
335.14652014652,3351.4652014652,-8.05088630844034e-13,-7.35139338999628e-10,7.98122856033272e-12,5.17990143690562e-11,-1.90861063726662e-10,-5.44278275272966e-10
335.164835164835,3351.64835164835,-6.05650796348821e-13,-5.53029454192757e-10,5.96516182075472e-12,3.87145287885525e-11,-1.42251525650933e-10,-4.10777928541824e-10
335.18315018315,3351.8315018315,-4.54774216232309e-13,-4.15261629473762e-10,4.45022677886127e-12,2.88824407321802e-11,-1.05822596225152e-10,-3.0943903324861e-10
335.201465201465,3352.01465201465,-3.40848099322448e-13,-3.11233865236045e-10,3.31398903166837e-12,2.15081380231928e-11,-7.85733193025593e-11,-2.32660545933486e-10
335.21978021978,3352.1978021978,-2.54986674472868e-13,-2.32832421356117e-10,2.46336347378533e-12,1.59874885188722e-11,-5.82315195091714e-11,-1.74600901846946e-10
335.238095238095,3352.38095238095,-1.90396540386372e-13,-1.73854134172426e-10,1.82771414666956e-12,1.18620574050967e-11,-4.30709776845135e-11,-1.30783156487913e-10
335.25641025641,3352.5641025641,-1.41906285566013e-13,-1.29576904919802e-10,1.35366407599011e-12,8.7854224939229e-12,-3.17988073405454e-11,-9.77780975792567e-11
335.274725274725,3352.74725274725,-1.05569299761673e-13,-9.63970204921261e-11,1.00069145319287e-12,6.49459297789718e-12,-2.34336817149935e-11,-7.29633387771326e-11
335.29304029304,3352.9304029304,-7.83877536516542e-14,-7.15771148634024e-11,7.38432969493228e-13,4.7925077835097e-12,-1.72340578477325e-11,-5.43430570156699e-11
335.311355311355,3353.11355311355,-5.81038002613573e-14,-5.30555117549231e-11,5.43922170424818e-13,3.53011220121089e-12,-1.26548498428118e-11,-4.04006619121114e-11
335.32967032967,3353.2967032967,-4.29856643343418e-14,-3.92508994097691e-11,3.99871706094181e-13,2.59520950855816e-12,-9.27315265104841e-12,-2.99777467587207e-11
335.347985347985,3353.47985347985,-3.17355044454985e-14,-2.89781980108512e-11,2.93480099466971e-13,1.90471677065816e-12,-6.77752709976137e-12,-2.22006709110898e-11
335.3663003663,3353.663003663,-2.33898681542452e-14,-2.13576636850202e-11,2.14991075400369e-13,1.39531473377806e-12,-4.94681006197645e-12,-1.64108536230438e-11
335.384615384615,3353.84615384615,-1.72070751028358e-14,-1.57120562042395e-11,1.57219581747341e-13,1.02037165236727e-12,-3.60432164152796e-12,-1.21077345627115e-11
335.40293040293,3354.0293040293,-1.26381406988002e-14,-1.15400889337613e-11,1.14752215396536e-13,7.44753969802162e-13,-2.62230247843173e-12,-8.9177864553296e-12
335.421245421245,3354.21245421245,-9.26907249404902e-15,-8.46373873056827e-12,8.36116002166954e-14,5.42648095879594e-13,-1.90772238720051e-12,-6.55601634336776e-12
335.43956043956,3354.3956043956,-6.77891162663001e-15,-6.1899329110053e-12,6.07866108183618e-14,3.94511509528213e-13,-1.38141938002366e-12,-4.80851353098163e-12
335.457875457875,3354.57875457875,-4.94423778843276e-15,-4.51466280903124e-12,4.41328718579783e-14,2.86426988807326e-13,-9.94867501215767e-13,-3.51979530781547e-12
335.47619047619,3354.7619047619,-3.60382235304876e-15,-3.29070798045537e-12,3.19910748286261e-14,2.07625446659364e-13,-7.17876445500522e-13,-2.57283153495485e-12
335.494505494506,3354.94505494506,-2.62642646783538e-15,-2.39823212442019e-12,2.31402177981671e-14,1.50182451883119e-13,-5.20173329154117e-13,-1.87805879526608e-12
335.51282051282,3355.12820512821,-1.90980658668782e-15,-1.74387501942852e-12,1.66974128134852e-14,1.08367968629597e-13,-3.75321774822042e-13,-1.36855324460648e-12
335.531135531136,3355.31135531136,-1.38134524116103e-15,-1.26132849056979e-12,1.20311123418384e-14,7.80831868627297e-14,-2.6732206619978e-13,-9.94006424370009e-13
335.549450549451,3355.49450549451,-9.97036728777483e-16,-9.10410225248633e-13,8.64936175085782e-15,5.61352691793069e-14,-1.91022198250978e-13,-7.19388026997655e-13
335.567765567766,3355.67765567766,-7.24788001831391e-16,-6.61815546969773e-13,6.23426116759658e-15,4.04610119055808e-14,-1.39920801204695e-13,-5.21894745765078e-13
335.586080586081,3355.86080586081,-5.20416073811648e-16,-4.75200262243911e-13,4.45190867463388e-15,2.88933564129721e-14,-9.7587397976898e-14,-3.77612864267013e-13
335.604395604396,3356.04395604396,-3.70625978806074e-16,-3.38424524502285e-13,3.18328642961627e-15,2.06598643632429e-14,-6.69092888455399e-14,-2.71515235656745e-13
335.622710622711,3356.22710622711,-2.65977348183613e-16,-2.42868181764766e-13,2.27320754226876e-15,1.47533564858739e-14,-4.72445927740996e-14,-1.95623588990666e-13
335.641025641026,3356.41025641026,-1.94609384682626e-16,-1.77700949855328e-13,1.61690143681945e-15,1.04938607040301e-14,-3.59288235640259e-14,-1.41772126291302e-13
335.659340659341,3356.59340659341,-1.41602916560657e-16,-1.29299893816272e-13,1.16100533843522e-15,7.5350469860056e-15,-2.73497060396339e-14,-1.01950187776638e-13
335.677655677656,3356.77655677656,-1.01141528865567e-16,-9.23539518843969e-14,8.12457181600252e-16,5.27293272029788e-15,-1.9307509855143e-14,-7.30464420292538e-14
335.695970695971,3356.95970695971,-6.90600920977555e-17,-6.30598775227675e-14,5.93355367857096e-16,3.85093886151094e-15,-1.17273068391339e-14,-5.13325706836337e-14
335.714285714286,3357.14285714286,-4.89647254527467e-17,-4.47104759955352e-14,4.17601816672307e-16,2.71027979449958e-15,-8.57340706714318e-15,-3.6137068928392e-14
335.732600732601,3357.32600732601,-3.49028239629308e-17,-3.1870328252468e-14,3.07041788506944e-16,1.9927335615745e-15,-5.97484884533423e-15,-2.58954794071337e-14
335.750915750916,3357.50915750916,-2.65718982418276e-17,-2.42632263841355e-14,2.12610894912311e-16,1.37986711160187e-15,-4.76467555676356e-15,-1.94985508273719e-14
335.769230769231,3357.69230769231,-1.9067843649716e-17,-1.74111538031594e-14,1.3047903424514e-16,8.46822681324495e-16,-3.22947867986494e-15,-1.41816751232945e-14
335.787545787546,3357.87545787546,-1.40104761043828e-17,-1.27931903989853e-14,9.4617752207167e-17,6.14079182057971e-16,-2.59744093984514e-15,-1.01957494591401e-14
335.805860805861,3358.05860805861,-9.10466271146862e-18,-8.31361352166485e-15,6.60365763598499e-17,4.28584339101365e-16,-1.53888817449113e-15,-6.77472534717372e-15
335.824175824176,3358.24175824176,-5.30099303213405e-18,-4.84042174288212e-15,3.807530259212e-17,2.47112725962726e-16,-9.33644456492811e-16,-3.90677728638931e-15
335.842490842491,3358.42490842491,-3.50962172028906e-18,-3.20469187210751e-15,2.21294383295815e-17,1.4362238662231e-16,-8.83096029935721e-16,-2.32159584217179e-15
335.860805860806,3358.60805860806,-1.62638233278949e-18,-1.48507578828195e-15,1.08178638147708e-17,7.02090760774359e-17,2.37731664301664e-16,-1.72280745258362e-15
335.879120879121,3358.79120879121,2.77723374452394e-18,2.53593666706779e-15,1.15645706175173e-17,7.50552819106047e-17,3.67153953547283e-15,-1.13560286840504e-15
335.897435897436,3358.97435897436,-1.47118045346848e-18,-1.34335846350003e-15,3.14223799165394e-17,2.03934556754369e-16,2.599699444973e-17,-1.36935545794976e-15
335.915750915751,3359.15750915751,-5.40201216430738e-18,-4.93266393238412e-15,5.05626117656763e-18,3.28156678334506e-17,-3.27346448230563e-15,-1.65919945007849e-15
335.934065934066,3359.34065934066,-2.22382748931819e-18,-2.03061254117161e-15,4.55147567937927e-18,2.95395567655248e-17,-2.4497958817419e-15,4.19183340570289e-16
335.952380952381,3359.52380952381,8.5381060088017e-19,7.79628151131498e-16,1.06986339794425e-17,6.94352618824527e-17,1.37688484334929e-17,7.65859302698005e-16
335.970695970696,3359.70695970696,-3.90352790482784e-19,-3.56437392577919e-16,1.3599410797836e-17,8.82616090997446e-17,1.3178668275893e-15,-1.67430422016722e-15
335.989010989011,3359.89010989011,-4.81521370066695e-18,-4.39684884549812e-15,-2.91367388697115e-18,-1.89100505513741e-17,-1.53686216923746e-15,-2.85998667626066e-15
336.007326007326,3360.07326007326,3.29948270033088e-19,3.01281056325318e-16,-3.04028598435031e-17,-1.97317764049645e-16,-2.62970315566311e-16,5.64251371891629e-16
336.025641025641,3360.25641025641,7.22883893488734e-18,6.60076875108344e-15,3.10606803930849e-18,2.01587088733491e-17,4.52210469332703e-15,2.07866405775641e-15
336.043956043956,3360.43956043956,1.08161210050682e-18,9.8763735340168e-16,1.38561827608163e-17,8.99280861965279e-17,2.72951043161177e-16,7.14686310240503e-16
336.062271062271,3360.62271062271,-3.38978596910901e-18,-3.09526792605244e-15,-7.82234714697874e-18,-5.07678572544483e-17,-2.67830973830591e-15,-4.16958187746528e-16
336.080586080586,3360.80586080586,1.31373456702686e-18,1.19959209983203e-15,1.10212465805883e-18,7.15290516588096e-18,1.87448490341526e-15,-6.74892803583237e-16
336.098901098901,3360.98901098901,1.24973337429707e-18,1.14115158444524e-15,8.68891600823391e-18,5.63919804776607e-17,1.83877993017448e-15,-6.97628345729241e-16
336.117216117216,3361.17216117216,-6.09766169637368e-19,-5.56787267535504e-16,2.03004485571794e-18,1.31752050271793e-17,-1.46255495938829e-15,9.05767691852789e-16
336.135531135531,3361.35531135531,-6.2706985298937e-20,-5.7258753828124e-17,3.91884472944813e-18,2.54337152377354e-17,-1.66531661903686e-16,1.09272908075562e-16
336.153846153846,3361.53846153846,1.2469440987217e-18,1.13860465218933e-15,1.18508964052364e-17,7.69135664441422e-17,7.58240439455952e-16,3.80364212733377e-16
336.172161172161,3361.72161172161,-1.74613819028405e-18,-1.59442678213164e-15,2.33829902728541e-17,1.51758070825699e-16,-1.4402065881144e-15,-1.5422019401724e-16
336.190476190476,3361.90476190476,-3.64758798437829e-18,-3.33067108023578e-15,1.54841525984499e-17,1.00493781988162e-16,-2.56132140439791e-15,-7.69349675837875e-16
336.208791208791,3362.08791208791,-4.26275628805179e-19,-3.89239112298679e-16,5.53500059654163e-18,3.59227371156806e-17,-5.48983204940653e-16,1.59744092641974e-16
336.227106227106,3362.27106227106,1.14049599700172e-18,1.04140518353685e-15,1.87084465350195e-17,1.21419789392649e-16,5.83124237170027e-16,4.58280946366825e-16
336.245421245421,3362.45421245421,1.31429590793188e-18,1.20010466921391e-15,1.06009610808655e-17,6.8801354478522e-17,1.47169913033074e-15,-2.71594461116838e-16
336.263736263736,3362.63736263736,2.29285087307015e-18,2.09363889971519e-15,1.07150655794147e-17,6.9541904697733e-17,1.80679126192783e-15,2.86847637787359e-16
336.282051282051,3362.82051282051,-3.73987344902787e-18,-3.41493841787119e-15,5.69082382195738e-18,3.69340462683164e-17,-2.28477549461143e-15,-1.13016292325976e-15
336.300366300366,3363.00366300366,-2.10708139544286e-18,-1.92400981074636e-15,-9.95641914186528e-18,-6.46182093765682e-17,-1.62818602294645e-15,-2.95823787799913e-16
336.318681318681,3363.18681318681,6.87433862811604e-18,6.27706883630288e-15,-1.39092263033832e-17,-9.02723443771875e-17,4.28456923598769e-15,1.99249960031519e-15
336.336996336996,3363.36996336996,5.75307539550711e-18,5.2532253983443e-15,1.25027656595957e-17,8.11442665948836e-17,4.67135095614951e-15,5.81874442194792e-16
336.355311355311,3363.55311355311,1.81609270661686e-18,1.65830337276618e-15,1.17353980262903e-17,7.61639697942774e-17,2.2396295086946e-15,-5.81326135928425e-16
336.373626373626,3363.73626373626,-1.73299668590599e-18,-1.58242706375055e-15,1.9110711400468e-17,1.24030530757593e-16,-2.53958291522474e-15,9.57155851474192e-16
336.391941391941,3363.91941391941,-3.68445687203772e-18,-3.36433665277677e-15,-3.53953720845745e-18,-2.29719694574256e-17,-3.60677400136287e-15,2.42437348586105e-16
336.410256410256,3364.10256410256,-5.9371185536667e-18,-5.42127815732439e-15,-1.53044322717168e-18,-9.93273781298473e-18,-3.33868179640339e-15,-2.082596360921e-15
336.428571428571,3364.28571428571,-2.74391539344606e-18,-2.50551314641483e-15,-2.38392745396505e-17,-1.54719403797622e-16,-8.97274815312719e-16,-1.60823833110211e-15
336.446886446886,3364.46886446886,-4.88163764310477e-19,-4.45750161249384e-16,-1.31656282003756e-17,-8.54463143328996e-17,-3.92552426989392e-16,-5.31977342599923e-17
336.465201465201,3364.65201465201,1.53290624741875e-18,1.39972127577358e-15,-1.19678796471716e-17,-7.76728000112723e-17,-8.47298515911793e-16,2.24701979168538e-15
336.483516483516,3364.83516483516,3.17836580767549e-18,2.90221678637296e-15,-9.02881190289401e-19,-5.85979406501316e-18,1.61944186779194e-15,1.28277491858102e-15
336.501831501831,3365.01831501831,3.43509895290262e-18,3.13664393818071e-15,5.66861749736993e-18,3.67899248817788e-17,4.0042789382473e-15,-8.67635000066598e-16
336.520146520147,3365.20146520146,2.31823374170887e-18,2.11681640410178e-15,3.88230320296349e-18,2.51965568803301e-17,1.98562918346914e-15,1.31187220632638e-16
336.538461538462,3365.38461538462,4.05795376587041e-18,3.70538265582704e-15,1.57791863305462e-17,1.02408581998296e-16,1.9787681405106e-15,1.72661451531644e-15
336.556776556777,3365.56776556777,-4.17905397528906e-18,-3.81596119897627e-15,2.1688062105941e-17,1.40757808421387e-16,-2.81661149049484e-15,-9.99349708481436e-16
336.575091575092,3365.75091575092,-5.78889701437141e-18,-5.28593469295475e-15,3.34461751742391e-18,2.17069201231866e-17,-3.08769810634531e-15,-2.19823658660944e-15
336.593406593407,3365.93406593407,-1.7026450198036e-18,-1.55471247072163e-15,-1.73044973379949e-18,-1.12308011164477e-17,-1.24988296464621e-15,-3.04829506075423e-16
336.611721611722,3366.11721611722,2.38044713678406e-18,2.17362445278152e-15,1.15423461372793e-17,7.49110426919822e-17,1.40780394430342e-15,7.658205084781e-16
336.630036630037,3366.30036630037,2.74786051712318e-18,2.50911550210731e-15,1.63290861168571e-17,1.05977489556492e-16,2.5174055455959e-15,-8.29004348859543e-18
336.648351648352,3366.48351648352,4.9958272625695e-18,4.56176998513986e-15,-2.50453055840062e-18,-1.62546672359582e-17,3.29184061334913e-15,1.26992937179073e-15
336.666666666667,3366.66666666667,-1.70335144450249e-18,-1.55535751844222e-15,5.58161874743286e-18,3.62252938272971e-17,-1.50778482131641e-15,-4.75726971258137e-17
336.684981684982,3366.84981684982,-3.46870300078233e-18,-3.16732833316478e-15,-3.0100295122558e-18,-1.95354087128312e-17,-2.25876137119795e-15,-9.0856696196683e-16
336.703296703297,3367.03296703297,1.40212562662207e-18,1.28030339376271e-15,-3.53759795826639e-18,-2.29593835193395e-17,4.76248769610425e-16,8.04054624152283e-16
336.721611721612,3367.21611721612,1.47126933078629e-18,1.34343961880415e-15,6.09985206192033e-18,3.95886826465418e-17,5.29044341566746e-16,8.143952772374e-16
336.739926739927,3367.39926739927,-9.84676205256989e-19,-8.99123633012174e-16,3.74922435017003e-18,2.43328611026742e-17,2.39884127242212e-16,-1.13900776025439e-15
336.758241758242,3367.58241758242,-1.81951025343285e-19,-1.66142398956668e-16,3.9429951128933e-18,2.55904537711126e-17,4.22484302556277e-16,-5.88626701512944e-16
336.776556776557,3367.76556776557,-3.55841576670188e-18,-3.24924649833472e-15,-7.34905802055265e-18,-4.76961609516624e-17,-3.22913588491219e-15,-2.01106134225347e-17
336.794871794872,3367.94871794872,4.4924576652741e-19,4.10213513395546e-16,1.66004100871881e-18,1.07738410714382e-17,-9.71274868217617e-16,1.38148838161316e-15
336.813186813187,3368.13186813187,2.05406081668085e-18,1.87559587005561e-15,9.21472764320802e-18,5.98045533954202e-17,2.6808319649953e-16,1.60751267355608e-15
336.831501831502,3368.31501831502,2.01307190365689e-18,1.8381682362867e-15,9.83082883910366e-18,6.3803115077716e-17,2.21505879973121e-15,-3.76890563444514e-16
336.849816849817,3368.49816849817,-6.28217547936915e-19,-5.73635516941958e-16,1.57909817993342e-17,1.02485135833664e-16,1.48396952752856e-15,-2.05760504447052e-15
336.868131868132,3368.68131868132,-1.38519593652183e-18,-1.26484462225241e-15,8.45579916333897e-18,5.48790275898813e-17,-1.55571772591126e-16,-1.10927284966128e-15
336.886446886447,3368.86446886447,-2.93759862473728e-19,-2.68236841075692e-16,-2.20064052597489e-18,-1.42823889034633e-17,-1.39020196977697e-16,-1.29216644097995e-16
336.904761904762,3369.04761904762,6.93461299558063e-19,6.33210632777767e-16,-9.29060983012924e-19,-6.02970367845344e-18,-7.11420029931145e-16,1.34463066270891e-15
336.923076923077,3369.23076923077,-9.96888588585769e-19,-9.10274956064044e-16,6.24614598539769e-18,4.05381456254586e-17,-1.59784667106023e-15,6.87571714996181e-16
336.941391941392,3369.41391941392,-3.22883204826947e-18,-2.94829831992183e-15,1.613433165157e-17,1.04713512554758e-16,-1.91406467604199e-15,-1.03423364387984e-15
336.959706959707,3369.59706959707,9.09337415147469e-19,8.30330575651421e-16,-5.62641503935347e-18,-3.6516026482218e-17,3.45753727541002e-16,4.84576848110419e-16
336.978021978022,3369.78021978022,5.65662479232241e-18,5.16515480592148e-15,1.74713609099412e-17,1.1339097332946e-16,3.38132304858159e-15,1.78383175733989e-15
336.996336996337,3369.96336996337,1.73466107956837e-18,1.58394684829342e-15,8.40596628065456e-18,5.45556069301786e-17,1.49131318737992e-15,9.26336609135029e-17
337.014652014652,3370.14652014652,-2.73121204100302e-18,-2.49391351159168e-15,1.40257541331971e-17,9.10286222716618e-17,-1.74857060537218e-15,-7.45342906219495e-16
337.032967032967,3370.32967032967,-3.33344768663806e-18,-3.04382453690329e-15,4.73398117143297e-18,3.07240366402532e-17,-2.29155425896616e-15,-7.52270277937133e-16
337.051282051282,3370.51282051282,7.77218174828986e-19,7.09690378689456e-16,5.43915343527051e-18,3.53006789392501e-17,1.69430506274751e-15,-9.84614684058052e-16
337.069597069597,3370.69597069597,5.80009541557002e-19,5.29616013266363e-16,1.67846287910799e-17,1.08934009514467e-16,1.57596265236467e-15,-1.0463466390983e-15
337.087912087912,3370.87912087912,-1.88712942657761e-18,-1.72316814088729e-15,-3.5147708474201e-18,-2.28112331645673e-17,-2.16945367846976e-15,4.46285537582469e-16
337.106227106227,3371.06227106227,7.29319808293568e-20,6.65953612121167e-17,3.3964606739993e-18,2.2043387672272e-17,-4.12219698097246e-16,4.78815059309363e-16
337.124542124542,3371.24542124542,-7.31737478918516e-19,-6.68161225937896e-16,-4.72893777954456e-18,-3.0691304495456e-17,3.78724361817604e-16,-1.0468855877555e-15
337.142857142857,3371.42857142857,-1.84729879334725e-18,-1.68679815097176e-15,-1.08463854530129e-18,-7.03941845150613e-18,-1.77103357030562e-15,8.42354193338575e-17
337.161172161172,3371.61172161172,1.82009455979001e-18,1.66195752907117e-15,-7.07615814315711e-18,-4.59250119908643e-17,6.55990342980312e-16,1.00596718609086e-15
337.179487179487,3371.79487179487,1.80904988109256e-18,1.65187245584316e-15,2.23443667276695e-18,1.45017294573727e-17,1.41174992430094e-15,2.40122531542225e-16
337.197802197802,3371.97802197802,-2.19421006162847e-18,-2.00356839301134e-15,1.21620460618278e-17,7.89329605024466e-17,-1.34442364341005e-15,-6.59144749601294e-16
337.216117216117,3372.16117216117,-2.40532758506829e-18,-2.19634318908576e-15,-5.46010707099909e-18,-3.54366702430931e-17,-8.53266933479965e-16,-1.3430762556058e-15
337.234432234432,3372.34432234432,1.23670715235621e-19,1.1292571323062e-16,-7.17351420425718e-18,-4.65568630861833e-17,2.02864458170508e-16,-8.99387449398888e-17
337.252747252747,3372.52747252747,1.84037045896962e-18,1.68047177775072e-15,-1.30469551179501e-17,-8.46761135229226e-17,6.1630390017028e-16,1.06416787758044e-15
337.271062271062,3372.71062271062,4.08180178868347e-18,3.72715866787786e-15,3.84169833222095e-18,2.49330269905209e-17,2.39584421618538e-15,1.33131445169249e-15
337.289377289377,3372.89377289377,-4.4402003885975e-19,-4.054418176639e-16,1.44047797924116e-17,9.34885387393432e-17,-1.07799810909419e-15,6.72556291430287e-16
337.307692307692,3373.07692307692,1.02426351747379e-18,9.35271442608397e-16,-5.38586533350716e-18,-3.49548335436354e-17,-8.30145183141968e-17,1.01828596092259e-15
337.326007326007,3373.26007326007,3.03588220533464e-18,2.77211272424836e-15,1.34393828108627e-17,8.72230106015288e-17,2.11852187118743e-15,6.53590853060932e-16
337.344322344322,3373.44322344322,-2.50877078848592e-18,-2.29079883691265e-15,1.76671877147119e-17,1.14661909927439e-16,-1.02683069301859e-15,-1.26396814389406e-15
337.362637362637,3373.62637362637,-4.03681875673263e-18,-3.68608394006825e-15,-6.42080709346139e-18,-4.16717146214992e-17,-2.3548820128781e-15,-1.33120192719015e-15
337.380952380952,3373.80952380952,-3.52791186391344e-19,-3.22139289554655e-16,8.73551087768409e-18,5.66943860902714e-17,-3.75690990853484e-16,5.35517012988291e-17
337.399267399267,3373.99267399267,-9.32545210561548e-20,-8.51521985797727e-17,-5.45080090597652e-18,-3.53762722514705e-17,4.82032501443625e-16,-5.67184700023397e-16
337.417582417582,3374.17582417582,-9.52430116232221e-19,-8.69679212034401e-16,1.65796490158831e-19,1.07603669173939e-18,-5.93680884035401e-16,-2.75998327999e-16
337.435897435897,3374.35897435897,-1.62912008697116e-18,-1.48757567552709e-15,-1.28971518324764e-17,-8.3703874414855e-17,-1.47934219149769e-15,-8.23348402939883e-18
337.454212454212,3374.54212454212,-8.03223294095181e-19,-7.33436070102232e-16,3.59873350316417e-18,2.33561596478116e-17,-3.79137867332228e-16,-3.54298202770004e-16
337.472527472527,3374.72527472527,1.23653979423645e-18,1.12910431492334e-15,-3.33420915878747e-19,-2.16393687788677e-18,3.29834680651678e-16,7.99269634271661e-16
337.490842490843,3374.90842490843,1.0740513620083e-18,9.80733521836798e-16,1.14910469882323e-17,7.45781058090799e-17,-2.83345498925785e-16,1.26407902076258e-15
337.509157509157,3375.09157509157,-2.8749367406132e-18,-2.6251508395348e-15,2.71060122148725e-18,1.75920875538422e-17,-1.47737801204323e-15,-1.14777282749157e-15
337.527472527473,3375.27472527473,-1.57881724338275e-18,-1.44164334240419e-15,-6.00013754891863e-18,-3.89415249498622e-17,-4.43340724503789e-16,-9.98302617900401e-16
337.545787545788,3375.45787545788,1.39870907469364e-18,1.27718368540999e-15,2.51125780869255e-18,1.62983277992289e-17,1.55024827928351e-15,-2.73064593873517e-16
337.564102564103,3375.64102564103,2.55155556745199e-18,2.32986630467131e-15,-3.12469084586309e-18,-2.02795728502446e-17,2.15568286242504e-15,1.74183442246266e-16
337.582417582418,3375.82417582418,3.80909792675833e-18,3.47814839855122e-15,-3.6862292334948e-18,-2.39240161574163e-17,1.72873220803388e-15,1.74941619051734e-15
337.600732600733,3376.00732600733,-2.84882184170977e-18,-2.60130490657486e-15,1.70639786191065e-17,1.10747019334517e-16,-2.69876099878582e-15,9.74560922109653e-17
337.619047619048,3376.19047619048,-4.95672115058067e-18,-4.5260615671882e-15,-9.77355631536303e-18,-6.3431410363615e-17,-3.09705425876041e-15,-1.42900730842779e-15
337.637362637363,3376.37362637363,-7.78187743447532e-19,-7.10575707342782e-16,-3.97723092287606e-18,-2.58126477854586e-17,-4.16686075559697e-16,-2.93889631783084e-16
337.655677655678,3376.55677655678,-1.6379558518618e-19,-1.49564375413659e-16,4.74358887823759e-19,3.07863916698159e-18,5.49173898683877e-16,-6.98738274097536e-16
337.673992673993,3376.73992673993,2.39535157021799e-18,2.18723392995337e-15,-1.56910219113421e-17,-1.0183638562744e-16,1.68920785736678e-15,4.98026072586586e-16
337.692307692308,3376.92307692308,3.31986608746542e-18,3.03142296090802e-15,8.33925044811734e-18,5.41226141469103e-17,1.75517831771483e-15,1.27624464319319e-15
337.710622710623,3377.10622710623,1.82309745390463e-18,1.66469951984081e-15,-1.06295337814027e-17,-6.89867943158229e-17,9.24985758010552e-16,7.39713761830253e-16
337.728937728938,3377.28937728938,-5.6216672258319e-19,-5.13323449138924e-16,3.06394064157802e-18,1.98852976229538e-17,-4.93765796335959e-16,-1.95576528029647e-17
337.747252747253,3377.47252747253,-2.17644711798491e-18,-1.98734876432882e-15,2.88313889677049e-19,1.87118752473834e-18,-1.41940719086263e-15,-5.67941573466194e-16
337.765567765568,3377.65567765568,-1.20553389868836e-18,-1.10079233449651e-15,1.03775422570225e-18,6.73513427692872e-18,-5.08383066337305e-16,-5.92409268159208e-16
337.783882783883,3377.83882783883,1.77768156579657e-19,1.62322954413287e-16,2.52914657178332e-18,1.64144277566951e-17,7.12415190590494e-16,-5.50092236177208e-16
337.802197802198,3378.02197802198,1.00830529133854e-18,9.20699730422653e-16,-1.31256332929051e-17,-8.5186743169e-17,5.70399646174847e-16,3.50300084247807e-16
337.820512820513,3378.20512820513,8.54552121583271e-19,7.80305245576318e-16,1.32305746347001e-18,8.58678235353193e-18,5.30072972043373e-16,2.50232273532944e-16
337.838827838828,3378.38827838828,1.96032795957059e-18,1.79000689515437e-15,2.09060282962479e-19,1.35682326590594e-18,2.08042097695497e-15,-2.90414081800593e-16
337.857142857143,3378.57142857143,1.49241674664739e-18,1.36274966334095e-15,1.18346021010189e-17,7.6807814692778e-17,9.28077434793568e-16,4.34672228547385e-16
337.875457875458,3378.75457875458,-2.50677469968399e-18,-2.2889761762189e-15,-9.17894761075377e-18,-5.95723372145137e-17,-1.99127225577315e-15,-2.97703920445744e-16
337.893772893773,3378.93772893773,-4.53737861543344e-18,-4.14315317388574e-15,-9.98650008805132e-18,-6.48134378870596e-17,-3.72714020110548e-15,-4.16012972780265e-16
337.912087912088,3379.12087912088,-4.09068990996735e-18,-3.7352745539496e-15,-1.13750715976024e-17,-7.38254133031225e-17,-3.63584275784233e-15,-9.94317961072738e-17
337.930402930403,3379.30402930403,5.32858732565899e-18,4.86561853479411e-15,-1.78441683854597e-17,-1.15810533129721e-16,4.21849466681455e-15,6.47123867979568e-16
337.948717948718,3379.48717948718,7.9210082131928e-18,7.23279961853697e-15,3.55672163136522e-18,2.30834981728853e-17,5.82974132726208e-15,1.4030582912749e-15
337.967032967033,3379.67032967033,-4.58335919977777e-19,-4.18513878278233e-16,1.2105933486881e-17,7.8568783978246e-17,-1.18570841220145e-15,7.67194533923215e-16
337.985347985348,3379.85347985348,-8.20505304639891e-19,-7.49216551060091e-16,2.46253617975242e-18,1.59821192934235e-17,-5.34324757196052e-16,-2.14891793864039e-16
338.003663003663,3380.03663003663,3.15073732091077e-18,2.87698877206541e-15,5.91999114392891e-18,3.84213663361465e-17,2.75464927770132e-15,1.22339494364097e-16
338.021978021978,3380.21978021978,2.97653106411115e-18,2.71791824545891e-15,3.76167043367648e-18,2.44136374961223e-17,1.22590978607191e-15,1.49200845938699e-15
338.040293040293,3380.40293040293,2.6532479159917e-18,2.42272321883296e-15,1.40672694435451e-17,9.12980610104469e-17,1.2189096403938e-15,1.20381357843916e-15
338.058608058608,3380.58608058608,-4.88694647188145e-18,-4.46234918918073e-15,8.20434031401133e-18,5.32470331605668e-17,-2.35760632906456e-15,-2.10474286011616e-15
338.076923076923,3380.76923076923,-8.53051324272157e-18,-7.78934843485174e-15,1.14613890150878e-18,7.43856224381981e-18,-4.87977104026541e-15,-2.90957739458633e-15
338.095238095238,3380.95238095238,-4.03902401454937e-19,-3.6880975963436e-16,-1.66826391633003e-17,-1.08272086083141e-16,3.04903357731292e-16,-6.73713117365652e-16
338.113553113553,3381.13553113553,2.85505533303199e-18,2.6069968074597e-15,2.49329389228385e-18,1.61817400888099e-17,2.47098232458354e-15,1.36014482876164e-16
338.131868131868,3381.31868131868,-2.00648287424185e-18,-1.83215168786799e-15,5.06763441453245e-18,3.28894813462837e-17,-2.32867377558702e-15,4.96522087719028e-16
338.150183150183,3381.50183150183,9.62038324326377e-19,8.7845262091971e-16,6.98611140621358e-18,4.53405991795326e-17,7.39858676824706e-16,1.38593944095004e-16
338.168498168498,3381.68498168498,1.93323342119436e-18,1.7652664376826e-15,1.76083512925551e-17,1.14280055347823e-16,2.25843483228684e-15,-4.93168394604239e-16
338.186813186813,3381.86813186813,-2.87265487641582e-18,-2.62306723274483e-15,1.41118121877847e-17,9.15871481142007e-17,-2.43952470826005e-15,-1.83542524484779e-16
338.205128205128,3382.05128205128,-3.48114539404875e-18,-3.17868968197908e-15,2.05486687020111e-18,1.33363025167653e-17,-2.74141284890225e-15,-4.37276833076832e-16
338.223443223443,3382.23443223443,-2.62576715453319e-18,-2.3976300948714e-15,-2.38376798695697e-18,-1.54709054220761e-17,-1.67211230118183e-15,-7.25517793689563e-16
338.241758241758,3382.41758241758,-1.43866258173345e-18,-1.31366587337129e-15,-6.86630412876769e-18,-4.4563037324359e-17,-1.34659092135071e-15,3.29250479794227e-17
338.260073260073,3382.60073260073,2.68079895449344e-18,2.44788051388964e-15,-3.34746318711651e-18,-2.17253888193506e-17,2.07266670870609e-15,3.7521380518355e-16
338.278388278388,3382.78388278388,4.61007531788553e-18,4.20953369863872e-15,1.56293004801811e-17,1.01435807035383e-16,2.91433984584461e-15,1.29519385279411e-15
338.296703296703,3382.96703296703,1.72770779233221e-18,1.57759769021712e-15,1.04977363715638e-17,6.8131415237973e-17,1.40524448657485e-15,1.72353203642262e-16
338.315018315018,3383.15018315018,4.70310049907107e-19,4.29447648330501e-16,7.20667870823433e-18,4.67721042116652e-17,8.14150023355181e-16,-3.84702375024681e-16
338.333333333333,3383.33333333333,-1.56260273116542e-18,-1.42683761128717e-15,-1.75941575455288e-18,-1.14187936433973e-17,-8.71562212815231e-16,-5.55275398471935e-16
338.351648351648,3383.51648351648,-5.35574818266493e-18,-4.89041954887014e-15,-2.44561897007314e-18,-1.58723248199741e-17,-4.32465330906798e-15,-5.65766239802158e-16
338.369963369963,3383.69963369963,-3.26707658387442e-18,-2.98322001866138e-15,-1.56832923872622e-17,-1.01786220201673e-16,-2.66141007895196e-15,-3.21809939709418e-16
338.388278388278,3383.88278388278,4.84063597754157e-19,4.42006233417685e-16,-7.21474042497824e-18,-4.68244256028271e-17,9.97400717353531e-16,-5.55394483935846e-16
338.406593406593,3384.06593406593,7.50923894034047e-19,6.8568064924787e-16,-1.69578180571247e-17,-1.10058026100712e-16,9.58322606939459e-16,-2.72641957691589e-16
338.424908424908,3384.24908424908,9.29167232186504e-19,8.48437499575159e-16,-4.95461406141557e-19,-3.21559673451695e-18,7.26539335268282e-18,8.41172106222476e-16
338.443223443223,3384.43223443223,5.68450511110945e-18,5.19061277208691e-15,-3.34225020426701e-19,-2.16915560113455e-18,3.65727484018415e-15,1.53333793190276e-15
338.461538461538,3384.61538461538,5.10127283168761e-18,4.65805402519724e-15,1.01520829143673e-17,6.58880878779445e-17,3.50422207650423e-15,1.153831948693e-15
338.479853479853,3384.79853479854,-1.81889190407653e-18,-1.66085936485375e-15,1.49222753205627e-17,9.68471392475218e-17,-1.91223378306153e-15,2.5137441820778e-16
338.498168498169,3384.98168498169,-2.70996825359388e-18,-2.47451546864897e-15,-4.28530342421161e-18,-2.78120707819009e-17,-2.44651869489261e-15,-2.79967737563587e-17
338.516483516484,3385.16483516484,9.47404058025147e-19,8.65089837689058e-16,3.32878223385374e-19,2.1604147464192e-18,9.47631836010953e-16,-8.25419983218945e-17
338.534798534799,3385.34798534799,1.86116678353346e-18,1.699461235194e-15,-1.0380414079872e-17,-6.73699812021957e-17,2.06760906507467e-15,-3.6814782988067e-16
338.553113553114,3385.53113553114,-2.82453473737208e-18,-2.57912796214291e-15,2.6743849456505e-18,1.73570401074146e-17,-1.06243084265433e-15,-1.51669711948858e-15
338.571428571429,3385.71428571429,-5.70266884998495e-18,-5.20719837332277e-15,-8.80927890814859e-18,-5.71731483812048e-17,-4.41488453830993e-15,-7.92313835012836e-16
338.589743589744,3385.89743589744,3.36175356926802e-18,3.06967109223792e-15,-6.06697092366627e-18,-3.9375280594462e-17,1.99511859584257e-15,1.07455249639534e-15
338.608058608059,3386.08058608059,3.80113851752682e-18,3.47088053434707e-15,9.67156155722646e-18,6.27694536357319e-17,3.05954323824619e-15,4.11337296100889e-16
338.626373626374,3386.26373626374,4.39374656565569e-19,4.01200044599033e-16,-7.27521774749198e-18,-4.72169297986674e-17,-6.12832497821246e-16,1.01403254242028e-15
338.644688644689,3386.44688644689,2.27042320789956e-18,2.07315983900416e-15,7.91839205953866e-18,5.13911988575809e-17,8.25515037470209e-16,1.24764480153395e-15
338.663003663004,3386.63003663004,-3.8728529619041e-18,-3.53636414350073e-15,1.56589737902637e-17,1.01628389944609e-16,-1.551384870772e-15,-1.98497927272872e-15
338.681318681319,3386.81318681319,-6.281621534621e-18,-5.73584935358715e-15,6.23687787894636e-19,4.04779946379738e-18,-3.71397872466963e-15,-2.02187062891752e-15
338.699633699634,3386.99633699634,7.91701145599119e-19,7.2291501154453e-16,-1.60553265773923e-17,-1.04200761298278e-16,4.61450269341453e-16,2.61464742203077e-16
338.717948717949,3387.17948717949,1.88367934333377e-18,1.72001781455278e-15,-8.19985356741724e-18,-5.32179137023856e-17,1.35815293098234e-15,3.6186488357044e-16
338.736263736264,3387.36263736264,3.00187916507493e-18,2.74106400292399e-15,-1.18511352536206e-17,-7.69151165953239e-17,1.5907501032322e-15,1.15031389969179e-15
338.754578754579,3387.54578754579,3.12415455684342e-18,2.85271562392176e-15,4.53216163102998e-18,2.9414206556543e-17,2.09193201582559e-15,7.60783608096163e-16
338.772893772894,3387.72893772894,-3.97717413511364e-19,-3.63162147962349e-16,-5.40736697451129e-18,-3.50943814594621e-17,5.07555306971346e-16,-8.70717454933695e-16
338.791208791209,3387.91208791209,-1.37826815936126e-18,-1.2585187578352e-15,-5.7541957503903e-18,-3.73453367615879e-17,-1.81081744070226e-15,5.52298682867067e-16
338.809523809524,3388.09523809524,6.44633260077025e-19,5.88624966934858e-16,3.1326287656878e-18,2.03310907863559e-17,-1.18031077000034e-15,1.76893573693519e-15
338.827838827839,3388.27838827839,6.41956115456751e-19,5.86180423252144e-16,-1.46738517398205e-18,-9.52348440311641e-18,4.7652560384965e-16,1.09654819402494e-16
338.846153846154,3388.46153846154,-1.06589734692896e-18,-9.73287959912343e-16,-4.72123025940354e-19,-3.06412818775699e-18,4.0517313092649e-16,-1.37846109083883e-15
338.864468864469,3388.64468864469,-2.79224295346255e-18,-2.54964181643311e-15,-1.94369864845415e-18,-1.2614809043408e-17,-1.18514018227044e-15,-1.36450163416267e-15
338.882783882784,3388.82783882784,1.97714876062132e-18,1.80536623832745e-15,-1.05655465635926e-17,-6.85715105296584e-17,2.36774436806158e-15,-5.62378129734133e-16
338.901098901099,3389.01098901099,-7.53597288187056e-19,-6.88121768318783e-16,1.22333567391211e-17,7.93957743123581e-17,-1.88817851320556e-16,-4.99303916998227e-16
338.919413919414,3389.19413919414,-3.31801507556493e-18,-3.02973277225938e-15,-4.15927435579176e-18,-2.69941288476924e-17,-3.29362852178159e-15,2.6389574952221e-16
338.937728937729,3389.37728937729,-1.27561741301862e-19,-1.1647867152711e-16,-7.46902584623303e-19,-4.84747647817954e-18,-7.11004212895182e-16,5.94525541368073e-16
338.956043956044,3389.56043956044,1.73596479677393e-18,1.58513729337986e-15,1.61410069697237e-17,1.04756836072979e-16,1.07964742900705e-15,5.05489864372812e-16
338.974358974359,3389.74358974359,-1.59985678250874e-18,-1.46085488296429e-15,-3.36211244261215e-18,-2.18204640311653e-17,-1.08489481657689e-15,-3.75960066387406e-16
338.992673992674,3389.92673992674,-2.72734307918877e-18,-2.4903807005175e-15,1.38955812182274e-18,9.01837863366919e-18,-1.20688715244575e-15,-1.28349354807175e-15
339.010989010989,3390.10989010989,-1.24049180575883e-18,-1.13271296001777e-15,-2.15311351057888e-17,-1.39739335654403e-16,-1.18080317991089e-15,4.80902198931205e-17
339.029304029304,3390.29304029304,5.36004480364827e-18,4.89434286238944e-15,-9.27914717411545e-18,-6.02226429391412e-17,3.08544643552907e-15,1.80889642686037e-15
339.047619047619,3390.47619047619,9.8503316997743e-18,8.99449583222595e-15,4.91536852280562e-18,3.19012596641388e-17,7.10804084615194e-15,1.88645498607401e-15
339.065934065934,3390.65934065934,1.13574820944246e-18,1.0370699025823e-15,2.48368383745855e-17,1.61193698203456e-16,5.80624616378642e-17,9.79007440944436e-16
339.084249084249,3390.84249084249,-7.68949111888613e-18,-7.02139764718223e-15,1.18592068124762e-17,7.69675018628278e-17,-5.670974571319e-15,-1.35042307586323e-15
339.102564102564,3391.02564102564,-2.02713290968907e-18,-1.85100756637304e-15,-1.58269509136828e-17,-1.02718579175989e-16,3.23182074446015e-16,-2.17418964081905e-15
339.120879120879,3391.20879120879,3.3169058611983e-19,3.02871993083416e-16,1.2713967584227e-18,8.25149893408933e-18,5.13228530580409e-16,-2.10356537496993e-16
339.139194139194,3391.39194139194,-4.89601799219263e-19,-4.47063253984522e-16,-1.01347196908667e-17,-6.57753987277966e-17,-5.13411284037131e-16,6.63480300526085e-17
339.157509157509,3391.57509157509,2.35634303794366e-18,2.15161461360378e-15,-5.65057503290292e-18,-3.66728273861845e-17,2.02625592510535e-15,1.25358688498426e-16
339.175824175824,3391.75824175824,1.88655949046581e-18,1.72264772308428e-15,9.1770353392467e-19,5.95599263709294e-18,3.2271147001728e-16,1.399936253067e-15
339.194139194139,3391.94139194139,3.95970573075498e-18,3.61567079948515e-15,1.65041309815176e-17,1.07113549173284e-16,3.02866264914016e-15,5.87008150344994e-16
339.212454212454,3392.12454212454,7.97196751631424e-19,7.27933137538628e-16,3.15030628796484e-17,2.04458197686818e-16,9.16989772226108e-16,-1.8905663468748e-16
339.230769230769,3392.30769230769,-6.16890969677435e-18,-5.63293036703388e-15,2.2589082530649e-17,1.46605525921702e-16,-5.46655136440931e-15,-1.66379002624569e-16
339.249084249084,3392.49084249084,-5.40828236224507e-18,-4.93838935066816e-15,-1.22380930014054e-17,-7.94265131536611e-17,-4.09426281836594e-15,-8.44126532302221e-16
339.267399267399,3392.67399267399,1.18980188682248e-18,1.08642718218764e-15,-1.77758481698024e-18,-1.15367127730943e-17,9.29307612275415e-16,1.5711956991222e-16
339.285714285714,3392.85714285714,1.69772076742757e-18,1.55021605691315e-15,3.65523952522221e-18,2.37228896852233e-17,7.609309182857e-16,7.89285138627447e-16
339.304029304029,3393.04029304029,-1.54985087353257e-18,-1.41519368559739e-15,5.412260397278e-18,3.51261402888567e-17,-4.32734346450856e-16,-9.82459339146536e-16
339.322344322344,3393.22344322344,-4.99303755549937e-19,-4.55922265887917e-16,-7.73725061937146e-18,-5.02155718233313e-17,4.83189826688067e-16,-9.39112092575984e-16
339.340659340659,3393.40659340659,3.557575950163e-18,3.24847964838601e-15,-2.87632136810605e-18,-1.86676287679622e-17,2.48214009603669e-15,7.66339552349318e-16
339.358974358974,3393.58974358974,4.08776018326557e-18,3.73259937351793e-15,7.46947305236014e-19,4.84776671966842e-18,2.66114181141488e-15,1.07145756210305e-15
339.377289377289,3393.77289377289,-2.22119034520991e-18,-2.02820452259784e-15,1.19581373308058e-17,7.76095713514733e-17,-6.6503760408855e-16,-1.36316691850929e-15
339.395604395604,3393.95604395604,-8.75192260370248e-18,-7.99152087282195e-15,1.36130489250149e-17,8.8350121982237e-17,-6.28392337419914e-15,-1.70759749862281e-15
339.413919413919,3394.13919413919,-1.39754523006411e-18,-1.27612096021567e-15,-9.1936988828248e-18,-5.96680745246524e-17,-2.09166554183542e-15,8.15544581619751e-16
339.432234432234,3394.32234432234,5.5917292034171e-18,5.10589760304454e-15,1.28299085393178e-17,8.32674583565736e-17,4.30161448760078e-15,8.04283115443759e-16
339.450549450549,3394.50549450549,5.79833137578132e-18,5.29454935964492e-15,-1.43040147794961e-17,-9.28345631875279e-17,4.09819826671441e-15,1.19635109293051e-15
339.468864468864,3394.68864468864,3.36221325481563e-18,3.07009083848283e-15,7.74548044026744e-18,5.02689842281538e-17,1.13509947541318e-15,1.93499136306965e-15
339.48717948718,3394.87179487179,-5.20093472185846e-18,-4.74905689526242e-15,6.54884238828231e-18,4.25026771764544e-17,-3.38245663961839e-15,-1.36660025564403e-15
339.505494505495,3395.05494505495,-7.16811038021503e-18,-6.54531653398606e-15,-8.21238062183637e-18,-5.32992156055893e-17,-4.33953965152689e-15,-2.20577688245917e-15
339.52380952381,3395.2380952381,-2.13124737092732e-18,-1.94607615048005e-15,-1.38379197342548e-17,-8.98095572296989e-17,-1.39234169583184e-15,-5.53734454648203e-16
339.542124542125,3395.42124542125,8.41891494067677e-19,7.6874462356955e-16,-1.65314229187572e-17,-1.07290676721824e-16,7.81762603189425e-16,-1.30179796198755e-17
339.56043956044,3395.6043956044,2.27011194000151e-18,2.07287561529505e-15,4.76987295791591e-18,3.09569781165819e-17,1.43174276421618e-15,6.41132851078867e-16
339.578754578755,3395.78754578755,1.27669032178553e-18,1.16576640547103e-15,1.57936780420059e-17,1.02502634732717e-16,1.17055093338024e-15,-4.78452790921318e-18
339.59706959707,3395.9706959707,3.46402967461111e-18,3.16306104409769e-15,-3.91534094476865e-18,-2.54109753059584e-17,2.93934748795137e-15,2.23713556146317e-16
339.615384615385,3396.15384615385,2.63997370769337e-18,2.41060232637427e-15,5.15027763827539e-18,3.34258445768071e-17,9.36477500614331e-16,1.47412482575994e-15
339.6336996337,3396.336996337,-1.94609442239533e-18,-1.77701002411462e-15,-1.14768702469901e-17,-7.44860972645609e-17,-2.06367864841399e-15,2.86668624299366e-16
339.652014652015,3396.52014652015,-1.30737416872708e-18,-1.19378431815093e-15,-7.70028481598891e-18,-4.99756598641508e-17,-5.20180067227626e-17,-1.14176631142817e-15
339.67032967033,3396.7032967033,1.04925594327428e-18,9.58092427378365e-16,-1.1422767396103e-17,-7.41349640612796e-17,1.29998692508637e-15,-3.41894497708007e-16
339.688644688645,3396.88644688645,4.08925175884611e-19,3.73396135509901e-16,1.45667792418744e-17,9.45399322368568e-17,-1.48765439476583e-16,5.22161574986484e-16
339.70695970696,3397.0695970696,-1.21177293835439e-19,-1.10648930166306e-16,5.01355487404381e-18,3.2538499429945e-17,-8.0542257088471e-16,6.94773640718404e-16
339.725274725275,3397.25274725275,-3.19671305324773e-18,-2.91896995051627e-15,6.5328155072536e-18,4.23986610297645e-17,-2.62574677469116e-15,-2.93223175825103e-16
339.74358974359,3397.4358974359,-1.95241137518357e-18,-1.78277813500245e-15,-3.24277997585267e-18,-2.1045983747379e-17,-1.16112285201686e-15,-6.21655282985585e-16
339.761904761905,3397.61904761905,-6.52661828573812e-19,-5.95955981573152e-16,-7.23699908786275e-18,-4.69688866704278e-17,5.12088133719734e-16,-1.10804411529289e-15
339.78021978022,3397.8021978022,6.4067133828859e-19,5.85007272617569e-16,1.49640125625802e-17,9.71180183462276e-17,1.36215613359125e-15,-7.77148860973681e-16
339.798534798535,3397.98534798535,2.44662086568943e-18,2.23404874578841e-15,4.91159572518927e-18,3.18767738100546e-17,1.38809836516564e-15,8.45950380622774e-16
339.81684981685,3398.1684981685,1.3629166632053e-18,1.24450106052289e-15,1.05663840329868e-17,6.85769457942739e-17,5.54546183578549e-17,1.18904644216504e-15
339.835164835165,3398.35164835165,-9.06166282099039e-19,-8.27434963213497e-16,6.68481863277806e-18,4.33851773315673e-17,-1.1679754670046e-15,3.40540503791106e-16
339.85347985348,3398.5347985348,-9.43201848078688e-19,-8.61252732401485e-16,2.08644063114657e-17,1.3541219552349e-16,-9.99120917452035e-16,1.37868185050551e-16
339.871794871795,3398.71794871795,-1.22586117381176e-18,-1.11935349537419e-15,-1.49051846448189e-18,-9.67362189610347e-18,-6.90279539420553e-16,-4.29073955953633e-16
339.89010989011,3398.9010989011,-5.56350560091313e-19,-5.08012617901237e-16,-5.92227170873294e-18,-3.84361674420365e-17,-1.4381443643631e-16,-3.64198181464927e-16
339.908424908425,3399.08424908425,8.09703830581572e-19,7.39353551888025e-16,-1.68341216671283e-17,-1.09255223495274e-16,9.57319018309306e-16,-2.17965466421281e-16
339.92673992674,3399.2673992674,6.45318674267549e-19,5.89250829623336e-16,-9.80778487013379e-18,-6.36535572908706e-17,8.37827506108245e-16,-2.4857667648491e-16
339.945054945055,3399.45054945055,8.1777306215839e-19,7.46721696636756e-16,7.35260578368412e-18,4.7719186308227e-17,3.3358107066168e-17,7.13363589570588e-16
339.96336996337,3399.6336996337,2.0272454631207e-18,1.85111034071633e-15,1.12698090258669e-17,7.31422481206408e-17,8.53676810351039e-16,9.9743353036529e-16
339.981684981685,3399.81684981685,1.26590534460092e-18,1.15591846985888e-15,1.19363976370497e-17,7.74684784482013e-17,1.29549076166992e-15,-1.39572291811037e-16
340,3400,8.64430623256401e-19,7.89325463862941e-16,-6.47226383441861e-18,-4.20056742925046e-17,9.09612691148283e-16,-1.20287227285342e-16
340.018315018315,3400.18315018315,3.56889288733506e-18,3.25881332519306e-15,1.05177639301278e-17,6.82613962034334e-17,2.14756352191568e-15,1.11124980327738e-15
340.03663003663,3400.3663003663,-4.15627247508987e-19,-3.79515904582663e-16,8.16379337446388e-18,5.29838792503182e-17,-7.49670153471434e-16,3.70154248888771e-16
340.054945054945,3400.54945054945,-1.70342739485029e-18,-1.55542686992271e-15,-4.64226140125841e-19,-3.01287656669583e-18,-9.95514804397738e-16,-5.59912065524975e-16
340.07326007326,3400.7326007326,-2.21639981791097e-18,-2.02383021530162e-15,1.46356882522019e-17,9.49871589750875e-17,-8.68187918216071e-16,-1.15564229708555e-15
340.091575091575,3400.91575091575,-2.40841400067593e-18,-2.19916144467e-15,-1.07427922650001e-17,-6.97218538088486e-17,-1.56373499628488e-15,-6.3542644838512e-16
340.10989010989,3401.0989010989,-6.60722662125759e-20,-6.03316457950704e-17,-5.05052773612703e-18,-3.27784572008366e-17,-1.85559736306785e-16,1.25228090511715e-16
340.128205128205,3401.28205128205,1.43084655838515e-18,1.3065289371164e-15,-5.52427462686201e-18,-3.58531244422235e-17,1.78727089290633e-15,-4.80741955789928e-16
340.14652014652,3401.4652014652,1.69789308070788e-18,1.55037339893257e-15,-5.96436386827689e-19,-3.87093499928881e-18,1.42453015861059e-15,1.25843240321976e-16
340.164835164835,3401.64835164835,-1.55073333437479e-18,-1.41599947474332e-15,2.20504982360049e-17,1.4311005709678e-16,-1.6024340199183e-15,1.86434545174976e-16
340.18315018315,3401.8315018315,-5.97478385555587e-18,-5.45567094846964e-15,1.19799340723603e-17,7.77510345009672e-17,-3.9976873533963e-15,-1.45798359507333e-15
340.201465201465,3402.01465201465,-3.80007447187028e-18,-3.46990893719534e-15,5.46888387430429e-18,3.5493632621389e-17,-2.18709892861314e-15,-1.2828100085822e-15
340.21978021978,3402.1978021978,-4.42663569510136e-20,-4.04203203748804e-17,-2.69711621909732e-17,-1.75045684673654e-16,-5.86328014731941e-16,5.4590769435706e-16
340.238095238095,3402.38095238095,5.84314577860595e-18,5.3354701094953e-15,-1.81319262969228e-17,-1.17678112297265e-16,2.86432226666611e-15,2.47114784282919e-15
340.25641025641,3402.5641025641,8.47017471271081e-18,7.73425235552714e-15,1.56068036577384e-17,1.01289800287154e-16,5.97888710060977e-15,1.75536525491736e-15
340.274725274725,3402.74725274725,7.14839006793106e-19,6.52730960061015e-16,2.59781234505993e-17,1.68600758608347e-16,1.58985628419488e-15,-9.3712532413386e-16
340.29304029304,3402.9304029304,-6.78861260469548e-18,-6.19879102963904e-15,1.24116934375438e-17,8.05531982771396e-17,-4.89677439183828e-15,-1.30201663780077e-15
340.311355311355,3403.11355311355,-4.58308302223132e-18,-4.18488660063596e-15,-1.34799973174178e-17,-8.74866030287766e-17,-3.967224488643e-15,-2.17662111992956e-16
340.32967032967,3403.2967032967,2.7502658735805e-18,2.5113118716601e-15,-1.77836473022278e-17,-1.15417744922208e-16,1.79815807178931e-15,7.13153799870794e-16
340.347985347985,3403.47985347985,3.70141961861543e-18,3.37982560868673e-15,-6.07864177763999e-18,-3.94510256665538e-17,2.57991294278924e-15,7.9991266589749e-16
340.3663003663,3403.663003663,4.97187325133746e-19,4.53989719336407e-16,7.74709467617935e-18,5.02794607893203e-17,9.64439871241967e-16,-5.1045015190556e-16
340.384615384615,3403.84615384615,-3.484883364601e-18,-3.18210288283139e-15,8.85945460452281e-18,5.7498793937878e-17,-2.03214260744967e-15,-1.14996027538172e-15
340.40293040293,3404.0293040293,-2.7301583930165e-18,-2.49295140871919e-15,1.05269433632799e-17,6.83209716918622e-17,-2.20595802242592e-15,-2.86993386293268e-16
340.421245421245,3404.21245421245,4.90351071587964e-18,4.47747426599505e-15,2.25124319006534e-18,1.46108055256061e-17,3.36622863028032e-15,1.11124563571473e-15
340.43956043956,3404.3956043956,4.97924494523319e-18,4.54662840527068e-15,7.88479341260139e-18,5.11731400985405e-17,3.88232323304171e-15,6.64305172228968e-16
340.457875457875,3404.57875457875,1.59050587876949e-18,1.45231642281151e-15,-1.23400725284839e-17,-8.00883710303725e-17,8.53094596380132e-16,5.99221826431382e-16
340.47619047619,3404.7619047619,-2.60108405418376e-18,-2.37509156013104e-15,2.24722280092773e-17,1.45847127764593e-16,-2.38841968829146e-15,1.33281281604202e-17
340.494505494505,3404.94505494505,-6.69328246000146e-18,-6.11174354583141e-15,3.87220320773654e-18,2.51310068470322e-17,-5.05166890708929e-15,-1.06007463874212e-15
340.51282051282,3405.12820512821,-1.01476849947725e-18,-9.26601389416304e-16,-3.21900393206473e-18,-2.08916747178229e-17,3.63323630790114e-16,-1.28992502020642e-15
340.531135531136,3405.31135531136,2.21062602359141e-18,2.01855807112148e-15,3.98340223453094e-18,2.58527002483935e-17,2.64623120018566e-15,-6.27673129064185e-16
340.549450549451,3405.49450549451,-4.16249747244117e-18,-3.80084319073042e-15,1.29391697981145e-17,8.39765754394398e-17,-2.84466731548934e-15,-9.5617587524108e-16
340.567765567766,3405.67765567766,-2.90932386214831e-18,-2.65655027163076e-15,-5.39358667068469e-18,-3.50049458355443e-17,-2.57513200177056e-15,-8.14182698601926e-17
340.586080586081,3405.86080586081,1.89223587135721e-18,1.72783091750107e-15,-3.99544401575819e-18,-2.59308526774467e-17,1.17096037819891e-15,5.56870539302157e-16
340.604395604396,3406.04395604396,4.83766394857825e-18,4.41734852687182e-15,-1.05557292602647e-17,-6.85077951965736e-17,2.71041866849688e-15,1.70692985837494e-15
340.622710622711,3406.22710622711,-2.910827622992e-19,-2.65792337977102e-16,2.40718930472722e-17,1.56229122423986e-16,-2.31077373212326e-16,-3.47149647647758e-17
340.641025641026,3406.41025641026,-3.771938205839e-18,-3.4442172614969e-15,1.52424095298758e-17,9.89248439997267e-17,-2.14581878576554e-15,-1.29839847573136e-15
340.659340659341,3406.59340659341,-1.53896374244064e-18,-1.40525247161437e-15,-5.94876477938619e-18,-3.8608110262252e-17,-8.28591239692884e-16,-5.76661231921482e-16
340.677655677656,3406.77655677656,1.96597228813427e-18,1.79516082207674e-15,-4.7996484307255e-18,-3.11502240726713e-17,1.41913346929077e-15,3.76027352785971e-16
340.695970695971,3406.95970695971,4.9621747313653e-18,4.53104131925474e-15,-2.4371347450716e-18,-1.58172613056989e-17,2.79361421916304e-15,1.7374271000917e-15
340.714285714286,3407.14285714286,3.63657076373398e-18,3.32061107939639e-15,7.58358442501671e-18,4.92182620295759e-17,1.17523708812969e-15,2.1453739912667e-15
340.732600732601,3407.32600732601,1.17847230778045e-19,1.07608196188641e-16,6.09896887283659e-18,3.95829506563234e-17,4.43000042934686e-16,-3.35391846746045e-16
340.750915750916,3407.50915750916,-8.62836331156332e-19,-7.87869690180746e-16,1.08404187847258e-17,7.03554602091473e-17,1.7546212316388e-16,-9.63331813344627e-16
340.769230769231,3407.69230769231,-3.28895196237759e-18,-3.00319477756007e-15,4.99882561299705e-18,3.24429049736731e-17,-2.02131502521415e-15,-9.81879752345923e-16
340.787545787546,3407.87545787546,-1.93907140622927e-19,-1.77059719543427e-16,-1.13173892298504e-17,-7.34510486582009e-17,-3.59755176799039e-16,1.82695457255612e-16
340.805860805861,3408.05860805861,4.7377139828656e-18,4.32608261040993e-15,-1.20260958386699e-17,-7.8050629228558e-17,3.75500430348088e-15,5.71078306929045e-16
340.824175824176,3408.24175824176,2.19984978473512e-18,2.00871811461705e-15,2.45482525937663e-17,1.59320746076556e-16,1.27304518061183e-15,7.3567293400522e-16
340.842490842491,3408.42490842491,-3.2513598491835e-18,-2.96886881618595e-15,1.32572708161076e-17,8.60410845657324e-17,-3.35053200951242e-15,3.8166319332647e-16
340.860805860806,3408.60805860806,-5.67505667072489e-18,-5.18198524965922e-15,-7.62148288050794e-19,-4.94642269992189e-18,-3.27735267116015e-15,-1.90463257849907e-15
340.879120879121,3408.79120879121,-3.24228083749022e-18,-2.96057862502032e-15,-9.67599892853269e-18,-6.27982526430921e-17,-1.59824815262915e-15,-1.36233047239117e-15
340.897435897436,3408.97435897436,4.65380859280024e-19,4.2494672532579e-16,-1.79761756115999e-17,-1.16667273937475e-16,-1.90842079361639e-16,6.15788804687429e-16
340.915750915751,3409.15750915751,3.10374241137036e-18,2.83407696656685e-15,-1.28242776263366e-18,-8.32309131379749e-18,2.47529360742585e-15,3.58783359140995e-16
340.934065934066,3409.34065934066,-1.72243229338566e-18,-1.5727805475326e-15,9.94404430539791e-18,6.45378953839112e-17,-9.03384406610053e-16,-6.69396140922542e-16
340.952380952381,3409.52380952381,-3.593581837361e-18,-3.28135720136683e-15,-1.32931368461029e-17,-8.62738588797424e-17,-2.57167327759882e-15,-7.09683923768013e-16
340.970695970696,3409.70695970696,2.40707692557367e-18,2.19794053995316e-15,-1.65754956758914e-17,-1.0757671355974e-16,1.68621321589148e-15,5.11727324061675e-16
340.989010989011,3409.89010989011,6.87721976999195e-19,6.27969965315096e-16,-1.36851461173321e-18,-8.88180403575323e-18,7.95312322414517e-16,-1.67342357099421e-16
341.007326007326,3410.07326007326,1.30134640643818e-18,1.18828027174543e-15,-7.91569234786974e-18,-5.13736774443707e-17,1.47765012425006e-15,-2.89369852504629e-16
341.025641025641,3410.25641025641,4.14485000122218e-18,3.78472900177045e-15,5.04083238603363e-18,3.27155333570944e-17,2.27836271029633e-15,1.50636629147412e-15
341.043956043956,3410.43956043956,1.11011074316472e-18,1.01365992100887e-15,2.6867446362126e-18,1.74372558015504e-17,-9.47783511796998e-16,1.96144343280587e-15
341.062271062271,3410.62271062271,-7.44547968799279e-19,-6.79858689673451e-16,-6.60363700713864e-18,-4.285830002675e-17,-1.2467070217614e-15,5.6684833208795e-16
341.080586080586,3410.80586080586,-7.26115350466383e-19,-6.63027570293375e-16,-9.97011695022935e-18,-6.47071095962413e-17,9.87473192747897e-16,-1.65050076304127e-15
341.098901098901,3410.98901098901,-3.38555518429056e-18,-3.09140472859103e-15,-2.49123840581462e-18,-1.61683997650302e-17,-1.53872341451514e-15,-1.55268131407589e-15
341.117216117216,3411.17216117216,-8.67463658412966e-19,-7.92094976901303e-16,4.1092709419453e-18,2.66696014227784e-17,-7.86269394136264e-16,-5.82558276503934e-18
341.135531135531,3411.35531135531,5.47010708379306e-18,4.99484249531756e-15,-7.00067684951343e-18,-4.5435130441365e-17,3.45927351481006e-15,1.5355689805075e-15
341.153846153846,3411.53846153846,3.40765638277209e-18,3.11158568733315e-15,2.42718795025413e-17,1.57527055592018e-16,1.81319788050469e-15,1.29838780682846e-15
341.172161172161,3411.72161172161,-2.02511431481505e-18,-1.84916435502395e-15,-1.04060787804651e-17,-6.75365478134325e-17,-1.83470344481401e-15,-1.44609102099364e-17
341.190476190476,3411.90476190476,-8.58055576219983e-19,-7.83504306185517e-16,3.9869505738761e-18,2.58757293446456e-17,-4.35984316871512e-16,-3.47519989314005e-16
341.208791208791,3412.08791208791,-2.72801686641263e-18,-2.49099594643627e-15,-3.04486554105819e-20,-1.9761498210564e-19,-1.3219925871075e-15,-1.16900335932877e-15
341.227106227106,3412.27106227106,-2.54751140541759e-18,-2.32617351546665e-15,1.56961266691931e-18,1.01869516043801e-17,-1.28051252319201e-15,-1.04566099227464e-15
341.245421245421,3412.45421245421,1.60382099248922e-18,1.46447466666643e-15,-9.54687112242654e-18,-6.19601995747737e-17,1.75724116942002e-15,-2.92766502753586e-16
341.263736263736,3412.63736263736,7.31831049605651e-19,6.68246666832793e-16,6.07834724683699e-18,3.94491141306066e-17,3.06690936621608e-16,3.61555730211185e-16
341.282051282051,3412.82051282051,7.26853377286014e-19,6.63701474417172e-16,-6.20086717663783e-18,-4.02442813854063e-17,-8.23671738208524e-16,1.4873732126257e-15
341.300366300366,3413.00366300366,-9.97688039510985e-19,-9.1100494752363e-16,-1.58810492482955e-18,-1.03069683068173e-17,-2.92948217444651e-16,-6.18056730078979e-16
341.318681318681,3413.18681318681,-6.10091197386518e-19,-5.57084055585307e-16,5.85479835712452e-18,3.79982582801734e-17,4.07362333193559e-16,-9.64446388778866e-16
341.336996336996,3413.36996336996,-4.15178949423642e-19,-3.79106556412152e-16,2.83306844893804e-18,1.83869127648367e-17,-6.54960225297703e-16,2.75853668885551e-16
341.355311355311,3413.55311355311,-4.13302587610968e-18,-3.77393220352186e-15,4.61142034161227e-20,2.99286039400147e-19,-2.7649182026206e-15,-1.00901400090126e-15
341.373626373626,3413.73626373626,-2.7608320374261e-18,-2.52096000530357e-15,-1.05620331191023e-17,-6.85487079046909e-17,-1.99641274378058e-15,-5.24547261522992e-16
341.391941391941,3413.91941391941,1.49446260218189e-18,1.36461776683627e-15,5.48278358855001e-18,3.55838432315097e-17,4.23562820586405e-16,9.41054946249868e-16
341.410256410256,3414.10256410256,3.23913958461891e-18,2.95771029665128e-15,3.97789601832467e-18,2.58169643250037e-17,2.05319039394429e-15,9.0451990270699e-16
341.428571428571,3414.28571428571,5.08018249470249e-18,4.63879610029739e-15,-2.42732589250671e-18,-1.57536008189566e-17,3.68622117363295e-15,9.5257492666444e-16
341.446886446886,3414.46886446886,2.73129047881254e-18,2.49398513441336e-15,-6.72639564678432e-18,-4.36550165335965e-17,2.05939089417243e-15,4.34594240240929e-16
341.465201465201,3414.65201465201,-2.84846474934317e-18,-2.60097883980869e-15,2.16478566991513e-18,1.40496871094725e-17,-1.45716274624453e-15,-1.14381609356415e-15
341.483516483516,3414.83516483516,-3.48406252427298e-18,-3.18135336036512e-15,5.81531747379299e-18,3.77420231871005e-17,-2.10297731872244e-15,-1.07837604164268e-15
341.501831501831,3415.01831501831,-1.02705592802865e-18,-9.37821237464354e-16,-1.07060109110982e-17,-6.94831389462337e-17,-4.96353243569331e-16,-4.41467993895024e-16
341.520146520147,3415.20146520146,5.89998096388134e-19,5.38736722856339e-16,-6.55612381571202e-18,-4.2549934407745e-17,1.32090780089265e-15,-7.82171078036309e-16
341.538461538462,3415.38461538462,-3.89221840311146e-19,-3.55404703840596e-16,-8.58864707686359e-18,-5.57412245473475e-17,-1.2808160430876e-15,9.25411339247e-16
341.556776556777,3415.56776556777,-1.16243240987326e-18,-1.06143567389604e-15,1.48674382924528e-18,9.64912411567014e-18,-1.95221148792268e-15,8.90775814026639e-16
341.575091575092,3415.75091575092,8.11685731865035e-19,7.41163257731169e-16,-5.84993493233816e-18,-3.79666941408323e-17,1.09871304564297e-15,-3.57549787911796e-16
341.593406593407,3415.93406593407,5.64207448338351e-18,5.15186868550468e-15,-1.05718498975282e-17,-6.86124198311068e-17,3.65840273488227e-15,1.49346595062242e-15
341.611721611722,3416.11721611722,2.7134024213443e-18,2.47765126229123e-15,1.14830499448936e-17,7.45262041551327e-17,1.18987223324312e-15,1.28777902904811e-15
341.630036630037,3416.30036630037,-4.04478739611681e-18,-3.69336023247281e-15,1.00760290632364e-17,6.53944903700202e-17,-2.07249076414974e-15,-1.62086946832308e-15
341.648351648352,3416.48351648352,-4.29595474824918e-18,-3.92270516935424e-15,-1.98978932573924e-18,-1.29139423957387e-17,-2.6421659590658e-15,-1.28053921028843e-15
341.666666666667,3416.66666666667,2.40904776734204e-18,2.19974014717573e-15,-1.16596610112034e-17,-7.56724285856652e-17,1.18194488417243e-15,1.0177952630033e-15
341.684981684982,3416.84981684982,8.30007162807809e-18,7.57892850122355e-15,-1.12330371142065e-18,-7.29035945391682e-18,5.54425114091117e-15,2.03467736031238e-15
341.703296703297,3417.03296703297,5.08825139541786e-18,4.64616394293123e-15,9.3724981290667e-18,6.08285004735209e-17,3.74169158638788e-15,9.04472356543351e-16
341.721611721612,3417.21611721612,-4.58226300692515e-18,-4.18413783151036e-15,1.23687606409971e-17,8.02745599035593e-17,-3.85279787428396e-15,-3.31339957226401e-16
341.739926739927,3417.39926739927,-7.91321825100218e-18,-7.22568647914306e-15,-5.09039264403902e-18,-3.30371846539028e-17,-4.62469292238329e-15,-2.60099355675976e-15
341.758241758242,3417.58241758242,1.39967275035833e-18,1.27806363311265e-15,-1.49422003180374e-17,-9.69764545807055e-17,1.97399649464403e-15,-6.95932861531378e-16
341.776556776557,3417.76556776557,1.89258024946483e-18,1.72814537467349e-15,4.05606754055833e-18,2.63243057415317e-17,1.31368527833406e-15,4.14460096339428e-16
341.794871794872,3417.94871794872,-6.55811961534522e-18,-5.98832418494225e-15,-1.02141790524919e-18,-6.62910983576796e-18,-4.64850686899677e-15,-1.33981731594548e-15
341.813186813187,3418.13186813187,-4.03607188863036e-18,-3.6854019628275e-15,-2.25600533367694e-17,-1.46417123394506e-16,-3.1605039033925e-15,-5.24898059435001e-16
341.831501831502,3418.31501831502,2.71185451831767e-18,2.47623784721587e-15,-9.9700333248634e-18,-6.47065668588044e-17,1.39724633283717e-15,1.0789915143787e-15
341.849816849817,3418.49816849817,3.01321740562624e-18,2.75141713218824e-15,5.22675341930449e-18,3.39221804542307e-17,2.02629166360991e-15,7.25125468578328e-16
341.868131868132,3418.68131868132,4.48454029363064e-20,4.09490565494707e-17,1.84773384858007e-18,1.19919873800482e-17,-2.81266180005461e-16,3.22215236554932e-16
341.886446886447,3418.86446886447,-1.69221109511931e-18,-1.54518508677691e-15,-1.34546395707632e-18,-8.73220285809457e-18,-1.55101186840636e-15,5.82678162944621e-18
341.904761904762,3419.04761904762,1.72071372451348e-19,1.57121129473692e-16,-9.00092373467499e-18,-5.84169434997075e-17,1.0044873299933e-16,5.66723964743622e-17
341.923076923077,3419.23076923077,1.33200816349174e-18,1.21627801379439e-15,-4.53716646561612e-18,-2.94466884603855e-17,1.02540224111726e-15,1.90875772677137e-16
341.941391941392,3419.41391941392,2.69922216354981e-18,2.46470304150844e-15,-1.3506412157656e-17,-8.7658038125355e-17,2.04637267371899e-15,4.18330367789449e-16
341.959706959707,3419.59706959707,-8.19692245421191e-19,-7.48474133649506e-16,1.52988826641561e-17,9.92913605919954e-17,2.18517274911814e-17,-7.70325861140687e-16
341.978021978022,3419.78021978022,-4.26270266100207e-18,-3.89234215526774e-15,-2.74719948843984e-18,-1.78296141628635e-17,-3.44696836821006e-15,-4.45373787057683e-16
341.996336996337,3419.96336996337,1.15887505679921e-18,1.0581873977594e-15,-1.41240372037966e-17,-9.16664897563143e-17,1.96879314748967e-16,8.61308083010433e-16
342.014652014652,3420.14652014652,2.17634346567375e-18,1.98725411774136e-15,3.29079587178981e-18,2.13576119716292e-17,2.06522025648577e-15,-7.79661387444097e-17
342.032967032967,3420.32967032967,-7.22709642307723e-19,-6.5991776356072e-16,6.12967445141004e-18,3.9782233096829e-17,-6.47078935445092e-16,-1.2838828115628e-17
342.051282051282,3420.51282051282,1.37051891968593e-18,1.25144280282301e-15,-6.3307915594968e-18,-4.10875043207888e-17,1.73330070084467e-15,-4.81857898021654e-16
342.069597069597,3420.69597069597,-5.75179289500196e-19,-5.25205432656724e-16,1.48040166463064e-18,9.60796279902308e-18,1.63758270786473e-15,-2.16278814052145e-15
342.087912087912,3420.87912087912,-3.74399417959551e-18,-3.41870112303138e-15,-5.3384059496986e-18,-3.46468171417415e-17,-2.52091772831862e-15,-8.97783394712757e-16
342.106227106227,3421.06227106227,1.99998523554408e-18,1.82621858977875e-15,-2.04108154490061e-17,-1.32468343029528e-16,2.71260100670761e-16,1.55495848910799e-15
342.124542124542,3421.24542124542,3.53695168889253e-18,3.22964730469506e-15,1.14095192574733e-17,7.40489822455662e-17,2.40244185343287e-15,8.27205451262192e-16
342.142857142857,3421.42857142857,-3.98138966810751e-18,-3.6354707503993e-15,1.53122758402045e-17,9.93782837158393e-17,-3.08190321798567e-15,-5.53567532413627e-16
342.161172161172,3421.61172161172,-5.51530231100587e-18,-5.03611098202359e-15,-2.18596797536941e-18,-1.41871625039311e-17,-4.32167775268603e-15,-7.14433229337559e-16
342.179487179487,3421.79487179487,-4.57048920971159e-19,-4.17338698847334e-16,-1.45965733602886e-17,-9.47332992048849e-17,-5.30279168400856e-16,1.12940469553522e-16
342.197802197802,3421.97802197802,2.61435644253621e-18,2.38721079076797e-15,-1.15373480961062e-17,-7.48786048781058e-17,1.36195266425115e-15,1.02525812651682e-15
342.216117216117,3422.16117216117,3.61475943519125e-18,3.30069480554367e-15,-3.22290248952923e-18,-2.09169767665734e-17,2.51265210716685e-15,7.88042698376813e-16
342.234432234432,3422.34432234432,5.73448877585679e-18,5.23625365789177e-15,2.70448805002274e-18,1.75524124268694e-17,4.13796608869048e-15,1.09828756920129e-15
342.252747252747,3422.52747252747,8.50373356507812e-19,7.76489548176409e-16,1.04131384396132e-17,6.75823657452068e-17,7.63302673017337e-16,1.31868751590726e-17
342.271062271062,3422.71062271062,-2.29404999917429e-18,-2.09473384098973e-15,-4.97949580827707e-18,-3.23174525041852e-17,-1.3719561183096e-15,-7.22777722680125e-16
342.289377289377,3422.89377289377,1.66333841342462e-18,1.51882097812725e-15,-3.90019151474887e-18,-2.53126539087768e-17,7.38984143103766e-16,7.79836835023486e-16
342.307692307692,3423.07692307692,1.20596569372211e-18,1.10118661346597e-15,4.25347828333599e-18,2.76055222640816e-17,1.19459633931455e-16,9.81726979534515e-16
342.326007326007,3423.26007326007,-2.03272366224827e-18,-1.85611257218659e-15,4.91534209889746e-18,3.19010881701904e-17,-9.32872929406763e-16,-9.23239642779823e-16
342.344322344322,3423.44322344322,-2.1193782634454e-18,-1.93523827810861e-15,8.82377601686446e-18,5.72672361443864e-17,-1.06378722965935e-15,-8.71451048449262e-16
342.362637362637,3423.62637362637,-1.77273000884643e-18,-1.61870819807992e-15,-5.3515839947219e-19,-3.47323440425636e-18,-1.44631659311563e-15,-1.72391604964286e-16
342.380952380952,3423.80952380952,1.46781183837621e-19,1.34028252704112e-16,4.79798093841384e-18,3.11394018718586e-17,4.54150103238774e-16,-3.20121850534663e-16
342.399267399267,3423.99267399267,-1.51983759394113e-18,-1.3877880787179e-15,5.60489223791978e-18,3.63763412329736e-17,-1.06498728427462e-15,-3.22800794443281e-16
342.417582417582,3424.17582417582,-7.63089696629353e-19,-6.96789438685049e-16,-3.19753080092621e-18,-2.07523118340282e-17,-1.59330466714383e-15,8.96515228458777e-16
342.435897435897,3424.35897435897,-1.27872737874577e-19,-1.16762647484709e-16,8.8288077781834e-18,5.72998928055622e-17,4.06043085961114e-16,-5.22805733445823e-16
342.454212454212,3424.54212454212,-6.65219342879879e-19,-6.07422449254805e-16,1.23451418933319e-17,8.01212717424144e-17,2.6484303057824e-16,-8.72265479833045e-16
342.472527472527,3424.72527472527,2.75985640954232e-19,2.52006914383799e-16,-1.09245484157277e-17,-7.09014703794099e-17,-2.04869596027569e-16,4.56876510411368e-16
342.490842490843,3424.90842490843,3.37198072218988e-18,3.07900966957063e-15,-6.75797569747703e-19,-4.38599743903026e-18,1.88437855396717e-15,1.19463111560346e-15
342.509157509157,3425.09157509157,2.67323764985357e-19,2.44097616537201e-16,1.33804466886082e-18,8.68405089577725e-18,3.51383542716822e-16,-1.07285926179621e-16
342.527472527473,3425.27472527473,-4.10973626453551e-18,-3.7526660857278e-15,-1.79531665102735e-19,-1.1651794244531e-18,-2.33754871006996e-15,-1.41511737565784e-15
342.545787545788,3425.45787545788,-3.05582300303369e-18,-2.79032098639241e-15,-6.09445075124783e-18,-3.95536275711206e-17,-1.25700999266557e-15,-1.53331099372685e-15
342.564102564103,3425.64102564103,4.33973745246451e-18,3.96268385866044e-15,-3.17162587011315e-18,-2.05841861033501e-17,2.12126987766924e-15,1.84141398099121e-15
342.582417582418,3425.82417582418,3.4860953836818e-18,3.18320959688967e-15,2.32804356492231e-18,1.51092480511762e-17,2.10208605098097e-15,1.0811235459087e-15
342.600732600733,3426.00732600733,-1.08539851078808e-18,-9.9109478534731e-16,-4.50711705478651e-18,-2.92516646176804e-17,-1.68931850863985e-17,-9.74201600260911e-16
342.619047619048,3426.19047619048,3.23748647225873e-21,2.95620081324634e-18,-1.71238480946754e-17,-1.11135578539634e-16,-7.96909818412041e-16,7.99866019225287e-16
342.637362637363,3426.37362637363,9.68281762632038e-20,8.84153604554638e-17,5.20135532879616e-18,3.3757344170538e-17,-6.96087671650541e-16,7.84503032106005e-16
342.655677655678,3426.55677655678,-3.67170421790042e-19,-3.352691999786e-16,-2.43133566234349e-18,-1.5779624647722e-17,1.12989921008897e-15,-1.46516841006757e-15
342.673992673993,3426.73992673993,1.9805406064295e-18,1.80846338712559e-15,1.36793633253901e-19,8.87805094284732e-19,1.53148354631646e-15,2.76979840809131e-16
342.692307692308,3426.92307692308,2.10673091183077e-18,1.92368977853991e-15,-1.04396251010168e-17,-6.77542669687167e-17,1.48276054757184e-17,1.90886217306419e-15
342.710622710623,3427.10622710623,1.91712677539184e-18,1.75055920111866e-15,3.19654495090127e-18,2.07459135634836e-17,1.05947759269633e-15,6.91081608422327e-16
342.728937728938,3427.28937728938,1.04604285990719e-18,9.55158509431773e-16,-1.70360705890138e-18,-1.1056589327844e-17,1.87335936286646e-15,-9.18200853434683e-16
342.747252747253,3427.47252747253,-2.43260559322613e-18,-2.22125117575719e-15,1.19068101325216e-17,7.72764524260661e-17,-1.76240948095597e-15,-4.5884169480122e-16
342.765567765568,3427.65567765568,-4.65960544970897e-18,-4.25476045625803e-15,-1.79075830921139e-18,-1.16222101258156e-17,-3.59990908058999e-15,-6.54851375668047e-16
342.783882783883,3427.83882783883,-6.53648636084832e-18,-5.96857051335633e-15,-1.15590467123476e-17,-7.50194311839787e-17,-3.86306604068519e-15,-2.10550447267113e-15
342.802197802198,3428.02197802198,-2.52427261912841e-19,-2.30495380705533e-16,-3.0583123108906e-17,-1.98487691637137e-16,-6.37527359325182e-16,4.07031978619649e-16
342.820512820513,3428.20512820513,4.61513470068412e-18,4.21415350220296e-15,1.22107994721014e-18,7.92493752724548e-18,2.03735185750146e-15,2.1768016447015e-15
342.838827838828,3428.38827838828,2.17102121316098e-18,1.9823942836258e-15,5.16654201273882e-18,3.3531402080914e-17,2.25636467843037e-15,-2.73970394804579e-16
342.857142857143,3428.57142857143,-1.81577600749294e-18,-1.65801418971762e-15,7.18618074306339e-18,4.66390702577571e-17,9.40099312660302e-16,-2.59811350237793e-15
342.875457875458,3428.75457875458,3.20639613537374e-18,2.92781172808072e-15,-1.41621585759608e-17,-9.19139014786546e-17,2.47285561546988e-15,4.5495611261084e-16
342.893772893773,3428.93772893773,5.67726544276421e-18,5.18400211482757e-15,-1.60327127029334e-18,-1.0405399487013e-17,2.35308624678264e-15,2.83091586804494e-15
342.912087912088,3429.12087912088,1.66235829598143e-18,1.51792601717298e-15,1.28800624860661e-18,8.35929627558826e-18,1.50989380412302e-18,1.51641612336886e-15
342.930402930403,3429.30402930403,-1.56802434356039e-18,-1.43178817250448e-15,-1.18934112749139e-17,-7.7189492428303e-17,-5.19832678316539e-16,-9.11955494187938e-16
342.948717948718,3429.48717948718,-2.10928038449067e-18,-1.92601774290829e-15,-7.06669977505942e-19,-4.5863626185246e-18,-8.35396829085452e-16,-1.09062091382284e-15
342.967032967033,3429.67032967033,-6.43885893370147e-19,-5.87942534410244e-16,-1.91448933298641e-17,-1.24252375081254e-16,-1.19250376326604e-15,6.04561228855792e-16
342.985347985348,3429.85347985348,-1.01512405653457e-18,-9.26926054266958e-16,1.37167069475572e-17,8.90228734713778e-17,-1.91112794633048e-15,9.8420189206352e-16
343.003663003663,3430.03663003663,-3.76332307205693e-18,-3.43635064469062e-15,-3.53501115446838e-18,-2.2942594890109e-17,-1.54693729437508e-15,-1.88941335031554e-15
343.021978021978,3430.21978021978,-5.61797556640419e-19,-5.12986357796738e-16,-5.00147215084057e-18,-3.24600812831533e-17,1.01718041481783e-15,-1.53016677261457e-15
343.040293040293,3430.40293040293,1.40632328971069e-18,1.28413634724148e-15,-7.36984308777682e-18,-4.7831058228149e-17,9.66079088005756e-16,3.18057259235724e-16
343.058608058608,3430.58608058608,-5.65237884250689e-19,-5.16127776105807e-16,2.46018077961734e-19,1.59668324983493e-18,-3.46855712973382e-16,-1.69272063132425e-16
343.076923076923,3430.76923076923,1.7268847030644e-18,1.57684611420785e-15,9.32422090462536e-19,6.05151761997414e-18,6.90680237969931e-16,8.8616587623792e-16
343.095238095238,3430.95238095238,2.4526451529203e-18,2.2395496190627e-15,-1.22226961353699e-17,-7.93265858706643e-17,1.62779418951095e-16,2.07677020011161e-15
343.113553113553,3431.13553113553,3.38885736293835e-20,3.09442000086714e-17,1.34283256176347e-17,8.71512482523405e-17,-8.22463902785337e-17,1.13190590287205e-16
343.131868131868,3431.31868131868,-2.83633857970624e-18,-2.58990623986135e-15,-5.70966441912062e-18,-3.70563237292115e-17,-1.87812156668243e-15,-7.11784673178915e-16
343.150183150183,3431.50183150183,-2.46800468259151e-18,-2.25357465190661e-15,-6.97906764567031e-19,-4.52948844313789e-18,-1.56652737952743e-15,-6.87047272379173e-16
343.168498168498,3431.68498168498,6.52866457306109e-19,5.96142831349981e-16,-2.03871225616447e-17,-1.32314573693942e-16,1.33913511787046e-15,-7.42992286520482e-16
343.186813186813,3431.86813186813,2.30066145120439e-18,2.10077086385781e-15,1.01241875496591e-18,6.57070440215474e-18,2.40315031237891e-15,-3.02379448521106e-16
343.205128205128,3432.05128205128,-2.41545816765962e-18,-2.20559358650109e-15,-8.58705601071285e-18,-5.57308983603725e-17,-1.42434421956841e-15,-7.81249366932684e-16
343.223443223443,3432.23443223443,-4.09385255409093e-18,-3.73816241501412e-15,-1.84645840692982e-17,-1.198370962934e-16,-3.41433291684157e-15,-3.23829498172549e-16
343.241758241758,3432.41758241758,-2.23271487466698e-18,-2.03872775524921e-15,-9.32504977624667e-18,-6.0520555663905e-17,-2.97496831215873e-15,9.36240556909514e-16
343.260073260073,3432.60073260073,-3.90297541575047e-19,-3.56386943914308e-16,-1.91705671904075e-18,-1.24419001141533e-17,-2.40437475883925e-16,-1.15949468030384e-16
343.278388278388,3432.78388278388,5.55969423803755e-18,5.07664596245274e-15,-1.40374112677194e-17,-9.11042783030683e-17,4.12834396855599e-15,9.48301993896752e-16
343.296703296703,3432.96703296703,6.00351760639677e-18,5.48190819712884e-15,7.50831133431915e-18,4.87297317391361e-17,4.0271191261607e-15,1.45478907096814e-15
343.315018315018,3433.15018315018,-1.16097733868125e-18,-1.0601070250575e-15,6.36666734964694e-19,4.13203419792321e-18,-2.05044681569787e-16,-8.5506234348771e-16
343.333333333333,3433.33333333333,-5.65915985154002e-18,-5.16746960914458e-15,-8.21613384521446e-18,-5.33235744208045e-17,-3.38943690238752e-15,-1.77803270675706e-15
343.351648351648,3433.51648351648,-6.74856086315362e-19,-6.16221914217865e-16,-3.06478395669161e-17,-1.98907708269043e-16,-1.41174615562577e-15,7.95524241407908e-16
343.369963369963,3433.69963369963,4.58220122004245e-18,4.18408141291697e-15,-5.60340108374613e-18,-3.63666634852581e-17,3.74861782183649e-15,4.3546359108048e-16
343.388278388278,3433.88278388278,6.47202537738678e-19,5.9097101556793e-16,2.67002718514359e-18,1.73287577825309e-17,1.42319774936217e-15,-8.32226733794243e-16
343.406593406593,3434.06593406593,-7.28575907418781e-18,-6.65274344303412e-15,2.89781911375378e-18,1.88071514025154e-17,-4.5958289903475e-15,-2.05691445268663e-15
343.424908424908,3434.24908424908,-3.82550995094568e-18,-3.49313448101531e-15,-1.38716913401123e-17,-9.00287385103571e-17,-2.60838334324803e-15,-8.84751137767288e-16
343.443223443223,3434.43223443223,2.68082842068591e-18,2.4479074199425e-15,-1.0663158305151e-17,-6.92050210180942e-17,1.3400213924526e-15,1.1078860274899e-15
343.461538461538,3434.61538461538,5.38588413189705e-18,4.91793716736563e-15,-1.10394112014659e-18,-7.16469419623803e-18,3.250963050312e-15,1.66697411705363e-15
343.479853479853,3434.79853479854,-1.03598050963751e-19,-9.45970416043492e-17,1.5742706971926e-17,1.02171827116882e-16,3.28077450982078e-16,-4.22674492586428e-16
343.498168498169,3434.98168498169,4.98321835589474e-19,4.55025659026224e-16,-1.30618101366393e-17,-8.47725241595461e-17,8.79341799548916e-17,3.67091479071333e-16
343.516483516484,3435.16483516484,2.10085143035123e-18,1.91832112971922e-15,-8.4354815099598e-18,-5.47471638785019e-17,1.53161399533362e-15,3.86707134385604e-16
343.534798534799,3435.34798534799,-9.08138011044889e-19,-8.29235380532046e-16,1.2083411472094e-17,7.84226137290473e-17,-4.65684087053144e-16,-3.63551293478902e-16
343.553113553114,3435.53113553114,-3.52851711989112e-18,-3.22194556448549e-15,-9.51296316121542e-18,-6.17401333335024e-17,-2.71098034351913e-15,-5.10965220966359e-16
343.571428571429,3435.71428571429,9.56028470720516e-19,8.72964927219868e-16,-1.5813967483247e-17,-1.02634315344347e-16,-1.02511073581037e-16,9.75476000800905e-16
343.589743589744,3435.89743589744,5.22565670361044e-18,4.77163093323494e-15,-2.41022315054554e-17,-1.56426022214474e-16,3.28124288195752e-15,1.49038805127742e-15
343.608058608059,3436.08058608059,4.05868128149385e-18,3.70604696200904e-15,6.85504583379307e-20,4.44899698036442e-19,3.40836461764205e-15,2.97682344366991e-16
343.626373626374,3436.26373626374,-3.13319485304726e-18,-2.86097046335314e-15,9.19925563226545e-18,5.97041384140582e-17,-2.0078567967093e-15,-8.53113666643844e-16
343.644688644689,3436.44688644689,-3.52122154026932e-18,-3.21528385374295e-15,-6.54763901167419e-18,-4.24948671354633e-17,-3.73021806169616e-15,5.14934207953203e-16
343.663003663004,3436.63003663004,2.19637509188051e-18,2.0055453168523e-15,-8.83397232605946e-18,-5.73334112654859e-17,1.69769774358222e-15,3.07847573270077e-16
343.681318681319,3436.81318681319,5.00628193842743e-18,4.571316317314e-15,1.59909456935422e-17,1.03782922578032e-16,3.57350919004548e-15,9.97807127268516e-16
343.699633699634,3436.99633699634,-3.59277828314604e-19,-3.28062346312758e-16,1.01134640163884e-17,6.56374471606406e-17,-4.63829749633671e-16,1.35767403320913e-16
343.717948717949,3437.17948717949,-1.09563029031445e-18,-1.00043758730679e-15,-1.57283395306194e-17,-1.0207858090885e-16,2.45062513873315e-16,-1.24550010118011e-15
343.736263736264,3437.36263736264,-1.60247602472824e-18,-1.46324655503635e-15,9.55804458392607e-18,6.20327165172959e-17,-1.16676268973243e-15,-2.96483865303923e-16
343.754578754579,3437.54578754579,-1.50330516841275e-18,-1.37269205585859e-15,5.23408453681972e-18,3.39697601794124e-17,-1.499407787769e-15,1.26715731910409e-16
343.772893772894,3437.72893772894,1.55178921750269e-18,1.41696361855925e-15,5.38594097565355e-18,3.49553244691361e-17,1.2802763142608e-15,1.36687304298448e-16
343.791208791209,3437.91208791209,5.57575432196869e-19,5.09131068262527e-16,6.0317341823546e-18,3.91465904303194e-17,-5.01901920344771e-16,1.0110329886073e-15
343.809523809524,3438.09523809524,-4.64046617035929e-18,-4.23728407337171e-15,6.63897432037225e-18,4.30876429132636e-17,-2.51373570097982e-15,-1.7235483723919e-15
343.827838827839,3438.27838827839,-2.95057710408346e-18,-2.69421926836718e-15,-4.94948958108562e-18,-3.2122708927842e-17,-8.75415754539853e-16,-1.81880351382733e-15
343.846153846154,3438.46153846154,-1.04351763664223e-19,-9.52852687574766e-17,-7.45703658791679e-18,-4.83969532319692e-17,-4.58627549247908e-16,3.63342280490432e-16
343.864468864469,3438.64468864469,9.38252728562647e-19,8.56733612008692e-16,3.24431586768278e-18,2.10559518471993e-17,1.58219161762057e-17,8.40911695832486e-16
343.882783882784,3438.82783882784,1.5628881043933e-20,1.42709819015772e-17,7.33724837820628e-18,4.76195151284074e-17,-5.98694717011299e-16,6.12965698912876e-16
343.901098901099,3439.01098901099,1.00700056756333e-18,9.19508366221322e-16,-8.76184787191231e-18,-5.68653159580421e-17,-1.46962973143991e-16,1.06647133936531e-15
343.919413919414,3439.19413919414,-1.08369755683785e-19,-9.89541617019333e-17,-9.98464810259229e-18,-6.48014183062797e-17,1.06036239356829e-15,-1.15931655527022e-15
343.937728937729,3439.37728937729,1.63987543939869e-18,1.49739656029849e-15,1.19611554644609e-18,7.7629159356927e-18,1.73797839294049e-15,-2.40581832641999e-16
343.956043956044,3439.56043956044,8.96267645436909e-19,8.1839635934554e-16,-5.99929190117558e-18,-3.89360366069007e-17,-2.28387388283624e-16,1.04678374762916e-15
343.974358974359,3439.74358974359,-6.61752696337327e-19,-6.04256998706628e-16,4.83192896679819e-18,3.13597281533063e-17,-4.48389121986084e-16,-1.55867876720544e-16
343.992673992674,3439.92673992674,1.22558472109484e-18,1.11910106196525e-15,-1.56155514413647e-17,-1.01346574324676e-16,1.31223118796886e-15,-1.93130126003615e-16
344.010989010989,3440.10989010989,1.27933853801367e-18,1.16818453417499e-15,1.1324391034662e-17,7.34964911092349e-17,5.05658070703863e-16,6.62526463471129e-16
344.029304029304,3440.29304029304,-6.07071480164108e-18,-5.54326703366184e-15,-7.1667375654275e-19,-4.65128819860984e-18,-3.62245600989902e-15,-1.92081102376282e-15
344.047619047619,3440.47619047619,-3.17175850250269e-18,-2.89618355006678e-15,-2.05199786842922e-17,-1.33176823929481e-16,-1.45714492214962e-15,-1.43903862791716e-15
344.065934065934,3440.65934065934,7.10152523889419e-18,6.4845165737053e-15,-2.70328845213981e-17,-1.75446269102029e-16,4.95444539953764e-15,1.53007117416767e-15
344.084249084249,3440.84249084249,1.09921194075582e-18,1.00370804975915e-15,2.4046543490012e-17,1.56064601126188e-16,5.46326062525486e-16,4.57381987233663e-16
344.102564102564,3441.02564102564,-3.59528683927692e-18,-3.28291406595719e-15,-2.11325439655716e-17,-1.37152437153325e-16,-2.55107181551897e-15,-7.31842250438221e-16
344.120879120879,3441.20879120879,8.02317927307606e-19,7.32609365170289e-16,1.44590187770892e-18,9.38405554652697e-18,-8.37622459009468e-16,1.57023182417976e-15
344.139194139194,3441.39194139194,1.99131312879955e-18,1.81829995004683e-15,-9.633500081248e-19,-6.25224306459489e-18,7.58295166110213e-16,1.06000478393662e-15
344.157509157509,3441.57509157509,-1.01008364806013e-18,-9.22323576462361e-16,5.98473854580127e-18,3.88415837969789e-17,3.17818398627547e-16,-1.24014197508991e-15
344.175824175824,3441.75824175824,-2.84018861163732e-18,-2.59342176575565e-15,-1.82625635906373e-18,-1.18525962099222e-17,-2.13176065461175e-15,-4.61661111143903e-16
344.194139194139,3441.94139194139,-3.43183642468888e-18,-3.13366487135175e-15,-2.33699699733149e-18,-1.51673567709691e-17,-2.25515198022928e-15,-8.78512891122472e-16
344.212454212454,3442.12454212454,9.82003809694685e-19,8.96683425770447e-16,-1.69125374769979e-17,-1.09764150364301e-16,1.74070842381414e-15,-8.44024998043691e-16
344.230769230769,3442.30769230769,1.7714293756506e-18,1.61752056905221e-15,-9.37595062688261e-18,-6.08509075481491e-17,1.15874350690356e-15,4.5877706214865e-16
344.249084249084,3442.49084249084,1.7311154454218e-18,1.58070927289739e-15,1.15734610199408e-17,7.51129815591489e-17,1.04674415848821e-15,5.33965114409186e-16
344.267399267399,3442.67399267399,-4.26340936130955e-19,-3.89298745465094e-16,-4.40327426398393e-18,-2.85777139630606e-17,1.25259606003124e-16,-5.14558351468218e-16
344.285714285714,3442.85714285714,2.35575924358019e-18,2.15108154160893e-15,-6.7442081991508e-19,-4.37706218754315e-18,1.38428473154274e-15,7.6679681006619e-16
344.304029304029,3443.04029304029,8.89301905885366e-19,8.12035830860375e-16,-6.78266537201998e-18,-4.40202129797315e-17,7.20223311239369e-16,9.18125196210059e-17
344.322344322344,3443.22344322344,-2.42351222880869e-18,-2.21294787888898e-15,1.68489013485829e-18,1.09351145185306e-17,-1.54756176396809e-15,-6.65386114920883e-16
344.340659340659,3443.40659340659,1.52544461370274e-18,1.39290793837483e-15,-2.46788097720001e-17,-1.601680759206e-16,-1.5766013110181e-16,1.55056806947664e-15
344.358974358974,3443.58974358974,2.57089234733694e-18,2.34752302846345e-15,1.25741047597117e-17,8.16072648719098e-17,8.9995637138251e-16,1.44756665708094e-15
344.377289377289,3443.77289377289,-2.74031087818663e-18,-2.50222180573044e-15,-1.24245674124663e-17,-8.06367517309665e-17,-1.49930402926091e-15,-1.00291777646953e-15
344.395604395604,3443.95604395604,1.37664926357714e-18,1.25704051813456e-15,-2.11164661519824e-17,-1.3704809044895e-16,1.02011036877356e-15,2.36930149360995e-16
344.413919413919,3444.13919413919,4.00478526498722e-18,3.6568336450754e-15,-3.42871751644355e-18,-2.22527379787617e-17,2.74012662919811e-15,9.16707015877288e-16
344.432234432234,3444.32234432234,-1.72751922310192e-18,-1.5774255046291e-15,1.42634059910646e-18,9.25710078715043e-18,-8.94620947259499e-16,-6.82804557369598e-16
344.450549450549,3444.50549450549,-1.8712727774988e-18,-1.70868918034064e-15,-1.33103120780641e-17,-8.638532794499e-17,-9.79644093580937e-16,-7.29045086759706e-16
344.468864468864,3444.68864468864,3.04014072082095e-19,2.77600124302728e-16,-3.00886250718201e-18,-1.95278347269306e-17,1.09928378632719e-16,1.67671745670009e-16
344.48717948718,3444.87179487179,-3.45403933727661e-18,-3.15393870687531e-15,6.40279299744299e-18,4.15548012401258e-17,-2.16089345456053e-15,-9.93045252314777e-16
344.505494505495,3445.05494505495,-4.00947971913452e-18,-3.66112022643625e-15,6.8602000549582e-18,4.45234212421259e-17,-1.8451600808974e-15,-1.81596014553886e-15
344.52380952381,3445.2380952381,1.84894582898172e-18,1.688302085621e-15,-2.05100916032341e-17,-1.33112655731575e-16,1.34833054318957e-15,3.39971542431434e-16
344.542124542125,3445.42124542125,3.40635873246522e-18,3.11040078202919e-15,-2.23754416386435e-18,-1.4521897402043e-17,2.6972943007032e-15,4.13106481325985e-16
344.56043956044,3445.6043956044,-5.13747618984895e-19,-4.69111189208128e-16,9.63765561029996e-18,6.25494004673801e-17,-6.11542506365457e-17,-4.07956938571583e-16
344.578754578755,3445.78754578755,-2.28954237358815e-18,-2.090617855784e-15,-1.14395708050604e-18,-7.42440199560525e-18,-1.94540991459985e-15,-1.45207941184156e-16
344.59706959707,3445.9706959707,2.13178976842446e-18,1.94657142233241e-15,-5.17607741154871e-18,-3.35932878239715e-17,1.07463334070738e-15,8.71938081625037e-16
344.615384615385,3446.15384615385,1.49700866245866e-18,1.3669426153029e-15,7.3844865988144e-18,4.79260961578256e-17,1.01242345895381e-15,3.54519156349098e-16
344.6336996337,3446.336996337,-2.30864036184751e-18,-2.10805653511361e-15,1.11161739470345e-17,7.21451402699039e-17,-2.26714414547228e-15,1.59087610358665e-16
344.652014652015,3446.52014652015,-2.05980983822111e-18,-1.88084539381372e-15,-1.06246497522666e-17,-6.8955096452081e-17,-1.27126947900668e-15,-6.09575914807037e-16
344.67032967033,3446.7032967033,5.19534794994533e-18,4.74395552424063e-15,-3.07006502975967e-17,-1.99250455476028e-16,3.54384559882594e-15,1.20010992541469e-15
344.688644688645,3446.88644688645,5.21469535192609e-18,4.76162194723878e-15,1.05388731464117e-17,6.83983972414748e-17,2.54166338648026e-15,2.21995856075853e-15
344.70695970696,3447.0695970696,-3.02329013375804e-18,-2.76061470176883e-15,1.06522620956514e-17,6.91343034702664e-17,-2.04488804441646e-15,-7.15726657352368e-16
344.725274725275,3447.25274725275,-4.20359215595358e-18,-3.83836740522844e-15,-1.55776317404928e-17,-1.01100471470274e-16,-1.65448657658934e-15,-2.1838808286391e-15
344.74358974359,3447.4358974359,7.36829992284627e-19,6.72811281554611e-16,-9.9332265551418e-18,-6.44676870448414e-17,6.41934961807149e-16,3.08763197474618e-17
344.761904761905,3447.61904761905,6.53757426098902e-19,5.96956389242006e-16,5.02830153744726e-18,3.26342068293455e-17,3.97201867151785e-16,1.99754522090222e-16
344.78021978022,3447.8021978022,1.90253165792385e-18,1.73723216531541e-15,1.33548567478837e-18,8.66744275459613e-18,1.32957346996986e-15,4.07658695345555e-16
344.798534798535,3447.98534798535,5.61848026437361e-21,5.13032442577645e-18,-1.38086627917598e-17,-8.96196765899911e-17,5.37025228735417e-16,-5.31894904309641e-16
344.81684981685,3448.1684981685,-1.72342767078219e-18,-1.57368944259496e-15,-1.2336137813135e-17,-8.0062834313142e-17,-4.12250709066573e-16,-1.16143873352839e-15
344.835164835165,3448.35164835165,-3.48423757595485e-19,-3.1815132028629e-16,-4.08392914193915e-18,-2.65051304703764e-17,-1.2405423923782e-15,9.2239107209191e-16
344.85347985348,3448.5347985348,2.52251749767932e-18,2.30335117751553e-15,1.02389451076643e-18,6.64518326654425e-18,6.68026636939348e-16,1.63532454057618e-15
344.871794871795,3448.71794871795,-1.81533624114375e-18,-1.65761263201221e-15,5.8030429388338e-18,3.76623601618008e-17,-9.99054848075266e-16,-6.58557783936941e-16
344.89010989011,3448.9010989011,-5.80491276484801e-18,-5.30055893153902e-15,-1.01429618981913e-18,-6.58288915218455e-18,-4.27539710667085e-15,-1.02516182486817e-15
344.908424908425,3449.08424908425,-2.88749042159341e-18,-2.63661380694514e-15,-1.77527456908168e-17,-1.1521719020793e-16,-1.98580375634964e-15,-6.50810050595499e-16
344.92673992674,3449.2673992674,2.19564807063388e-18,2.0048814620937e-15,-1.11320352383415e-17,-7.22480817218514e-17,2.09019947016844e-15,-8.53180080747396e-17
344.945054945055,3449.45054945055,1.56423080795307e-18,1.42832423430936e-15,2.3027672965511e-18,1.49452024059903e-17,8.09074194512247e-16,6.1925003979711e-16
344.96336996337,3449.6336996337,1.76667330847012e-18,1.61317772784275e-15,-1.40750954798887e-17,-9.13488528109759e-17,1.95029314349292e-15,-3.37115415650169e-16
344.981684981685,3449.81684981685,1.45657694566365e-18,1.33002376634568e-15,1.81159489621532e-18,1.17574417711017e-17,1.76949064666582e-15,-4.39466880320133e-16
345,3450,2.32198516188328e-18,2.12024188601976e-15,-6.66780180557244e-18,-4.32747363298749e-17,4.32279038553555e-16,1.6879628474662e-15
345.018315018315,3450.18315018315,-3.46165667535244e-19,-3.16089422042185e-16,9.39683265953388e-18,6.09864341404752e-17,-9.19676076368025e-16,6.0358665432584e-16
345.03663003663,3450.3663003663,-1.31676482465624e-18,-1.20235907666578e-15,3.51746738931765e-18,2.28287340056273e-17,4.37423277696615e-16,-1.63978235436239e-15
345.054945054945,3450.54945054945,-2.95279461317631e-18,-2.69624411147922e-15,-4.84287223210358e-18,-3.14307510982719e-17,-2.13142878713936e-15,-5.64815324339858e-16
345.07326007326,3450.7326007326,7.10564989359458e-19,6.48828286205403e-16,-7.15863991349154e-18,-4.64603273717535e-17,-7.75679127240653e-16,1.42450741344606e-15
345.091575091575,3450.91575091575,4.26905694987569e-18,3.89814435833383e-15,-7.63915682713724e-18,-4.95789327752142e-17,2.85097936867589e-15,1.04716498965794e-15
345.10989010989,3451.0989010989,2.02094354976169e-19,1.8453559625725e-16,1.61166264950181e-17,1.04598604223076e-16,9.15749023321709e-16,-7.31213427064459e-16
345.128205128205,3451.28205128205,-1.93087123274107e-18,-1.76310948552651e-15,-8.21172303569334e-18,-5.32949478022286e-17,-1.28661587743502e-15,-4.76493608091489e-16
345.14652014652,3451.4652014652,1.33076158848351e-18,1.21513974616464e-15,-1.28560385260345e-18,-8.3437044723781e-18,4.29909598673656e-16,7.85230147490988e-16
345.164835164835,3451.64835164835,6.72397725159245e-19,6.13977145224623e-16,6.24673204192958e-18,4.05419491941056e-17,-6.00993811140682e-18,6.1998708333603e-16
345.18315018315,3451.8315018315,-1.55463652400124e-18,-1.41956353978169e-15,2.06103957399788e-17,1.33763640148478e-16,-8.82570415237068e-16,-5.36993124544625e-16
345.201465201465,3452.01465201465,-3.87353598705817e-18,-3.53698782472171e-15,-6.29416871479601e-18,-4.08498181995919e-17,-2.44840171250752e-15,-1.08858611221419e-15
345.21978021978,3452.1978021978,2.09815349771975e-18,1.91585760417012e-15,-8.03240252064363e-18,-5.21311387638693e-17,1.56400012067433e-15,3.51857483495791e-16
345.238095238095,3452.38095238095,1.48613555360444e-18,1.35701420524999e-15,1.14585405857375e-17,7.43671358315649e-17,1.80596360767268e-15,-4.48949402422693e-16
345.25641025641,3452.5641025641,-4.93419773699439e-18,-4.50549507706341e-15,3.90686664637068e-18,2.53559762163865e-17,-2.65637878835828e-15,-1.84911628870513e-15
345.274725274725,3452.74725274725,9.79695728703221e-19,8.94575880005401e-16,-2.17452854920324e-17,-1.41129194226967e-16,-4.47476118897582e-16,1.34205199890298e-15
345.29304029304,3452.9304029304,2.573362921615e-18,2.34977894945419e-15,1.24648179891864e-17,8.08979822152368e-17,1.22296327304807e-15,1.12681567640612e-15
345.311355311355,3453.11355311355,-2.42030357994825e-18,-2.21001801016151e-15,1.07986606199078e-20,7.00844453192612e-20,-6.1832977995045e-16,-1.59168823021106e-15
345.32967032967,3453.2967032967,-3.31109246053319e-18,-3.02341162146478e-15,-9.94569854040817e-18,-6.45486315434409e-17,-1.80738204567736e-15,-1.21602957578741e-15
345.347985347985,3453.47985347985,8.71250292446036e-19,7.95552613158302e-16,-1.10404518762773e-17,-7.1653696051566e-17,-4.014774545775e-16,1.1970300677358e-15
345.3663003663,3453.663003663,5.40404336440453e-18,4.93451865376458e-15,-7.14801908755698e-18,-4.63913970922813e-17,3.20873165819461e-15,1.72578699556997e-15
345.384615384615,3453.84615384615,2.51279613248726e-18,2.29447444306957e-15,6.03387697937291e-18,3.91604974087629e-17,2.53597953226432e-15,-2.41505089194752e-16
345.40293040293,3454.0293040293,-1.69704983914149e-18,-1.54960342153632e-15,5.64344501388364e-18,3.66265528114321e-17,-2.68685006687268e-16,-1.28091841484905e-15
345.421245421245,3454.21245421245,1.92554759179041e-18,1.75824838360605e-15,4.7599086687515e-18,3.08923088299297e-17,8.80771975155561e-16,8.77476408450488e-16
345.43956043956,3454.3956043956,8.21163791871865e-19,7.49817826310923e-16,1.43985564407489e-18,9.3448148531274e-18,-4.75014358256423e-16,1.22483218456735e-15
345.457875457875,3454.57875457875,-5.32134725371922e-19,-4.85900750900614e-16,-8.80137694954375e-19,-5.71218638371999e-18,-8.43341166676101e-16,3.57440415775487e-16
345.47619047619,3454.7619047619,-2.10217645640392e-18,-1.91953103225568e-15,1.22358827064521e-17,7.94121681065068e-17,-9.88517744871316e-16,-9.31013287384364e-16
345.494505494505,3454.94505494505,-3.00505949773842e-18,-2.74396801567794e-15,2.39481935646687e-18,1.55426299747203e-17,-1.86595356909875e-15,-8.78014446579196e-16
345.51282051282,3455.12820512821,-1.15218867805549e-19,-1.05208195810762e-16,-6.30933259075141e-18,-4.09482333524179e-17,7.4387520841759e-17,-1.79595716652521e-16
345.531135531136,3455.31135531136,1.85238822651361e-18,1.6914453940087e-15,5.01403890125979e-18,3.25416408175805e-17,1.79202223351693e-15,-1.00576839508233e-16
345.549450549451,3455.49450549451,-2.09129720492858e-18,-1.90959701327691e-15,-4.12725881948638e-18,-2.67863446434713e-17,-8.61596719015048e-16,-1.04800029426186e-15
345.567765567766,3455.67765567766,-1.80682869184407e-18,-1.649844252322e-15,-3.16235364053758e-18,-2.05240083563544e-17,-1.1793507331495e-15,-4.70493519172496e-16
345.586080586081,3455.86080586081,5.43865684834807e-19,4.96612478100557e-16,-1.14643725982043e-17,-7.4404986207016e-17,1.99575196120394e-16,2.97037281980163e-16
345.604395604396,3456.04395604396,1.97096024434503e-18,1.79971540487825e-15,3.61184458384192e-18,2.34412519429748e-17,1.13101676317973e-15,6.68698641698525e-16
345.622710622711,3456.22710622711,1.27454798807524e-18,1.16381020620629e-15,6.50105446079742e-18,4.21925284914812e-17,1.11523017843311e-15,4.85800277731865e-17
345.641025641026,3456.41025641026,2.99076857193276e-18,2.7309187421595e-15,7.01408635207602e-18,4.55221595260066e-17,1.67913874686634e-15,1.05177999529317e-15
345.659340659341,3456.59340659341,6.89621648303293e-18,6.29704585645465e-15,-1.30820201425091e-17,-8.49036892272461e-17,4.13918655885458e-15,2.15785929760007e-15
345.677655677656,3456.77655677656,5.68279263674807e-19,5.18904908428677e-16,3.41034045133031e-17,2.21334688897154e-16,3.52813734071419e-16,1.66091174357259e-16
345.695970695971,3456.95970695971,-7.81196568389783e-18,-7.13323113646225e-15,-3.75776088036305e-18,-2.43882640831537e-17,-4.72352174968177e-15,-2.40970938678049e-15
345.714285714286,3457.14285714286,1.31883664891455e-19,1.20425089261924e-16,-9.57501751057991e-18,-6.21428725997814e-17,-2.80987256884076e-16,4.01412346146e-16
345.732600732601,3457.32600732601,2.10477593439518e-18,1.921904657294e-15,2.05476983608539e-17,1.33356727551295e-16,8.97521524762559e-16,1.02438313253144e-15
345.750915750916,3457.50915750916,-1.48093869242512e-18,-1.35226886797174e-15,-8.30553247405042e-18,-5.39037809422244e-17,-1.39850950642373e-16,-1.21241791732936e-15
345.769230769231,3457.69230769231,3.06108619697251e-18,2.79512689317705e-15,-9.546020866127e-18,-6.1954681321795e-17,2.0200119526449e-15,7.75114940532155e-16
345.787545787546,3457.87545787546,-8.7863477913505e-19,-8.02295506369603e-16,2.80419637999572e-17,1.8199529995041e-16,-1.29675507030548e-15,4.9445956393588e-16
345.805860805861,3458.05860805861,-2.24452465879628e-18,-2.04951145851607e-15,-2.22861512361118e-18,-1.44639469899129e-17,-6.35098738039962e-16,-1.41441272047611e-15
345.824175824176,3458.24175824176,-7.14136924229967e-20,-6.52089877214213e-17,-1.3307433651367e-20,-8.63666466524152e-20,-2.00543898631201e-16,1.3533491090978e-16
345.842490842491,3458.42490842491,-3.25750545815013e-18,-2.97448047028264e-15,-3.94553439649273e-18,-2.56069339892469e-17,-2.59551040693658e-15,-3.78970063346057e-16
345.860805860806,3458.60805860806,2.13537870687286e-19,1.94984853958086e-16,-1.99091466780782e-17,-1.29212459843454e-16,7.24727951121791e-17,1.22512058845907e-16
345.879120879121,3458.79120879121,3.2591631723115e-18,2.97599415566602e-15,1.10238764501699e-17,7.15461197895136e-17,1.78418558326587e-15,1.19180857240015e-15
345.897435897436,3458.97435897436,-5.1348927812963e-19,-4.68875294030504e-16,7.06264431231311e-18,4.58373058046828e-17,-9.06428568099417e-17,-3.78232437220562e-16
345.915750915751,3459.15750915751,-1.13766866830223e-18,-1.0388235043631e-15,-1.00069486944749e-17,-6.49461514974964e-17,-4.26505779185077e-16,-6.12317725178021e-16
345.934065934066,3459.34065934066,-8.75221493188662e-19,-7.99178780237458e-16,-4.97482182878821e-19,-3.22871178847874e-18,-1.21659266794832e-15,4.17413887710863e-16
345.952380952381,3459.52380952381,7.49964319427865e-19,6.84804446287495e-16,-1.56175871380564e-17,-1.01359786210714e-16,9.42471255126256e-16,-2.57666808838761e-16
345.970695970696,3459.70695970696,-1.36260585543543e-19,-1.24421725696419e-16,1.50179386934264e-18,9.74680046178217e-18,2.96690345528582e-16,-4.21112071225001e-16
345.989010989011,3459.89010989011,-3.78219940269081e-18,-3.45358692488797e-15,-4.75594868198755e-18,-3.08666080985528e-17,-3.70233679987674e-15,2.48749874988768e-16
346.007326007326,3460.07326007326,5.32337573566786e-19,4.86085974840161e-16,-1.97432754572983e-17,-1.28135938142109e-16,-3.85381299077039e-16,8.714672739172e-16
346.025641025641,3460.25641025641,3.19332808976814e-18,2.91587908608272e-15,-3.92174884758793e-18,-2.54525632704807e-17,2.79626586469344e-15,1.19613221389287e-16
346.043956043956,3460.43956043956,-1.84433000194283e-18,-1.68408729993368e-15,9.43500319007318e-18,6.12341649058497e-17,-8.81770406624431e-16,-8.02316893309253e-16
346.062271062271,3460.62271062271,-1.3788992316203e-18,-1.25909500003462e-15,-3.13562007031745e-18,-2.03505046686075e-17,-3.68358357440327e-16,-8.90736642594291e-16
346.080586080586,3460.80586080586,3.49051882289617e-18,3.18724871016935e-15,-1.8317274509209e-17,-1.1888104172585e-16,2.40829527026652e-15,7.78953439902825e-16
346.098901098901,3460.98901098901,4.07706433229692e-18,3.72283282048278e-15,-1.08923574693581e-17,-7.0692547745388e-17,2.66459151694533e-15,1.05824130353745e-15
346.117216117216,3461.17216117216,1.24590889276872e-18,1.1376593890334e-15,4.8601294880857e-18,3.15427525080587e-17,1.12105934129253e-15,1.66000477408635e-17
346.135531135531,3461.35531135531,-2.06657922580717e-18,-1.88702663017056e-15,-5.96396426469284e-18,-3.87067565235199e-17,-1.8263182684497e-15,-6.07083617208553e-17
346.153846153846,3461.53846153846,-1.0304188022533e-18,-9.4089193184499e-16,9.21301375252731e-18,5.97934300643032e-17,-9.05420699670621e-16,-3.54712321743698e-17
346.172161172161,3461.72161172161,3.866571913888e-18,3.5306288178361e-15,-8.48767823342878e-18,-5.50859261139834e-17,3.05525967964153e-15,4.75369138194569e-16
346.190476190476,3461.90476190476,2.45098189140612e-19,2.23803086830251e-16,1.23053069802573e-17,7.98627389590033e-17,4.00185767580757e-16,-1.76382680750506e-16
346.208791208791,3462.08791208791,-6.31394622044721e-18,-5.76536554256467e-15,2.29705964883788e-18,1.49081591708949e-17,-3.85044415635898e-15,-1.91492138620568e-15
346.227106227106,3462.27106227106,-2.74724988964099e-18,-2.50855792836146e-15,-1.15555295254401e-17,-7.49966042703293e-17,-2.51789808097996e-15,9.34015261849585e-18
346.245421245421,3462.45421245421,5.45452350529235e-18,4.98061287989466e-15,-9.60157692675488e-18,-6.23152460094239e-17,3.37764509227901e-15,1.60296778761565e-15
346.263736263736,3462.63736263736,4.74854551442834e-18,4.33597305557127e-15,1.71775944325196e-17,1.114843979357e-16,4.67697893954316e-15,-3.41005883971881e-16
346.282051282051,3462.82051282051,-2.22200065852298e-18,-2.02894443267795e-15,7.09763875105234e-18,4.60644233995979e-17,-7.38242607626433e-16,-1.29070182505152e-15
346.300366300366,3463.00366300366,-4.74711621564878e-18,-4.33466793993582e-15,-6.08551319913031e-18,-3.94956219160939e-17,-4.43483556080845e-15,1.00167620872624e-16
346.318681318681,3463.18681318681,-1.03387896980466e-18,-9.4405146632241e-16,-2.09091844031396e-18,-1.35702810056892e-17,-1.81202262404034e-15,8.67971157717929e-16
346.336996336996,3463.36996336996,1.01468454081714e-18,9.26524725417417e-16,-5.37489059668437e-18,-3.48836063452056e-17,1.17954856225875e-15,-2.53023836841332e-16
346.355311355311,3463.55311355311,8.24995507247348e-19,7.53316627064592e-16,-1.91444947945383e-19,-1.24249788544994e-18,7.24451949270586e-16,2.88646777940058e-17
346.373626373626,3463.73626373626,1.26429241793101e-18,1.15444568065214e-15,-3.69103853292742e-18,-2.39552290175082e-17,-5.28459507465478e-17,1.20729163139869e-15
346.391941391941,3463.91941391941,3.31562784943488e-18,3.02755295779914e-15,-9.56211640741566e-18,-6.20591430808069e-17,2.40264301810257e-15,6.24909939696566e-16
346.410256410256,3464.10256410256,-2.10264380538816e-18,-1.91995777610746e-15,9.78289572903645e-18,6.34920241424851e-17,-1.17111479070775e-15,-7.48842985399706e-16
346.428571428571,3464.28571428571,-4.53300350399839e-18,-4.13915818947634e-15,-6.74130779129694e-18,-4.3751797922833e-17,-3.89420914026706e-15,-2.4494904920928e-16
346.446886446886,3464.46886446886,2.14049869207429e-18,1.95452368017094e-15,-1.45102743413646e-17,-9.41732094784111e-17,1.47060970423107e-15,4.83913975939871e-16
346.465201465201,3464.65201465201,1.64271826961494e-18,1.49999239415577e-15,-1.00967710524047e-17,-6.55291080653852e-17,1.86874313388311e-15,-3.68750739727336e-16
346.483516483516,3464.83516483516,-3.74857834807241e-18,-3.42288700077808e-15,8.69163478037635e-18,5.64096255953525e-17,-3.18234250076724e-15,-2.40544500010847e-16
346.501831501831,3465.01831501831,-4.02597083341003e-19,-3.67617852732811e-16,-2.60797680444666e-17,-1.69260442733225e-16,-4.00383451805686e-17,-3.27579507552243e-16
346.520146520147,3465.20146520146,-7.77091508846682e-19,-7.09574717949834e-16,7.9778340623125e-18,5.17769837192137e-17,8.88985073058266e-16,-1.5985597910081e-15
346.538461538462,3465.38461538462,-3.42582317796965e-18,-3.12817407934568e-15,1.40828278128182e-18,9.13990364664738e-18,-1.99196759276991e-15,-1.13620648657577e-15
346.556776556777,3465.56776556777,-3.03326648429349e-19,-2.76972426742072e-16,-7.51816344547404e-18,-4.87936729786858e-17,-4.88486437398478e-16,2.11514010656406e-16
346.575091575092,3465.75091575092,4.72670834360059e-18,4.31603318471369e-15,-5.1532401372138e-18,-3.34450715070872e-17,2.83873604278442e-15,1.47729714192927e-15
346.593406593407,3465.93406593407,1.5923868705995e-18,1.45403398661455e-15,2.64225633297868e-18,1.714852202566e-17,3.74390177028141e-16,1.07964380958641e-15
346.611721611722,3466.11721611722,-2.48053695191024e-19,-2.2650180679855e-16,-9.6559355691354e-18,-6.2668039326451e-17,-2.81515060960966e-16,5.5013254162416e-17
346.630036630037,3466.30036630037,4.36009307388714e-19,3.9812709029985e-16,-6.11782423056724e-18,-3.97053239148563e-17,1.99295308398128e-16,1.98831781901721e-16
346.648351648352,3466.48351648352,-1.30236407382064e-18,-1.18920952015139e-15,-1.51727967141282e-18,-9.84730494901568e-18,-1.92281185638766e-15,7.33602336236273e-16
346.666666666667,3466.66666666667,-4.16968732622624e-18,-3.80740836151605e-15,-7.94323071469992e-18,-5.15524043469213e-17,-3.08869956478155e-15,-7.18708796734504e-16
346.684981684982,3466.84981684982,1.21219278723243e-18,1.10687267240618e-15,-1.72319189073218e-17,-1.11836969501543e-16,2.34870510907813e-15,-1.24183243667195e-15
346.703296703297,3467.03296703297,4.11468277862263e-18,3.75718282706166e-15,2.18909178451936e-18,1.4207436354482e-17,3.7954575572203e-15,-3.82747301586413e-17
346.721611721612,3467.21611721612,4.95348277110019e-19,4.52310455095483e-16,3.35837396274897e-18,2.17962009029154e-17,1.05935444914491e-15,-6.07043994049425e-16
346.739926739927,3467.39926739927,-4.0931340435666e-18,-3.73750633153252e-15,7.85628901955443e-19,5.09881435840491e-18,-3.02596904438521e-15,-7.11537287147315e-16
346.758241758242,3467.58241758242,-6.17139874467613e-19,-5.63520315658667e-16,-1.19391520244627e-17,-7.74863547127519e-17,-7.45558552945547e-16,1.82038237286879e-16
346.776556776557,3467.76556776557,1.11529707489245e-18,1.01839564367602e-15,-2.51902512228259e-18,-1.63487384828996e-17,7.87974901155728e-16,2.30420742520289e-16
346.794871794872,3467.94871794872,1.2139929400606e-18,1.10851642082032e-15,-5.89136118524817e-18,-3.82355548874605e-17,-1.28404556917254e-16,1.23692097773758e-15
346.813186813187,3468.13186813187,3.08147997012966e-18,2.81374877447569e-15,-1.12577225794574e-17,-7.3063805809848e-17,1.45860181395666e-15,1.35514696051903e-15
346.831501831502,3468.31501831502,3.4246284345337e-19,3.12708313995574e-16,4.70440541058349e-18,3.05320868358293e-17,3.73641653376471e-16,-6.09333393808969e-17
346.849816849817,3468.49816849817,-6.39233417140766e-18,-5.83694283759389e-15,-5.81694161698544e-18,-3.77525640475616e-17,-4.77798586359942e-15,-1.05895697399448e-15
346.868131868132,3468.68131868132,-3.40016417561398e-18,-3.10474443283414e-15,-1.4198458456971e-17,-9.21494915314673e-17,-2.1372705031785e-15,-9.67473929655637e-16
346.886446886447,3468.86446886447,2.68638787462594e-18,2.45298384648499e-15,-2.73875477364985e-18,-1.77748070740246e-17,2.22184839882522e-15,2.31135447659768e-16
346.904761904762,3469.04761904762,2.69550146372154e-18,2.46130561083114e-15,3.45697546014278e-18,2.24361350110171e-17,2.71280392928952e-15,-2.51498318458386e-16
346.923076923077,3469.23076923077,-3.28633014284427e-18,-3.00080075210143e-15,7.15446517757431e-18,4.64332328957428e-17,-2.14049693044029e-15,-8.6030382166114e-16
346.941391941392,3469.41391941392,7.84341488859826e-19,7.16194790958486e-16,-1.98552531442792e-17,-1.28862685130131e-16,-3.94774026047586e-16,1.11096881700607e-15
346.959706959707,3469.59706959707,6.88842083978939e-18,6.28992752960022e-15,-3.7913188922518e-18,-2.46060591164473e-17,4.86547817365263e-15,1.42444935594759e-15
346.978021978022,3469.78021978022,3.42354119300154e-18,3.12609036227803e-15,-5.03813694567752e-18,-3.26980396651544e-17,2.80240929867613e-15,3.23681063601909e-16
346.996336996337,3469.96336996337,-3.69298778347826e-18,-3.37212636481243e-15,-7.62668037483198e-19,-4.94979592850616e-18,-2.97782997551514e-15,-3.94296389297287e-16
347.014652014652,3470.14652014652,-4.87771931408786e-18,-4.45392372343528e-15,-5.93005139253257e-18,-3.8486658409671e-17,-3.28170120930517e-15,-1.17222251413011e-15
347.032967032967,3470.32967032967,-7.31626583352031e-19,-6.68059965417849e-16,-1.65736919447567e-17,-1.07565007154609e-16,-4.7650977986041e-16,-1.91550185557438e-16
347.051282051282,3470.51282051282,1.401935185484e-18,1.28012949890567e-15,7.2098703659154e-18,4.67928184063326e-17,8.46435054024385e-16,4.33694444881285e-16
347.069597069597,3470.69597069597,9.5759035816952e-20,8.74391111695544e-17,-1.56392237792592e-17,-1.01500210292055e-16,5.68600218291247e-16,-4.81161107121693e-16
347.087912087912,3470.87912087912,2.04866383339386e-18,1.87066779807175e-15,-2.20339448854016e-18,-1.43002624107074e-17,1.85802060276046e-15,1.26471953112871e-17
347.106227106227,3471.06227106227,1.36731236890734e-18,1.24851484988773e-15,-5.63739694581052e-18,-3.65873002123296e-17,-1.93748576096464e-17,1.26788970749738e-15
347.124542124542,3471.24542124542,-1.76755959996475e-18,-1.61398701481882e-15,-2.57271074219731e-18,-1.66971638132047e-17,-2.06756606904505e-15,4.53579054226224e-16
347.142857142857,3471.42857142857,-1.7129502171007e-18,-1.56412231162488e-15,7.13910125913851e-18,4.63335194461398e-17,-4.48649355607473e-16,-1.1154729560174e-15
347.161172161172,3471.61172161172,-3.08476521882903e-19,-2.81674858774442e-16,-2.83612270600754e-19,-1.84067352150565e-18,2.91699859810074e-16,-5.73374718584516e-16
347.179487179487,3471.79487179487,-1.24618259907142e-18,-1.13790931464747e-15,-1.04808652312009e-17,-6.8021919759241e-17,-1.32024010728624e-15,1.82330792638773e-16
347.197802197802,3471.97802197802,7.5399167957479e-19,6.88481893419273e-16,-1.01135023241396e-17,-6.56376957819828e-17,1.40122504911133e-16,5.48359388508139e-16
347.216117216117,3472.16117216117,3.787808810299e-18,3.45870896492589e-15,5.30841984438928e-18,3.44522041585337e-17,2.50285852847646e-15,9.55850436449434e-16
347.234432234432,3472.34432234432,9.24675347493246e-19,8.44335887631139e-16,-1.29188623138546e-18,-8.38447777267155e-18,7.75345350453259e-16,6.89905371778799e-17
347.252747252747,3472.52747252747,2.73693215621256e-19,2.49913664051568e-16,-8.92949845382589e-18,-5.79533859006426e-17,-6.52691418587068e-17,3.15182805910275e-16
347.271062271062,3472.71062271062,3.52341754047103e-18,3.21728905674157e-15,-2.15559920174792e-18,-1.39900659630541e-17,2.52294229762144e-15,6.94346759120133e-16
347.289377289377,3472.89377289377,-2.52610763856579e-18,-2.30662939272946e-15,1.56744746746717e-17,1.01728992317804e-16,-8.5364255064733e-16,-1.45298684208213e-15
347.307692307692,3473.07692307692,-6.42453997539007e-18,-5.8663504736535e-15,-8.76181857195147e-18,-5.68651257982088e-17,-4.02005260405098e-15,-1.84629786960251e-15
347.326007326007,3473.26007326007,4.32346550678286e-19,3.94782568412616e-16,-9.22841051000603e-18,-5.98933566427552e-17,6.87052278122061e-17,3.2607734060041e-16
347.344322344322,3473.44322344322,3.01777343366571e-18,2.75557731445027e-15,4.60995499174206e-18,2.99190936649476e-17,1.58283659130291e-15,1.17274072314737e-15
347.362637362637,3473.62637362637,-3.66675667948554e-18,-3.34817432312203e-15,-5.1882968277843e-18,-3.3672593122947e-17,-2.72971305123097e-15,-6.18461271891064e-16
347.380952380952,3473.80952380952,1.28914629732051e-18,1.17714015647255e-15,-1.71590194959147e-17,-1.11363844639822e-16,1.08496077729042e-15,9.21793791821303e-17
347.399267399267,3473.99267399267,5.0802450011223e-18,4.63885317591165e-15,3.56775939402899e-18,2.31551344156643e-17,3.44043544523577e-15,1.19841773067589e-15
347.417582417582,3474.17582417582,-1.08211211578223e-18,-9.88093925367764e-16,3.86764743941177e-18,2.51014394305457e-17,-1.08415782385798e-15,9.60638984902131e-17
347.435897435897,3474.35897435897,-4.72728916378674e-18,-4.31656354093954e-15,1.15192605396729e-18,7.47612147308988e-18,-2.7135152978966e-15,-1.60304824304294e-15
347.454212454212,3474.54212454212,-1.01946918965579e-18,-9.30893664997282e-16,2.56750029649512e-18,1.6663347471553e-17,1.28987930946468e-16,-1.05988159594375e-15
347.472527472527,3474.72527472527,1.43579406544421e-19,1.31104658514886e-16,-9.21202558057522e-18,-5.97870167242067e-17,-1.19634352703358e-16,2.50739011218244e-16
347.490842490843,3474.90842490843,6.46261117532867e-19,5.90111389681654e-16,1.30667589416309e-17,8.48046424254159e-17,2.17923690402449e-16,3.72187699279204e-16
347.509157509157,3475.09157509157,2.75789781034749e-18,2.51828071550565e-15,-1.41929818387626e-18,-9.21139477022027e-18,2.63263452496904e-15,-1.1435380946339e-16
347.527472527473,3475.27472527473,4.59474757128347e-18,4.19553768742492e-15,-6.65200387947946e-18,-4.31722061248437e-17,2.59635457959823e-15,1.59918310782669e-15
347.545787545788,3475.45787545788,-8.73876403102794e-19,-7.97950556910564e-16,-6.25429155642782e-18,-4.05910112397741e-17,-1.70143996556519e-15,9.0348940865463e-16
347.564102564103,3475.64102564103,-4.29546197885024e-18,-3.92225521371415e-15,-1.4020543624674e-17,-9.09948055222957e-17,-3.15427938889347e-15,-7.67975824820675e-16
347.582417582418,3475.82417582418,-2.66918463070282e-18,-2.43727528859238e-15,-1.19324104646755e-17,-7.74426012793495e-17,-2.42579186626258e-15,-1.14834223297989e-17
347.600732600733,3476.00732600733,-2.45093044551464e-18,-2.23798389223402e-15,-2.85105697892576e-20,-1.8503660219977e-19,-2.29173215035887e-15,5.3748258124848e-17
347.619047619048,3476.19047619048,-2.98870980204953e-19,-2.72903884636528e-16,-1.74736068281442e-17,-1.13405549575258e-16,8.71738239995086e-16,-1.14464212463161e-15
347.637362637363,3476.37362637363,3.5488602026072e-18,3.24052115952952e-15,-2.09981288805876e-17,-1.36280069087949e-16,3.74775255710893e-15,-5.07231397579408e-16
347.655677655678,3476.55677655678,4.56441311866562e-18,4.16783881230477e-15,-9.90537176834477e-18,-6.42869065433636e-17,2.84326883153552e-15,1.32456998076926e-15
347.673992673993,3476.73992673993,2.61149772855396e-18,2.38460045318924e-15,6.5128710232908e-18,4.22692192272196e-17,1.63055100452286e-15,7.5404944866638e-16
347.692307692308,3476.92307692308,-1.8025370459765e-20,-1.64592548166068e-17,-1.13481905472037e-18,-7.36509524534763e-18,2.020421064369e-16,-2.18501361253507e-16
347.710622710623,3477.10622710623,-2.25195164125738e-18,-2.05629315529832e-15,-1.38401987753768e-18,-8.9824348446732e-18,-1.97557743032838e-15,-8.07157249699403e-17
347.728937728938,3477.28937728938,-7.02629151567359e-18,-6.41581945460565e-15,1.39065858425503e-18,9.02552075081464e-18,-4.88211066015861e-15,-1.53370879444704e-15
347.747252747253,3477.47252747253,-4.76787085890139e-18,-4.35361933750543e-15,-2.10222066364609e-17,-1.36436336260731e-16,-3.4184778405242e-15,-9.35141496981224e-16
347.765567765568,3477.65567765568,3.4869007591355e-18,3.18394499813122e-15,-3.90505632841502e-18,-2.53442270620941e-17,2.70043259245399e-15,4.83512405677231e-16
347.783882783883,3477.83882783883,3.84612622602034e-18,3.5119595323828e-15,6.44925022324536e-18,4.18563135309583e-17,3.72217303257626e-15,-2.10213500193459e-16
347.802197802198,3478.02197802198,-1.088286631586e-18,-9.9373197476099e-16,-8.65719050189732e-18,-5.61860785984986e-17,-1.78281724091169e-15,7.89085266150702e-16
347.820512820513,3478.20512820513,4.49879835127067e-18,4.1079249160164e-15,-1.31011216154045e-17,-8.50276597991323e-17,2.43511132131306e-15,1.67281359470334e-15
347.838827838828,3478.38827838828,4.31163235195159e-19,3.93702064069657e-16,2.11149568469826e-17,1.3703829490046e-16,1.31418415854757e-15,-9.20482094477911e-16
347.857142857143,3478.57142857143,-4.62301577560273e-19,-4.22134983808985e-16,-2.59594325217612e-17,-1.68479452510654e-16,4.63385149289702e-17,-4.68473498737956e-16
347.875457875458,3478.75457875458,2.49368832339863e-18,2.27702679618327e-15,-1.12942342518735e-17,-7.33007704112027e-17,1.17656151779404e-15,1.10046527838923e-15
347.893772893773,3478.93772893773,-6.24253473828629e-19,-5.70015857306899e-16,8.21931468376325e-18,5.33442183981632e-17,-5.73722582586818e-16,3.70672527991932e-18
347.912087912088,3479.12087912088,-2.8116418308229e-18,-2.56735524242581e-15,-1.66917148350502e-17,-1.08330988149137e-16,-1.65271705084001e-15,-9.14638191585805e-16
347.930402930403,3479.30402930403,5.32831976507167e-18,4.8653742209313e-15,8.18541400255156e-19,5.31241994048553e-18,3.92787259392032e-15,9.37501627010981e-16
347.948717948718,3479.48717948718,3.04427671478645e-18,2.77977788544082e-15,-3.98351691744496e-18,-2.585344455259e-17,1.61621028822158e-15,1.16356759721924e-15
347.967032967033,3479.67032967033,-1.53833345088136e-18,-1.40467694228441e-15,1.50565263326856e-17,9.77184424627407e-17,-1.00949191421952e-15,-3.9518502806489e-16
347.985347985348,3479.85347985348,-5.89809317277338e-18,-5.38564345623062e-15,-8.05197220223781e-18,-5.22581480595476e-17,-3.55974378826203e-15,-1.82589966796859e-15
348.003663003663,3480.03663003663,-3.87762534800162e-18,-3.54072188577501e-15,-1.05155268221521e-17,-6.82468771369382e-17,-3.15203868485517e-15,-3.88683200919837e-16
348.021978021978,3480.21978021978,-1.47218399940829e-18,-1.34427481739026e-15,-1.52717964902988e-17,-9.91155684694881e-17,-1.99110368734848e-15,6.4682886995822e-16
348.040293040293,3480.40293040293,5.62127747548936e-19,5.13287860410154e-16,5.70009585971451e-18,3.69942227703902e-17,2.68504259727171e-16,2.44783600682983e-16
348.058608058608,3480.58608058608,4.21181560018034e-19,3.84587636402075e-16,-1.30324865437901e-18,-8.45822109520159e-18,3.82838113756317e-16,1.74952264575784e-18
348.076923076923,3480.76923076923,1.43639106227974e-18,1.31159171253266e-15,8.79899784409305e-19,5.71064231921294e-18,1.43333282542885e-15,-1.21741112896188e-16
348.095238095238,3480.95238095238,1.64743763605854e-18,1.50430172333387e-15,-1.90551325568845e-17,-1.23669818206181e-16,1.81081656333962e-15,-3.06514840005754e-16
348.113553113553,3481.13553113553,1.54334398722841e-18,1.40925214337046e-15,-1.61171229663972e-17,-1.04601826374641e-16,1.03749399988592e-15,3.7175814348454e-16
348.131868131868,3481.31868131868,-4.24356576804556e-18,-3.87486795143529e-15,4.67935231960135e-18,3.03694896354155e-17,-3.39499732103125e-15,-4.79870630404036e-16
348.150183150183,3481.50183150183,-1.79387403021067e-18,-1.63801514304721e-15,-1.90720172982702e-17,-1.23779401956984e-16,-9.80829669220559e-16,-6.5718547382665e-16
348.168498168498,3481.68498168498,3.17834772483941e-18,2.90220027464537e-15,-8.63653921912276e-19,-5.60520495971872e-18,1.96330344112026e-15,9.38896833525106e-16
348.186813186813,3481.86813186813,-3.25889549089927e-19,-2.97574973147605e-16,3.35096627616551e-18,2.17481242364125e-17,-7.98867494537947e-16,5.01292521390342e-16
348.205128205128,3482.05128205128,1.20849922650814e-18,1.10350002287992e-15,-1.27109688143627e-17,-8.24955270084822e-17,1.65418526749699e-15,-5.50685244617064e-16
348.223443223443,3482.23443223443,2.44560909394366e-20,2.23312488078287e-17,4.83759329941018e-19,3.13964902688304e-18,2.27508340159908e-17,-4.19585208162125e-19
348.241758241758,3482.41758241758,-4.57895806458751e-18,-4.18112003566473e-15,-5.4843145688584e-18,-3.55937794550363e-17,-3.35469343331681e-15,-8.26426602347926e-16
348.260073260073,3482.60073260073,3.94137314094488e-19,3.59893101775327e-16,3.12056506314902e-18,2.02527960856809e-17,1.2723869604244e-15,-9.12493858649075e-16
348.278388278388,3482.78388278388,3.88610846031863e-18,3.54846795166449e-15,1.00082926864072e-17,6.49548741467583e-17,2.48098976411247e-15,1.06747818755202e-15
348.296703296703,3482.96703296703,-2.01267374937814e-18,-1.83780467523007e-15,-1.6399242060231e-18,-1.06432809021588e-17,-1.88223494708523e-15,4.44302718551521e-17
348.315018315018,3483.15018315018,-7.17394273499197e-19,-6.55064215065888e-16,-1.9776971262524e-17,-1.28354627468679e-16,-1.48507311071682e-16,-5.06556903994207e-16
348.333333333333,3483.33333333333,2.2496387713156e-18,2.05418123666594e-15,4.33210333195822e-19,2.81158071146612e-18,1.90627810664536e-15,1.4790313002058e-16
348.351648351648,3483.51648351648,-3.03073604401587e-18,-2.76741368182579e-15,3.80354897891207e-18,2.46854336676034e-17,-3.18234989347121e-15,4.1493621164542e-16
348.369963369963,3483.69963369963,9.12205006173052e-19,8.32949019000767e-16,-1.46789873846349e-17,-9.52681749071721e-17,-8.96856176424399e-17,9.22634636643207e-16
348.388278388278,3483.88278388278,6.10591023828408e-18,5.57540455124474e-15,4.57108913461078e-18,2.96668501567219e-17,4.54227438297721e-15,1.03313016826752e-15
348.406593406593,3484.06593406593,-1.62486512087928e-19,-1.48369039775715e-16,4.74792471257409e-18,3.08145316915432e-17,-7.04508839004657e-16,5.56139799228942e-16
348.424908424908,3484.24908424908,9.04910496414983e-19,8.26288285167958e-16,-1.69050391168167e-17,-1.09715485216594e-16,7.4139545714982e-17,7.52148739452976e-16
348.443223443223,3484.43223443223,-1.25924075467035e-18,-1.14983292592177e-15,1.06527778203345e-17,6.91376505778032e-17,1.56965606835738e-16,-1.30679853275751e-15
348.461538461538,3484.61538461538,-3.28827193973378e-18,-3.00257383797936e-15,-6.97679330743457e-18,-4.52801237365733e-17,-1.77292961292616e-15,-1.2296442250532e-15
348.479853479853,3484.79853479854,5.02034114449419e-19,4.58415400382305e-16,-4.37285239835712e-18,-2.83802728494746e-17,4.10059734677588e-16,4.83556657047165e-17
348.498168498169,3484.98168498169,8.41472720244876e-19,7.68362234476611e-16,-7.20243037571349e-18,-4.6744532085942e-17,5.84928223615222e-16,1.83434010861389e-16
348.516483516484,3485.16483516484,3.26156139132276e-19,2.97818400790238e-16,-4.29108967642788e-18,-2.78496241685039e-17,1.30520815387128e-16,1.6729758540311e-16
348.534798534799,3485.34798534799,1.00306287419096e-19,9.15912795259258e-17,5.15455779637552e-18,3.34536232538935e-17,-5.27513396477309e-16,6.19104676003234e-16
348.553113553114,3485.53113553114,-3.97367338595997e-20,-3.62842488943424e-17,-5.69563247941977e-18,-3.69652549619539e-17,3.94440488487605e-17,-7.57282977431029e-17
348.571428571429,3485.71428571429,-3.52030255117264e-18,-3.21444471006211e-15,1.96873985446861e-17,1.27773291091293e-16,-1.3250301771477e-15,-1.88941453291442e-15
348.589743589744,3485.89743589744,-4.65700955561941e-18,-4.25239010373783e-15,-8.68719237041147e-18,-5.63807938865667e-17,-1.76302273726458e-15,-2.48936736647325e-15
348.608058608059,3486.08058608059,2.99815817538628e-18,2.73766630757053e-15,-1.18640558992514e-17,-7.69989729469658e-17,2.89400025663653e-15,-1.56333949066007e-16
348.626373626374,3486.26373626374,2.97463998306385e-18,2.71619146902977e-15,1.79668954709996e-18,1.16607044847096e-17,1.2428908840142e-15,1.47330058501557e-15
348.644688644689,3486.44688644689,-5.60893339901132e-19,-5.12160702992329e-16,-2.05946418717004e-18,-1.33661395883305e-17,-2.11021456880494e-15,1.59805386581261e-15
348.663003663004,3486.63003663004,-8.25256942180847e-19,-7.53555347494667e-16,-7.788895563561e-18,-5.05507529531462e-17,-6.2374350194051e-16,-1.29811845554158e-16
348.681318681319,3486.81318681319,-1.38506842077373e-18,-1.26472818557801e-15,5.44346678503492e-18,3.53286730337352e-17,-4.83250686348147e-16,-7.81477499229865e-16
348.699633699634,3486.99633699634,-1.2335464351915e-18,-1.12637103077872e-15,-6.95243543343102e-19,-4.51220385676081e-18,-1.99811286007303e-15,8.71741829294304e-16
348.717948717949,3487.17948717949,4.38224487322386e-19,4.00149806619291e-16,-1.05174493123342e-17,-6.82593543008002e-17,2.04431114479712e-16,1.95718692139579e-16
348.736263736264,3487.36263736264,3.71466594033481e-18,3.39192103746301e-15,-5.96267350354859e-18,-3.86983793476813e-17,3.90359901320847e-15,-5.11677975745467e-16
348.754578754579,3487.54578754579,5.18916560839268e-18,4.73831032903061e-15,-4.09446860137653e-18,-2.6573532672708e-17,4.66733546627817e-15,7.09748627524443e-17
348.772893772894,3487.72893772894,1.66963318445793e-18,1.52456883449895e-15,-3.55461939898689e-19,-2.30698544632296e-18,7.06069913617199e-16,8.1849892088175e-16
348.791208791209,3487.91208791209,-1.17194790617198e-18,-1.07012442615423e-15,7.08421039109727e-19,4.5977271928492e-18,-1.74009980602631e-15,6.69975379872078e-16
348.809523809524,3488.09523809524,-3.14506066436504e-18,-2.87180532594423e-15,4.68421854301213e-19,3.0401071938124e-18,-2.35244865500237e-15,-5.19356670941859e-16
348.827838827839,3488.27838827839,-3.95715113720374e-18,-3.61333815914877e-15,-1.51792800219447e-17,-9.85151268410565e-17,-2.63916052836554e-15,-9.74177630783234e-16
348.846153846154,3488.46153846154,-4.07107556438312e-18,-3.71736438046649e-15,6.50766939751766e-18,4.22354601278367e-17,-2.95161409682524e-15,-7.65750283641251e-16
348.864468864469,3488.64468864469,-1.7637082284595e-18,-1.61047026573786e-15,-5.08156396376776e-18,-3.29798855886306e-17,-7.88493516967545e-16,-8.21976748770314e-16
348.882783882784,3488.82783882784,1.27280494578881e-18,1.16221860634362e-15,-1.12186679899503e-17,-7.28103374086156e-17,5.08011169080092e-16,6.54207437263523e-16
348.901098901099,3489.01098901099,4.66436308866515e-18,4.25910473268109e-15,-6.07019751093259e-18,-3.93962214858183e-17,3.00555259782045e-15,1.25355213486064e-15
348.919413919414,3489.19413919414,2.90179052369574e-18,2.64967145948721e-15,3.43777409708568e-18,2.23115161414556e-17,2.57742364496352e-15,7.22478145236947e-17
348.937728937729,3489.37728937729,1.96427680474382e-18,1.79361264900462e-15,-2.49878915304303e-17,-1.62174049101936e-16,9.54794787961816e-16,8.38817861042806e-16
348.956043956044,3489.56043956044,4.70505020171034e-19,4.29625678804981e-16,1.73206139196971e-17,1.12412609477991e-16,-1.89208986992452e-16,6.18834665797433e-16
348.974358974359,3489.74358974359,-2.84240788704056e-18,-2.59544822171402e-15,1.11466323676698e-17,7.23428186293472e-17,-1.42880457026193e-15,-1.1666436514521e-15
348.992673992674,3489.92673992674,1.43701251915141e-18,1.31215917476769e-15,-1.09959766751647e-17,-7.13650473098241e-17,7.3535754244304e-16,5.7680163232465e-16
349.010989010989,3490.10989010989,7.4666764996044e-19,6.81794204532321e-16,1.59600935658166e-17,1.03582689018087e-16,9.31755577530185e-16,-2.49961372997865e-16
349.029304029304,3490.29304029304,-4.87480372679894e-18,-4.45126145392822e-15,-1.10958260060504e-17,-7.20130799887769e-17,-1.85753811619385e-15,-2.59372333773437e-15
349.047619047619,3490.47619047619,2.49896448869365e-18,2.28184454732126e-15,-2.15217042561596e-17,-1.39678128446545e-16,9.86857231735006e-16,1.29498731558625e-15
349.065934065934,3490.65934065934,2.99601676483217e-18,2.73571095125451e-15,1.12131066493089e-17,7.27742437218336e-17,5.01847815491409e-16,2.2338631357631e-15
349.084249084249,3490.84249084249,-2.04414819740966e-18,-1.8665444984431e-15,-4.64943287290491e-18,-3.01753092736294e-17,-7.10477692470845e-16,-1.15606680597226e-15
349.102564102564,3491.02564102564,-1.30652358110933e-18,-1.19300763295738e-15,2.34128742303912e-18,1.51952020859102e-17,-1.68287096012189e-16,-1.02472053694519e-15
349.120879120879,3491.20879120879,-6.5664716881432e-19,-5.99595059654559e-16,-1.80083650206963e-18,-1.16876186594432e-17,-1.03202077866799e-15,4.32425719013426e-16
349.139194139194,3491.39194139194,-3.30178727465345e-18,-3.01491490702264e-15,6.93208575948007e-18,4.49899670393437e-17,-2.14684391638658e-15,-8.68070990636058e-16
349.157509157509,3491.57509157509,-1.50017601433453e-18,-1.36983477509153e-15,-1.98868700079013e-17,-1.29067881906628e-16,-9.77643259199667e-16,-3.92191515891858e-16
349.175824175824,3491.75824175824,1.95439780361624e-18,1.78459197465814e-15,-8.28831730006311e-18,-5.37920526490183e-17,5.95396518293253e-16,1.18919545636488e-15
349.194139194139,3491.94139194139,2.50129564736435e-18,2.28397316568528e-15,-5.27089503677838e-18,-3.42086642030069e-17,6.32167515600649e-16,1.65180565008463e-15
349.212454212454,3492.12454212454,1.97831295510253e-18,1.80642928297694e-15,-1.54888232113127e-17,-1.00524094757801e-16,9.57092361868156e-16,8.49336921108784e-16
349.230769230769,3492.30769230769,5.15824054238819e-18,4.7100721553562e-15,-2.29451195407041e-18,-1.48916243633937e-17,4.58213654922672e-15,1.27935606129479e-16
349.249084249084,3492.49084249084,2.702724777211e-18,2.4679013342094e-15,-2.92763705633759e-18,-1.90006729919147e-17,3.0587967886806e-15,-5.90895454471197e-16
349.267399267399,3492.67399267399,-5.92928023813055e-18,-5.4141208657153e-15,3.29480189601744e-18,2.13836114909966e-17,-4.56710211701329e-15,-8.47018748702016e-16
349.285714285714,3492.85714285714,-4.98129440318211e-18,-4.54849979818838e-15,2.06919384117082e-18,1.34292860680463e-17,-4.25321002818602e-15,-2.95289770002359e-16
349.304029304029,3493.04029304029,2.3521887181596e-18,2.14782123759144e-15,3.91299532546031e-18,2.53957519894805e-17,2.02001169708316e-15,1.27809540508284e-16
349.322344322344,3493.22344322344,-7.26678161238383e-19,-6.63541481834364e-16,2.57434430430103e-18,1.67077658033925e-17,3.45263286129778e-16,-1.00880476796414e-15
349.340659340659,3493.40659340659,-3.65122344134378e-18,-3.33399067428814e-15,-2.60434403551488e-18,-1.69024672201565e-17,-2.21841012325552e-15,-1.11558055103262e-15
349.358974358974,3493.58974358974,1.7988659244261e-18,1.64257332170394e-15,-8.71852178916177e-18,-5.65841251155565e-17,1.92234053629087e-15,-2.79767214586929e-16
349.377289377289,3493.77289377289,4.94293320501518e-18,4.51347157299271e-15,-7.85621572142472e-18,-5.09876678714635e-17,3.07588592670583e-15,1.43758564628689e-15
349.395604395604,3493.95604395604,2.89647391041119e-19,2.64481677464136e-16,8.70527043747331e-18,5.6498122446753e-17,-1.48058898924616e-15,1.7450706667103e-15
349.413919413919,3494.13919413919,-1.80013968276564e-18,-1.6437364108694e-15,-1.49152703935733e-17,-9.68016765332245e-17,-1.89037881742948e-15,2.46642406560078e-16
349.432234432234,3494.32234432234,4.5494741316599e-19,4.15419778371244e-16,-9.40981701268971e-18,-6.10707039606674e-17,1.1644482022384e-15,-7.4902842386716e-16
349.450549450549,3494.50549450549,-2.03705632088555e-18,-1.86006879226558e-15,8.85303203290362e-18,5.74571107712986e-17,-1.08883724214922e-15,-7.71231550116362e-16
349.468864468864,3494.68864468864,1.28391586695858e-18,1.17236416663535e-15,-1.05581855431652e-17,-6.85237367314259e-17,1.73827450355981e-15,-5.65910336924455e-16
349.48717948718,3494.87179487179,2.72436241135984e-18,2.48765900492576e-15,-7.29451659673922e-18,-4.73421813638754e-17,1.8470127431386e-15,6.40646261787153e-16
349.505494505495,3495.05494505495,-2.68360090986878e-18,-2.45043902427424e-15,1.67288186513242e-18,1.08571795826525e-17,-2.94987599000831e-15,4.99436965734076e-16
349.52380952381,3495.2380952381,3.31856385579745e-19,3.03023387228978e-16,-1.34679236637775e-17,-8.74082437444042e-17,5.13678749349936e-16,-2.10655362120959e-16
349.542124542125,3495.42124542125,3.39246780143159e-19,3.0977167501513e-16,2.79946497991166e-18,1.81688227099298e-17,8.03985565983124e-16,-4.94213890967995e-16
349.56043956044,3495.6043956044,-2.55474441896543e-18,-2.33277809612376e-15,-7.75930280902689e-18,-5.03586928579184e-17,-2.99163086468195e-15,6.58852768558184e-16
349.578754578755,3495.78754578755,6.56550070159295e-19,5.99506397315609e-16,-1.42749276572866e-17,-9.26457846993671e-17,-3.86747539529189e-16,9.86253936844798e-16
349.59706959707,3495.9706959707,6.62456309227601e-19,6.04899478919676e-16,1.59118134135583e-17,1.03269345742467e-16,1.53340284161332e-15,-9.28503362693644e-16
349.615384615385,3496.15384615385,-1.87707189739193e-18,-1.71398444970813e-15,-7.9014417993478e-18,-5.12811898828287e-17,-6.14782490467445e-16,-1.09920195924068e-15
349.6336996337,3496.336996337,-6.42457029156736e-19,-5.86637815584112e-16,8.95689223023898e-18,5.81311743961502e-17,-1.07780787699553e-15,4.91170061411415e-16
349.652014652015,3496.52014652015,-2.16172724285001e-19,-1.97390781029935e-16,1.08243134580077e-18,7.02509349416671e-18,3.41420040617182e-16,-5.38810821647117e-16
349.67032967033,3496.7032967033,1.35653091461638e-18,1.23867013108627e-15,-6.98300405514167e-18,-4.53204321436425e-17,1.92401592029716e-15,-6.8534578921089e-16
349.688644688645,3496.88644688645,-7.78925565474116e-19,-7.11249424466763e-16,-8.01146036656819e-18,-5.19952219771651e-17,-1.48298654978141e-16,-5.62950769488622e-16
349.70695970696,3497.0695970696,-1.98596553797844e-18,-1.81341697911561e-15,-3.66774922705245e-18,-2.38040789682966e-17,-6.56338354278674e-16,-1.15707862483693e-15
349.725274725275,3497.25274725275,3.27367178532094e-19,2.989242202861e-16,-7.12652187106755e-18,-4.62518778920212e-17,-2.06030599632444e-17,3.19527280249345e-16
349.74358974359,3497.4358974359,1.53355784851722e-18,1.40031626318549e-15,1.70640130305748e-18,1.10747242668572e-17,-2.60886232001567e-16,1.66120249518706e-15
349.761904761905,3497.61904761905,1.90830735028286e-18,1.74250604262581e-15,-5.40570649801667e-18,-3.50836047920413e-17,8.78391594537459e-16,8.64114448088351e-16
349.78021978022,3497.8021978022,8.76223004637611e-19,8.00093276401451e-16,1.92674110219934e-18,1.25047527813329e-17,5.15714285224608e-16,2.84378991176843e-16
349.798534798535,3497.98534798535,7.77184666053725e-19,7.09659781289428e-16,-1.47308226210489e-17,-9.56045910535759e-17,-7.66462696159094e-17,7.86306050905338e-16
349.81684981685,3498.1684981685,-2.06916072217503e-19,-1.8893838359002e-16,9.41006371036972e-18,6.10723050546062e-17,-1.56194732252886e-16,-3.27436513371344e-17
349.835164835165,3498.35164835165,-2.07246429983027e-18,-1.89240038563245e-15,-2.72445074944098e-18,-1.76819724496395e-17,-1.58804946029284e-15,-3.04350925339609e-16
349.85347985348,3498.5347985348,2.45460168350007e-18,2.24133615850947e-15,-6.20881172213672e-18,-4.02958423228412e-17,2.10581157613969e-15,1.35524582369778e-16
349.871794871795,3498.71794871795,4.75306151334183e-18,4.34009668659648e-15,-8.39011582996069e-18,-5.44527358349529e-17,3.97753389860073e-15,3.62562787995748e-16
349.89010989011,3498.9010989011,7.41043509054211e-19,6.76658711283694e-16,7.20973693446626e-18,4.67919524221674e-17,1.24633627021047e-15,-5.69677558926774e-16
349.908424908425,3499.08424908425,-1.05181777601059e-18,-9.60431677930726e-16,-1.88601045885033e-18,-1.22404066140547e-17,-5.67011395351735e-16,-3.93420282578991e-16
349.92673992674,3499.2673992674,-5.09284995160354e-18,-4.65036295832554e-15,-8.93608505606156e-18,-5.79961336432075e-17,-3.68976092884211e-15,-9.60602029483421e-16
349.945054945055,3499.45054945055,-7.32825089349859e-18,-6.69154340463372e-15,8.03481056815853e-18,5.21467672459862e-17,-5.23207851508935e-15,-1.45946488954437e-15
349.96336996337,3499.6336996337,-6.26804540576653e-19,-5.72345277262713e-16,-1.14688432037477e-17,-7.44340009080774e-17,-3.53558783669267e-16,-2.18786493593446e-16
349.981684981685,3499.81684981685,5.14306421013662e-18,4.69621440301388e-15,-8.82491312924661e-18,-5.72746161235684e-17,3.16732153152685e-15,1.52889287148703e-15
350,3500,2.0404783691687e-18,1.86319351942794e-15,5.43222605515088e-18,3.52557195123092e-17,5.66606504241954e-16,1.29658701518599e-15
